t,phi,dphi,A,B,R,gamma_eff
0.0,0.05,0.0,0.02,0.02,0.000552778636923601,1.1976023984007997
0.025006251562890724,0.05001551716744024,0.0012349537064875345,0.01980143987655481,0.020602366804678342,0.0005530358812435576,1.197554755565816
0.05001250312578145,0.05006146528396017,0.002434172700764351,0.019604870978259175,0.021191306922017115,0.0005537983131445046,1.1975098701957494
0.07501875468867217,0.0501369733492124,0.003599451135730502,0.019410273665352952,0.02176703431003789,0.000555053525154614,1.1974676512040494
0.1000250062515629,0.050241214292027096,0.004732508892182497,0.019217628524194185,0.022329759689085016,0.0005567910531789622,1.1974280100893857
0.12503125781445362,0.05037340315438318,0.0058349948453861895,0.01902691636402345,0.022879690595749805,0.000559002247683682,1.1973908608648165
0.15003750937734434,0.050532795355889,0.006908489989140115,0.018838118213971564,0.023417031435735435,0.0005616801617463474,1.1973561199889453
0.17504376094023508,0.05071868503492625,0.007954510424114209,0.018651215320290068,0.023941983535683838,0.0005648194541979512,1.1973237062989988
0.2000500125031258,0.05093040345881071,0.008974510224141079,0.018466189143780072,0.024454745194127124,0.0005684163062598113,1.1972935409457526
0.2250562640660165,0.051167317505107446,0.009969884176555432,0.018283021357410015,0.024955511731483852,0.0005724683504506056,1.197265547330259
0.25006251562890724,0.051428828221554417,0.010941970383019521,0.018101693844119728,0.025444475538848564,0.000576974610814962,1.197239651042344
0.27506876719179796,0.051714369437115534,0.011892052770125703,0.017922188694781134,0.025921826126065067,0.000581935453088378,1.197215779800777
0.30007501875468867,0.05202340642335113,0.01282136351146849,0.01774448820629681,0.026387750169354338,0.0005873525439897831,1.1971938633950303
0.3250812703175794,0.05235543464783491,0.013731085285654834,0.01756857487987945,0.026842431557248157,0.0005932288197121327,1.197173833628712
0.35008752188047015,0.052709978564084735,0.014622353470177214,0.017394431419458664,0.027286051435965276,0.0005995684620992425,1.1971556242645074
0.37509377344336087,0.05308659042930276,0.015496258287343427,0.017222040730192744,0.02771878825490828,0.0006063768818727611,1.197139170970519
0.4001000250062516,0.05348484923472587,0.01635384674845922,0.01705138591717309,0.028140817809725112,0.0006136607100567515,1.197124411268215
0.4251062765691423,0.05390435963349459,0.01719612460430052,0.016882450284211557,0.02855231328565797,0.0006214277952524827,1.1971112844816751
0.450112528132033,0.054344750914955525,0.01802405821399614,0.016715217332750238,0.028953445300720835,0.0006296872073806581,1.1970997316881415
0.4751187796949238,0.054805676086215345,0.018838576220833368,0.01654967076096033,0.029344381945911942,0.0006384492488867854,1.1970896956701014
0.5001250312578145,0.05528681089479738,0.019640571337521343,0.016385794462867174,0.02972528882780925,0.0006477254701920954,1.1970811208683554
0.5251312828207052,0.05578785299906702,0.02043090186466564,0.016223572527710395,0.03009632910759287,0.000657528693218834,1.1970739533365973
0.5501375343835959,0.05630852110003722,0.021210393281472978,0.0160629892393439,0.030457663541093825,0.0006678730394701349,1.1970681406970396
0.5751437859464866,0.05684855413707099,0.0219798397226217,0.01590402907581529,0.03080945051835212,0.0006787739646368363,1.197063632097188
0.6001500375093773,0.057407710552163184,0.02274000533111577,0.015746676709077263,0.031151846100372468,0.0006902482999770476,1.197060378167952
0.6251562890722681,0.057985767503793445,0.023491625706664583,0.015590917004792728,0.03148500405916266,0.0007023142981846808,1.1970583309824907
0.6501625406351588,0.05858252023911219,0.0242354090647872,0.015436735022363242,0.031809075911982905,0.0007149916881926122,1.197057444016598
0.6751687921980496,0.059197781344077036,0.024972037623560425,0.015284116014990674,0.03212421096108689,0.0007283017333479247,1.1970576721095725
0.7001750437609403,0.059831380195721616,0.025702168619234387,0.015133045430030015,0.03243055632625589,0.0007422673000266888,1.1970589714266786
0.725181295323831,0.06048316225993149,0.026426435610438642,0.014983508909342769,0.03272825698382502,0.0007569129294114907,1.197061299421958
0.7501875468867217,0.061152988607632214,0.027145449379358935,0.014835492289990199,0.03301745579782155,0.0007722649208817822,1.1970646148026205
0.7751937984496124,0.061840735261236957,0.027859799151366486,0.01468898160491916,0.03329829355828792,0.0007883514188630758,1.197068877493684
0.8002000500125032,0.062546292767347,0.02857005339476419,0.014543963084016082,0.03357090901101816,0.0008052025125152573,1.1970740486041858
0.8252063015753939,0.06326956558817232,0.029276760962508877,0.014400423155180388,0.03383543889539897,0.0008228503394269171,1.1970800903935193
0.8502125531382846,0.06401047172554065,0.029980451799524223,0.014258348445752522,0.03409201797264373,0.0008413292035897024,1.1970869662393708
0.8752188047011753,0.0647689421555962,0.030681638009374193,0.014117725784060658,0.03434077906334187,0.0008606756982070807,1.1970946406056293
0.900225056264066,0.06554492049413627,0.03138081448728694,0.013978542201214183,0.03458185307428358,0.0008809288442940266,1.1971030790119486
0.9252313078269567,0.06633836248196895,0.03207845989725011,0.013840784933250505,0.03481536903549878,0.0009021302356157501,1.1971122480031309
0.9502375593898476,0.06714923566990272,0.03277503727158243,0.013704441423273019,0.03504145412645579,0.0009243242004680075,1.1971221151201705
0.9752438109527383,0.06797751897666436,0.033470994855501326,0.013569499324326929,0.03526023371138348,0.0009475579727777905,1.1971326488711005
1.000250062515629,0.06882320235829087,0.03416676674121467,0.013435946501935164,0.035471831366855285,0.0009718818798129525,1.1971438187032577
1.0252563140785196,0.0696862864696477,0.034862773518034816,0.013303771037707563,0.03567636891299037,0.0009973495445189662,1.1971555949757093
1.0502625656414104,0.07056678228692284,0.03555942300290347,0.013172961232542869,0.03587396644506624,0.001024018102642077,1.1971679489324014
1.0752688172043012,0.07146471088036906,0.03625711067828866,0.013043505610758743,0.03606474235880427,0.0010519484416388614,1.197180852676266
1.1002750687671918,0.07238010300666423,0.03695622048782569,0.01291539292443462,0.03624881338627828,0.001081205452921341,1.197194279143074
1.1252813203300827,0.0733129989340477,0.0376571251753346,0.012788612157798019,0.03642629461763213,0.001111858311638625,1.197208202077016
1.1502875718929733,0.07426344808571003,0.03836018698517466,0.012663152533096632,0.036597299536829275,0.0011439807729277662,1.1972225960054634
1.175293823455864,0.07523150882066518,0.03906575809440659,0.012539003515383939,0.03676194004613577,0.0011776514965572416,1.1972374362154352
1.2003000750187547,0.07621724821036498,0.03977418105084367,0.01241615481949646,0.03692032649468881,0.0012129543977690282,1.1972526987298349
1.2253063265816455,0.07722074172935725,0.04048578939242679,0.012294596416466942,0.0370725677114423,0.0012499790234882235,1.1972683602840486
1.2503125781445361,0.07824207313608116,0.0412009078788547,0.012174318540517618,0.037218771025703756,0.0012888209663348693,1.1972843983038903
1.275318829707427,0.07928133416964023,0.041919853102156956,0.01205531169827879,0.03735904230370231,0.0013295823057580258,1.197300790882394
1.3003250812703175,0.08033862438936452,0.04264293381014936,0.01193756667593141,0.0374934859715084,0.0013723720911638648,1.1973175167586039
1.3253313328332084,0.08141405101437084,0.0433704512233416,0.01182107454982317,0.037622205042260576,0.001417306865457102,1.197334555295772
1.3503375843960992,0.08250772865656149,0.04410269958581094,0.011705826696920047,0.03774530115118525,0.001464511227955434,1.1973518864595423
1.3753438359589898,0.08361977924172297,0.044839966317480204,0.011591814804434716,0.037862874574282446,0.0015141184529230411,1.1973694907979728
1.4003500875218806,0.08475033179246749,0.04558253245811246,0.011479030884592857,0.03797502426381171,0.0015662711546802766,1.1973873494196827
1.4253563390847712,0.08589952225499563,0.04633067303102111,0.011367467285744623,0.038081847875951216,0.001621122011469578,1.1974054439738582
1.450362590647662,0.08706749342774305,0.04708465717452202,0.01125711670666394,0.03818344179240494,0.0016788345567050889,1.1974237566304036
1.4753688422105526,0.08825439473564059,0.0478447486186056,0.011147972215112335,0.03827990115972895,0.0017395840313200184,1.1974422700583622
1.5003750937734435,0.08946038212749849,0.048611205899699673,0.011040027260955048,0.03837131991198035,0.0018035583166814972,1.1974609674071677
1.525381345336334,0.09068561799568964,0.0493842825088213,0.010933275695857963,0.03845779079646558,0.0018709589510470526,1.197479832286607
1.550387596899225,0.09193027096981153,0.0501642273400713,0.010827711796552392,0.03853940541493903,0.0019420022291201655,1.1974988487453737
1.5753938484621155,0.09319451585557412,0.05095128481243031,0.01072333028096258,0.03861625424374023,0.00201692040781859,1.1975180012530877
1.6004001000250063,0.0944785335483327,0.05174569503062444,0.010620126334787617,0.038688426664126294,0.00209596301923487,1.1975372746796447
1.6254063515878971,0.09578251085607709,0.0525476941799062,0.010518095640458157,0.03875601100437218,0.0021793982967176495,1.1975566542736857
1.6504126031507877,0.09710664045717823,0.05335751460233652,0.010417234397647168,0.03881909456001683,0.0022675147393569905,1.1975761256448396
1.6754188547136786,0.09845112082072335,0.05417538494010716,0.010317539357958514,0.03887776362763745,0.0023606228179304245,1.1975956747422198
1.7004251062765692,0.09981615605243145,0.0550015304869399,0.010219007862355134,0.038932103549626056,0.002459056833167661,1.197615287832012
1.72543135783946,0.1012019558601071,0.05583617324489609,0.010121637866923909,0.03898219873585231,0.002563176955336144,1.1976349514796325
1.7504376094023506,0.10260873549121687,0.056679532021218344,0.01002542798670419,0.03902813269950889,0.0026733714532426456,1.1976546525271945
1.7754438609652414,0.10403671559359065,0.057531822750816995,0.009930377546768662,0.03906998810780042,0.0027900591273093966,1.1976743780688048
1.800450112528132,0.10548612218197018,0.05839325855270061,0.00983648661351431,0.03910784680567837,0.00291369198206759,1.1976941154325293
1.8254563640910229,0.10695718659697467,0.05926404976365844,0.009743756048868247,0.0391417898530844,0.0030447581539908564,1.197713852156595
1.8504626156539135,0.10845014537848066,0.060144404230301825,0.00965218758200779,0.0391718975844762,0.003183785113404891,1.1977335759606031
1.8754688672168043,0.10996524022795864,0.06103452738296975,0.009561783846601665,0.03919824963553193,0.0033313431844482766,1.1977532747271888
1.900475118779695,0.11150271798299673,0.061934622216811175,0.009472548449367882,0.03922092498399856,0.0034880494099214787,1.1977729364759349
1.9254813703425857,0.11306283051330121,0.06284488951755701,0.009384486064064662,0.039240002015594466,0.00365457178748535,1.1977925493303252
1.9504876219054765,0.11464583466855913,0.06376552797830339,0.009297602487788808,0.03925555856219961,0.0038316339292305823,1.1978121014956096
1.9754938734683671,0.11625199226177871,0.06469673415643427,0.009211904719720354,0.039267671944309246,0.004020020188547357,1.1978315812316038
2.000500125031258,0.11788156999792233,0.06563870258611675,0.00912740107690817,0.039276419039942716,0.004220581293483738,1.197850976815788
2.025506376594149,0.11953483940143007,0.06659162594587073,0.009044101297583644,0.03928187634806023,0.004434240546060786,1.1978702765101736
2.050512628157039,0.12121207679994761,0.06755569503489454,0.008962016621493991,0.03928412002956982,0.004662000655908327,1.197889468535321
2.07551887971993,0.12291356328717645,0.06853109875098382,0.008881159922443378,0.03928322597573741,0.0049049512669046,1.1979085410311023
2.100525131282821,0.12463958463662618,0.06951802427345008,0.008801545891995458,0.03927926990837013,0.005164277246499371,1.1979274820043246
2.1255313828457116,0.12639043127971744,0.07051665708592017,0.00872319111690236,0.03927232741903633,0.005441267836632402,1.197946279305228
2.1505376344086025,0.12816639828205548,0.07152718088618197,0.008646114249556984,0.039262474049584106,0.00573732675090427,1.1979649205804825
2.175543885971493,0.12996778527475117,0.07254977767934805,0.008570336236474546,0.03924978540447109,0.0060539833131204035,1.1979833932115649
2.2005501375343837,0.1317948964074424,0.07358462786221873,0.00849588048773602,0.03923433723317648,0.006392904761204243,1.1980016842693288
2.2255563890972745,0.1336480403296601,0.0746319101563679,0.008422773043648052,0.03921620550467788,0.006755909845921448,1.1980197804703254
2.2505626406601653,0.13552753014925073,0.07569180154882035,0.008351042831711156,0.03919546652416494,0.007144983856485154,1.1980376681104965
2.2755688922230557,0.1374336833608693,0.07676447740028103,0.00828072201841881,0.03917219709131903,0.007562295226076099,1.1980553329754158
2.3005751437859465,0.13936682182723753,0.07785011143720057,0.008211846149466615,0.039146474561237994,0.008010213907431618,1.198072760306006
2.3255813953488373,0.14132727174563514,0.07894887561411922,0.008144454489625946,0.03911837699088055,0.008491331697949411,1.198089934713947
2.350587646911728,0.1433153635837477,0.08006094014311133,0.008078590462014128,0.039087983325710174,0.009008484721191257,1.1981068400729051
2.3755938984746185,0.1453314320367003,0.08118647352859949,0.008014301975894164,0.039055373536347374,0.00956477831075464,1.1981234594394943
2.4006001500375094,0.14737581600062513,0.08232564246485588,0.00795164175399353,0.03902062875359217,0.010163614555935618,1.1981397749754497
2.4256064016004,0.14944885852080056,0.08347861173067087,0.00789066785438255,0.03898383148447988,0.010808722782764568,1.1981557678215222
2.450612653163291,0.15155090672424673,0.08464554422615145,0.007831444319080923,0.038945065869265966,0.011504193283583652,1.1981714179412843
2.475618904726182,0.15368231179595904,0.08582660092659494,0.0077740414776837205,0.03890441780194522,0.012254514656861226,1.1981867040533378
2.5006251562890722,0.15584342892708228,0.08702194070165838,0.007718536642840546,0.038861975211694114,0.013064615110245648,1.1982016034656755
2.525631407851963,0.1580346172431382,0.08823172030270286,0.007665014976451179,0.038817828395590136,0.013939908132994283,1.1982160918696405
2.550637659414854,0.16025623976528164,0.0894560943359265,0.007613570021446632,0.03877207022094418,0.01488634299757513,1.1982301432194664
2.5756439109777447,0.16250866336048334,0.0906952150824949,0.0075643045049175635,0.0387247964432782,0.015910460549517613,1.1982437295446935
2.600650162540635,0.164792258665513,0.09194923241107339,0.007517331478018415,0.038676106138451335,0.01701945478219513,1.1982568206809778
2.625656414103526,0.16710740003262597,0.09321829374787019,0.007472775191103083,0.03862610202462759,0.01822124075203796,1.198269384069285
2.6506626656664167,0.1694544654778752,0.09450254390359399,0.007430772061044431,0.03857489083884891,0.019524529388918188,1.1982813845326525
2.6756689172293076,0.17183383659699497,0.0958021249392214,0.00739147219131962,0.03852258390631098,0.02093890976015894,1.198292783918101
2.7006751687921984,0.17424589850149205,0.09711717611799463,0.0073550405928322245,0.03846929758096787,0.02247493939985301,1.1983035408153975
2.7256814203550888,0.17669103975759992,0.09844783371791878,0.007321658501608507,0.0384151537533061,0.024144243275028454,1.1983136102515919
2.7506876719179796,0.17916965229133497,0.09979423088580998,0.00729152540191794,0.0383602805961477,0.025959621911713804,1.198322943213748
2.7756939234808704,0.1816821313207614,0.1011564975628543,0.00726486055546277,0.03830481311526297,0.027935169210925426,1.19833148629521
2.8007001750437612,0.1842288752768296,0.10253476026568412,0.007241904970054358,0.03824889390426301,0.030086400328655893,1.1983391812319233
2.8257064266066516,0.18681028569979785,0.1039291419604244,0.007222923957629642,0.03819267407190134,0.03243038985820834,1.1983459642960963
2.8507126781695424,0.1894267671669752,0.10533976193529371,0.007208209077728644,0.038136313961984,0.03498592040780507,1.1983517658388971
2.8757189297324333,0.19207872718920702,0.10676673557596808,0.007198081065303907,0.038079984265928,0.037773641281396486,1.198356509588344
2.900725181295324,0.19476657610772521,0.10821017425975937,0.007192892753794715,0.03802386708123817,0.04081623665644446,1.1983601119475678
2.9257314328582145,0.19749072700519613,0.10967018515043177,0.007193031905246841,0.03796815700949302,0.04413860213293369,1.198362481307062
2.9507376844211053,0.20025159558026157,0.11114687102855898,0.007198925137283403,0.037913062629749465,0.04776802778044731,1.1983635170830957
2.975743935983996,0.20304960005279515,0.11264033014276327,0.0072110410949469544,0.0378588077168202,0.051734385083939405,1.1983631089286106
3.000750187546887,0.20588516103671337,0.11415065599065008,0.0072298948925337845,0.03780563299221836,0.05607031394922629,1.1983611356178931
3.0257564391097778,0.20875870142343436,0.11567793719116956,0.007256052160525853,0.03775379769540474,0.060811404701414606,1.1983574640100345
3.050762690672668,0.21167064625976076,0.11722225726146045,0.007290133701789144,0.0377035815150898,0.06599636827466521,1.1983519478338553
3.075768942235559,0.21462142261121014,0.11878369448357029,0.007332820441442737,0.037655286602683455,0.07166718577772019,1.1983444263712173
3.10077519379845,0.21761145943883953,0.1203623216982107,0.007384858341200164,0.03760923973325358,0.07786922629278836,1.1983347231015853
3.1257814453613406,0.22064118744942088,0.12195820616305275,0.007447063969746483,0.037565794754638705,0.08465131884770694,1.1983226441350232
3.150787696924231,0.22371103896639852,0.12357140936724975,0.007520329635321401,0.037525335043408464,0.09206576148294587,1.1983079766801892
3.175793948487122,0.2268214477706358,0.1252019868901073,0.007605629190494264,0.037488276369564436,0.10016824660662033,1.1982904872641056
3.2008002000500126,0.22997284896365353,0.12684998823294866,0.0077040231259255295,0.037455069693292334,0.10901767829042885,1.198269920018384
3.2258064516129035,0.23316567880119357,0.12851545668927808,0.007816664019372074,0.03742620438895196,0.11867585309973033,1.1982459947484745
3.2508127031757943,0.23640037454835686,0.1301984291896413,0.007944801040129618,0.03740221138920738,0.12920697274340653,1.1982184050763112
3.2758189547386847,0.23967737430736782,0.13189893619005721,0.008089784192764517,0.037383666669364324,0.14067695367234384,1.1981868164550464
3.3008252063015755,0.242997116864785,0.133617001526098,0.008253067287686924,0.03737119467485854,0.15315249742533837,1.19815086426922
3.3258314578644663,0.24636004151471919,0.13535264231881425,0.008436209815051198,0.037365471906142055,0.16669988568632677,1.198110151934945
3.350837709427357,0.2497665878979652,0.13710586883399353,0.008640876969783199,0.03736723045584798,0.18138346775247244,1.1980642491394125
3.3758439609902475,0.2532171958225834,0.13887668439418976,0.008868837694456991,0.037377261449068486,0.19726381541341625,1.1980126902109693
3.4008502125531384,0.2567123050926928,0.1406650852362252,0.009121959888442084,0.037396418388402214,0.2143955333053863,1.1979549727680607
3.425856464116029,0.26025235532927515,0.14247106040612761,0.009402202994039896,0.037425620089400494,0.23282473180263608,1.1978905565752702
3.45086271567892,0.26383778578520284,0.14429459160044067,0.009711606308215248,0.03746585337075287,0.252586195818482,1.197818862930489
3.475868967241811,0.2674690351666715,0.1461356530094881,0.010052274510130426,0.03751817502206135,0.27370031638475656,1.1977392742454698
3.500875218804701,0.27114654143253764,0.14799421111721947,0.01042635754144266,0.037583713224860746,0.29616989137786237,1.1976511344338985
3.525881470367592,0.27487074161168473,0.14987022444845174,0.010836027804175669,0.0376636679787758,0.3199769458778621,1.1975537494655935
3.550887721930483,0.2786420715859477,0.15176364329042738,0.011283451578607186,0.0377593106150882,0.3450797658961955,1.1974463887972115
3.5758939734933737,0.2824609658944235,0.15367440929623474,0.011770757874849998,0.03787198201536513,0.37141037797872806,1.1973282870262545
3.600900225056264,0.2863278574983732,0.15560245508168813,0.012300003443189177,0.038003089703900164,0.3988727317308016,1.1971986461190098
3.625906476619155,0.29024317756035195,0.1575477036458495,0.012873135819427851,0.03815410328473928,0.42734184760683586,1.1970566379333891
3.6509127281820457,0.29420735518844876,0.15951006779827925,0.013491956386070678,0.0383265488542057,0.4566641682338173,1.196901406680196
3.6759189797449365,0.2982208171748341,0.16148944937477575,0.014158083082777436,0.038522001425036374,0.48665929590231033,1.196732071646502
3.700925231307827,0.3022839877152343,0.16348573846944583,0.014872918064737894,0.03874207678416659,0.5171232090186549,1.1965477290489703
3.7259314828707177,0.3063972880936849,0.16549881245943854,0.01563761805018392,0.0389884213092286,0.5478329324870916,1.1963474538496928
3.7509377344336086,0.3105611363679524,0.16752853504203283,0.016453073497364506,0.03926270180076381,0.578552502706994,1.1961303001426895
3.7759439859964994,0.3147759469942659,0.16957475513118617,0.017319894618502713,0.03956659384833929,0.6090399323271329,1.19589530086608
3.80095023755939,0.31904213046535806,0.17163730573451996,0.018238407660199504,0.03990177058497044,0.6390547655198863,1.1956414660099357
3.8259564891222806,0.3233600928770496,0.1737160028186576,0.019208661039416458,0.04026989122695183,0.6683657361898728,1.1953677795420377
3.8509627406851714,0.3277302355060049,0.17581064410832292,0.020230441103617026,0.04067259012252506,0.6967580176648349,1.1950731950540145
3.8759689922480622,0.3321529543259567,0.17792100801352184,0.021303297149862684,0.04111146699275186,0.7240395839992064,1.1947566300801236
3.900975243810953,0.336628639517465,0.18004685247228666,0.022426574357347337,0.04158807783686902,0.7500462903030025,1.1944169593476825
3.9259814953738434,0.3411576749454629,0.18218791400925705,0.023599451445393084,0.04210392793478342,0.774645405887288,1.1940530073842481
3.9509877469367343,0.3457404375996449,0.18434390673266257,0.024820984220714732,0.04266046580509884,0.7977374823720806,1.193663540102986
3.975993998499625,0.3503772970456042,0.18651452157470375,0.02609014730725802,0.04325907947358955,0.8192565871947679,1.1932472568537036
4.001000250062516,0.3550686148046155,0.18869942550729057,0.027405879606775135,0.04390109398790184,0.8391690609924427,1.1928027814260174
4.026006501625407,0.3598147437858896,0.19089826099177587,0.028767122411337224,0.04458777084971969,0.8574710540341918,1.1923286544771987
4.051012753188298,0.3646160276227921,0.1931106454151325,0.030172858928480453,0.045320308870776066,0.8741851516688176,1.1918233249847174
4.076019004751188,0.3694728000845962,0.1953361707647606,0.031622144005633235,0.04609984621333755,0.8893564169509984,1.191285143500887
4.101025256314078,0.37438538440207225,0.19757440323381048,0.03311413245723908,0.04692746383266337,0.903048160621416,1.1907123548301384
4.126031507876969,0.3793540926371077,0.19982488311556681,0.03464809913610587,0.04780418938056144,0.9153377087651553,1.1901030920311548
4.15103775943986,0.3843792250387165,0.20208712452816743,0.03622345446272775,0.048731002170165565,0.9263123825108803,1.1894553706103963
4.176044011002751,0.38946106936066327,0.20436061546891565,0.037839755102341555,0.0497088382201841,0.9360658441155914,1.1887670831653225
4.201050262565642,0.394599900248973,0.2066448176523548,0.03949670893494547,0.05073859576343998,0.9446949061522931,1.188035994700342
4.2260565141285324,0.3997959785346969,0.2089391666448649,0.04119417723285528,0.051821140695563685,0.9522968493675252,1.1872597379543717
4.251062765691423,0.4050495506359621,0.21124307180399132,0.042932172477683855,0.05295731192399358,0.958967254850627,1.186435809301611
4.276069017254314,0.4103608478453406,0.21355591645339578,0.04471085417037174,0.05414792661781399,0.9647983254143121,1.1855615646341948
4.301075268817205,0.41573008573957415,0.21587705789129574,0.04653052227861877,0.05539378497940871,0.96987765186399,1.184634215536185
4.326081520380095,0.42115746346990557,0.21820582759579518,0.04839160914708056,0.056695674855456714,0.9742873678399573,1.183650825538474
4.351087771942986,0.42664316317899675,0.22054153127570814,0.05029467067253787,0.05805437571354721,0.9781036329868581,1.1826083064357176
4.3760940235058765,0.4321873492967429,0.22288344910380314,0.05224037636200154,0.05947066237767468,0.9813963841864454,1.1815034148041097
4.401100275068767,0.43779016796627956,0.22523083579635625,0.05422949972355982,0.06094530811473926,0.9842292988932237,1.1803327484600104
4.426106526631658,0.44345174634589735,0.22758292087405596,0.056262907868297955,0.06247908741526743,0.9866599200929131,1.1790927432499203
4.451112778194549,0.44917219204632675,0.22993890876632314,0.05834155208282562,0.06407277817983023,0.9887398995651855,1.1777796697447986
4.47611902975744,0.45495159243949357,0.23229797909895758,0.06046645779235338,0.0657271635609729,0.9905153228707213,1.1763896304207389
4.501125281320331,0.4607900141083797,0.23465928682593032,0.06263871586505736,0.0674430332959726,0.9920270864663499,1.1749185567568763
4.526131532883221,0.4666875021648533,0.23702196253830096,0.06485947333145968,0.06922118467427764,0.9933113032618219,1.1733622070110685
4.551137784446111,0.4726440797111436,0.2393851126317792,0.06712992566969339,0.0710624230950792,0.9943997184919695,1.1717161639480083
4.576144036009002,0.478659747172118,0.24174781962213676,0.06945130840761327,0.07296756224352328,0.9953201221877612,1.169975833476813
4.601150287571893,0.48473448176307793,0.2441091423630021,0.07182489043355103,0.07493742396334399,0.9960967484483345,1.168136443287225
4.626156539134784,0.49086823684704134,0.24646811633897986,0.0742519664643092,0.07697283773158407,0.9967506546747701,1.1661930426563896
4.651162790697675,0.4970609413969501,0.2488237539546792,0.07673385128875226,0.07907463992835058,0.9973000764382556,1.164140502324421
4.6761690422605655,0.5033124993949193,0.2511750447612128,0.07927187303449991,0.08124367270935677,0.9977607554785805,1.1619735157943187
4.701175293823456,0.5096227892702346,0.2535209558387429,0.0818673681577722,0.08348078272575825,0.9981462397934863,1.159686600840857
4.726181545386347,0.5159916633603664,0.2558604319061007,0.08452167544734356,0.08578681951272765,0.9984681558145618,1.1572741026232503
4.751187796949237,0.5224189473077002,0.2581923957982118,0.08723613152344838,0.08816263367733478,0.998736453418476,1.154730197282059
4.776194048512128,0.5289044395898903,0.2605157484357273,0.09001206553392166,0.09060907492723538,0.9989596250523434,1.1520488971808027
4.801200300075019,0.5354479108775531,0.2628293693318361,0.0928507948989535,0.09312698973294155,0.999144900559894,1.1492240570928671
4.82620655163791,0.5420491036127074,0.26513211647301915,0.09575362071369908,0.0957172191030666,0.9992984195169641,1.146249381869485
4.8512128032008,0.5487077313562096,0.2674228266917657,0.09872182343398309,0.09838059572714557,0.9994253829407245,1.1431184357692086
4.876219054763691,0.5554234783660023,0.2697003155787865,0.10175665903206788,0.10111794157924581,0.9995301862766414,1.1398246528397211
4.901225306326582,0.562195998987878,0.2719633775035395,0.10485935445714328,0.10393006462418475,0.9996165354991519,1.1363613498411227
4.926231557889473,0.5690249171544539,0.2742107856620762,0.10803110431645876,0.10681775614169395,0.9996875480983514,1.1327217398778433
4.951237809452364,0.5759098258837679,0.2764412916101255,0.1112730663476837,0.1097817873047458,0.999745840610035,1.128898948990016
4.976244061015254,0.5828502866461742,0.278653625347795,0.11458635811090429,0.1128229059645779,0.9997936042295263,1.1248860338316484
5.0012503125781445,0.5898458289516575,0.28084649451243493,0.11797205288422698,0.115941833389104,0.9998326699272392,1.1206760018311694
5.026256564141035,0.596895949634963,0.2830185840695639,0.12143117583869656,0.11913926038437185,0.9998645643494141,1.1162618336525025
5.051262815703926,0.6040001124095596,0.2851685555486681,0.12496470069197935,0.12241584425636377,0.9998905576707107,1.1116365069001486
5.076269067266817,0.6111577471990755,0.28729504590176425,0.12857354529214965,0.1257722045672859,0.9999117044382948,1.1067930234865968
5.101275318829708,0.6183682494951607,0.289396666821704,0.13225856857872145,0.12920891980357,0.9999288783387801,1.1017244376581787
5.126281570392599,0.6256309798161251,0.2914720029633415,0.13602056635921292,0.13272652351352934,0.9999428017122466,1.0964238873641579
5.151287821955489,0.6329452628391666,0.2935196106330616,0.1398602676247348,0.13632550011286798,0.9999540705399528,1.0908846277161297
5.17629407351838,0.6403103868489413,0.29553801609216823,0.14377833127260223,0.1400062816696309,0.9999631755462942,1.0851000655609002
5.20130032508127,0.6477256028421907,0.29752571302021014,0.14777534167653447,0.14376924332112478,0.9999705199727335,1.079063798026643
5.226306576644161,0.6551901236916976,0.29948116073264097,0.1518518057135109,0.1476146997933577,0.9999764345117028,1.0727696511760707
5.251312828207052,0.6627031233784383,0.3014027811682879,0.15600814879076888,0.15154290158003578,0.9999811898231298,1.0662117215452558
5.276319079769943,0.6702637357953543,0.30328895572352044,0.16024471098593351,0.1555540304866934,0.9999850069990183,1.0593844199165479
5.3013253313328335,0.6778710539127131,0.30513802261608375,0.164561744218831,0.15964819657887308,0.9999880662919294,1.0522825146836379
5.326331582895724,0.6855241285758595,0.30694827258908786,0.1689594080815745,0.16382543394579055,0.9999905143776533,1.0449011786427314
5.351337834458615,0.6932219671371905,0.30871794505737876,0.17343776666921562,0.16808569682211325,0.999992470384228,1.0372360358397401
5.376344086021506,0.7009635324106583,0.3104452244020683,0.17799678565980664,0.1724288566425561,0.9999940308853503,1.0292832081951577
5.401350337584397,0.7087477409282903,0.3121282343228788,0.1826363284315324,0.17685469779278606,0.9999952740263456,1.0210393646559572
5.426356589147287,0.7165734615140318,0.3137650335354712,0.18735615363349736,0.1813629145751251,0.9999962629259134,1.012501768193694
5.4513628407101775,0.7244395137297803,0.31535361070522094,0.19215591217300626,0.1859531082034375,0.9999970484743843,1.0036683230404926
5.476369092273068,0.7323446656446647,0.3168918776738752,0.19703514407965841,0.19062478307745145,0.9999976716304464,0.9945376221373932
5.501375343835959,0.7402876322902724,0.31837766479551216,0.20199327667060485,0.19537734448202973,0.999998165302249,0.985108990968764
5.52638159539885,0.7482670734038523,0.31980871455016263,0.20702962179306333,0.20021009577351642,0.9999985558846614,0.9753825311954238
5.551387846961741,0.7562815908017986,0.32118267403572665,0.2121433736868829,0.2051222355123372,0.9999988645129266,0.9653591617896996
5.576394098524632,0.7643297265479035,0.3224970899555735,0.21733360764952023,0.21011285577599983,0.9999991080829378,0.9550406556915755
5.6014003500875225,0.7724099599377029,0.32374940135979174,0.2225992779957274,0.21518093994141801,0.9999993000797928,0.9444296746642247
5.626406601650413,0.7805207045532422,0.3249369318690254,0.22793921700873138,0.22032536082705284,0.9999994512493485,0.933529799311521
5.651412853213303,0.7886603059621915,0.32605688455851833,0.2333521341523028,0.22554487964387826,0.9999995701414384,0.9223455539594054
5.676419104776194,0.7968270379290517,0.32710633429673625,0.23883661514222243,0.23083814469956726,0.9999996635483807,0.9108824274479206
5.701425356339085,0.8050190993513204,0.3280822206370999,0.24439112200732968,0.23620369065337246,0.9999997368583202,0.8991468873815395
5.726431607901976,0.813234611192605,0.32898134285134967,0.25001399298447,0.2416399381963879,0.999999794339388,0.8871463887226669
5.7514378594648665,0.8214716120909433,0.3298003526382649,0.25570344306863957,0.24714519398484014,0.9999998393677945,0.8748893756856675
5.776444111027757,0.8297280553883246,0.3305357487667582,0.26145756499947487,0.2527176509307042,0.9999998746106057,0.8623852767134704
5.801450362590648,0.8380018049046317,0.33118387263024984,0.267274330224269,0.25835538889321585,0.9999999021719259,0.8496444927264462
5.826456614153539,0.8462906305967741,0.33174090273019946,0.27315159102494374,0.26405637596242526,0.9999999237096204,0.8366783769413423
5.851462865716429,0.8545922053049488,0.3322028516005152,0.27908708225015505,0.2698184696791091,0.9999999405283565,0.8234992085828484
5.87646911727932,0.8629040996518623,0.3325655631201614,0.2850784239027395,0.2756394191393365,0.9999999536536379,0.8101201580266961
5.901475368842211,0.871223778323417,0.33282470996382224,0.2911231244002905,0.281516867349431,0.9999999638906277,0.7965552443323569
5.926481620405101,0.8795485958209445,0.33297579356809676,0.2972185833433131,0.28744835362396054,0.999999971870807,0.7828192868732031
5.951487871967992,0.887875791611243,0.3330141446110695,0.3033620959954184,0.29343131723064503,0.9999999780889283,0.7689278474549515
5.976494123530883,0.8962024867842172,0.3329349244006125,0.30955085694013285,0.2994631003831214,0.9999999829322415,0.7548971683020281
6.001500375093774,0.9045256789102103,0.33273312926558146,0.31578196485447935,0.305540952475195,0.9999999867035716,0.740744101980709
6.026506626656665,0.9128422387050956,0.33240359490364624,0.32205242777261917,0.3116620344037995,0.999999989639519,0.7264860358192664
6.0515128782195555,0.921148905720671,0.3319410034426784,0.3283591678531877,0.3178234228917977,0.9999999919247917,0.712140812662308
6.0765191297824455,0.929442284582971,0.33133989281568377,0.3346990279408335,0.3240221161321683,0.9999999937034787,0.6977266445045395
6.101525381345336,0.937718841914666,0.3305946660384462,0.34106877678749803,0.3302550384161046,0.9999999950879048,0.6832620260338171
6.126531632908227,0.9459749024470583,0.32969960579389745,0.34746511616878345,0.3365190465268599,0.9999999961655778,0.6687656419736204
6.151537884471118,0.9542066470223745,0.3286488874363492,0.35388468715133287,0.3428109352093209,0.999999997004634,0.6542562753166025
6.176544136034009,0.9624101092107663,0.3274365975323892,0.36032407718371057,0.349127443721189,0.9999999976581,0.6397527130860007
6.2015503875969,0.9705811742397802,0.32605675215014107,0.3667798274647947,0.3554652622998892,0.9999999981672261,0.6252736524906194
6.22655663915979,0.9787155766301925,0.3245033186841389,0.37324844000640356,0.3618210387581326,0.9999999985640904,0.6108376087501043
6.251562890722681,0.9868089000539992,0.32277023994844084,0.3797263857522747,0.3681913857254458,0.9999999988736314,0.596462823344579
6.276569142285572,0.9948565763524805,0.3208514590632806,0.3862101116882431,0.37457288729216903,0.9999999991152334,0.5821671772356927
6.301575393848462,1.0028538864911323,0.3187409492492219,0.39269604940168096,0.38096210677707526,0.9999999993039618,0.5679681051619326
6.326581645411353,1.0107959611528785,0.31643274194042775,0.3991806222821099,0.38735559345029413,0.9999999994515247,0.5538825172794648
6.351587896974244,1.0186777830820186,0.31392096146920123,0.4056602542046051,0.3937498905279414,0.9999999995670217,0.5399267230813916
6.3765941485371345,1.0264941893611905,0.3111998566071249,0.41213137680616097,0.40014154197887203,0.9999999996575261,0.5261163640551433
6.401600400100025,1.0342398754427569,0.3082638391576769,0.4185904380625478,0.4065271005099144,0.9999999997285373,0.5124663500112832
6.426606651662916,1.0419093991873065,0.3051075187673757,0.42503390953469217,0.412903134382868,0.9999999997843322,0.49899080485961544
6.451612903225807,1.0494971868518441,0.3017257444127383,0.4314582946777894,0.41926623521584017,0.9999999998282387,0.4857030172328384
6.476619154788698,1.0569975389421997,0.2981136419965306,0.4378601359147531,0.42561302469933937,0.9999999998628473,0.47261540077902514
6.501625406351589,1.0644046383662316,0.2942666575572616,0.44423602253560174,0.43194016205939795,0.9999999998901756,0.4597394601030711
6.5266316579144785,1.071712558152694,0.2901805970119055,0.45058259746962714,0.43824435056960187,0.9999999999117967,0.44708576613009027
6.551637909477369,1.0789152718562378,0.2858516696381032,0.45689656462357847,0.44452234451714473,0.9999999999289373,0.4346639375840954
6.57664416104026,1.0860066632466308,0.28127652924298036,0.46317469525827465,0.4507709554307331,0.9999999999425554,0.4224826311345696
6.601650412603151,1.092980538866141,0.27645231631270134,0.46941383461471137,0.45698705840118936,0.9999999999533997,0.41054953786641685
6.626656664166042,1.0998306398754791,0.27137669956357874,0.4756109078125675,0.463167597938541,0.9999999999620564,0.3988713872272311
6.651662915728933,1.106550656448808,0.2660479154254372,0.48176292565010603,0.4693095935549526,0.999999999968984,0.3874539572146893
6.6766691672918235,1.1131342420371184,0.260464808266655,0.4878669899325368,0.4754101451268061,0.9999999999745429,0.376302090632528
6.701675418854714,1.1195750291210071,0.254626866379857,0.49392029837729284,0.4814664377136838,0.9999999999790158,0.3654197171363796
6.726681670417605,1.12586664605065,0.24853425864125608,0.4999201492762579,0.48747574628423224,0.9999999999826252,0.35480987992880847
6.751687921980495,1.1320027339014294,0.24218786659851363,0.5058639455088704,0.4934354398066766,0.9999999999855465,0.3444747673842317
6.776694173543386,1.1379769653878697,0.23558931498585506,0.5117491983847738,0.4993429851657562,0.9999999999879181,0.33441574816211994
6.801700425106277,1.1437830631703143,0.22874099931960795,0.5175735308465642,0.5051959505885757,0.9999999999898495,0.3246334099141738
6.8267066766691675,1.1494148197728464,0.22164610888559158,0.5233346803703965,0.5109920086738058,0.9999999999914273,0.31512760061519535
6.851712928232058,1.1548661177314545,0.21430864757944346,0.5290305013933252,0.5167289391008633,0.9999999999927207,0.3058974720327727
6.876719179794949,1.160130949814692,0.206733449661874,0.5346589672716997,0.5224046308491015,0.9999999999937842,0.2969415249231236
6.90172543135784,1.1652034404377156,0.19892619135382356,0.5402181718925864,0.5280170840881532,0.9999999999946616,0.2882576552019078
6.926731682920731,1.1700778664490012,0.19089339874768788,0.545706330772798,0.5335644116590892,0.9999999999953879,0.2798432008054626
6.951737934483622,1.1747486784735162,0.1826424499680326,0.5511217818098595,0.5390448401526012,0.999999999995991,0.2716949886598692
6.976744186046512,1.1792105224483815,0.1741815729154762,0.556462985609966,0.5444567106359565,0.9999999999964932,0.26380938137322263
7.001750437609402,1.183458260494529,0.16551983851966268,0.5617285254011657,0.5497984790055861,0.9999999999969127,0.2561823233005616
7.026756689172293,1.1874869919563877,0.15666714802975165,0.5669171066184174,0.5550687159765351,0.9999999999972642,0.24880938559274068
7.051762940735184,1.1912920740905644,0.14763421556491055,0.5720275560897049,0.5602661067351206,0.9999999999975593,0.24168580998930447
7.076769192298075,1.1948691419332655,0.13843254603180563,0.5770588208837079,0.5653894502711004,0.9999999999978078,0.2348065510711457
7.101775443860966,1.198214127790594,0.12907440727943212,0.5820099668619322,0.5704376583905955,0.999999999998017,0.22816631675787158
7.1267816954238565,1.2013232800256337,0.11957279738078334,0.5868801768918668,0.5754097544275736,0.9999999999981937,0.22175960692093621
7.151787946986747,1.2041931807468067,0.1099414076736469,0.591668748784442,0.5803048716921436,0.9999999999983427,0.21558074993612517
7.176794198549637,1.2068207626429839,0.10019458067251777,0.5963750929819036,0.5851222516528162,0.9999999999984683,0.209623937090029
7.201800450112528,1.209203324737116,0.09034726355311098,0.6009987299909744,0.5898612418736191,0.9999999999985739,0.20388325479066974
7.226806701675419,1.2113385468778441,0.0804149576897749,0.6055392875882484,0.594521293730197,0.9999999999986624,0.19835271453920889
7.25181295323831,1.2132245028991828,0.07041366456145307,0.6099964978346726,0.5991019599301897,0.999999999998736,0.1930262806410979
7.276819204801201,1.214859672421895,0.06035982792291879,0.6143701939148942,0.6036028918451475,0.9999999999987965,0.18789789568289275
7.301825456364091,1.2162429511663748,0.050270273005242616,0.6186603068126388,0.608023836677242,0.9999999999988454,0.18296150381312548
7.326831707926982,1.217373659704363,0.04016214310291161,0.6228668618479699,0.6123646344799271,0.999999999998884,0.1782110718766958
7.351837959489873,1.2182515505912956,0.03005283404048591,0.6269899751034667,0.6166252150553296,0.9999999999989129,0.1736406084644754
7.376844211052764,1.2188768138438322,0.019959926900631864,0.6310298497543261,0.6208055947426782,0.9999999999989331,0.1692441809631423
7.401850462615654,1.2192500807189501,0.009901119456203098,0.6349867723196762,0.6249058731136541,0.9999999999989451,0.16501593069652176
7.426856714178545,1.2193724257664915,-0.0001058430764233955,0.6388611088574382,0.6289262295962355,0.9999999999989488,0.16095008625061422
7.4518629657414355,1.2192453671457728,-0.010043237529960674,0.6426533011184423,0.6328669200411915,0.9999999999989448,0.15704097508672163
7.476869217304326,1.218870865209932,-0.01989343199843865,0.6463638626752701,0.6367282732466819,0.999999999998933,0.15328303354884198
7.501875468867217,1.2182513193640578,-0.02963895431276638,0.6499933750453849,0.6405106874572761,0.9999999999989129,0.1496708153699663
7.526881720430108,1.2173895632268779,-0.03926255926050842,0.6535424838211519,0.6442146268510422,0.9999999999988844,0.14619899878630752
7.551887971992999,1.216288858133283,-0.04874729408608073,0.6570118948206541,0.6478406180279456,0.999999999998847,0.14286239236611217
7.57689422355589,1.2149528850247262,-0.058076561840118134,0.6604023702728596,0.6513892465121184,0.9999999999987998,0.13965593965735604
7.60190047511878,1.2133857347872383,-0.06723418215385579,0.6637147250491912,0.6548611532797927,0.9999999999987421,0.1365747227560144
7.62690672668167,1.2115918971002373,-0.07620444907063233,0.6669498229514546,0.6582570313225602,0.9999999999986726,0.13361396489410984
7.651912978244561,1.2095762478796228,-0.08497218554219184,0.6701085730670266,0.6615776222570623,0.9999999999985898,0.1307690321406675
7.676919229807452,1.207344035421936,-0.09352279421993374,0.6731919261976811,0.6648237129897253,0.9999999999984921,0.12803543430652609
7.701925481370343,1.2049008653146467,-0.10184230438150621,0.6762008713760073,0.6679961324457971,0.9999999999983775,0.12540882513476045
7.726931732933234,1.202252684230292,-0.10991741471956287,0.6791364324762487,0.6710957483710548,0.9999999999982433,0.1228850018564115
7.7519379844961245,1.1994057626326486,-0.11773553188556592,0.6819996649113207,0.674123464200031,0.9999999999980866,0.12045990419749149
7.776944236059015,1.1963666767073027,-0.12528480420602198,0.6847916524334425,0.6770802160153339,0.999999999997904,0.1181296128933494
7.801950487621906,1.1931422894677177,-0.13255415097321407,0.6875135040512372,0.6799669695973576,0.9999999999976912,0.11589034777423061
7.826956739184797,1.189739731086025,-0.13953328727426492,0.690166351060835,0.6827847175627141,0.9999999999974429,0.11373846548664462
7.851962990747687,1.1861663786883028,-0.1462127438610014,0.6927513441644266,0.6855344765842575,0.9999999999971536,0.11167045692044687
7.876969242310578,1.182429835940544,-0.15258388216239982,0.6952696507176723,0.6882172847269312,0.9999999999968161,0.10968294436317147
7.9019754938734685,1.1785379120099242,-0.1586389052892603,0.6977224521262584,0.6908341988898505,0.9999999999964218,0.10777267842566288
7.926981745436359,1.174498600303589,-0.1643708640435552,0.700110941300536,0.6933862923139379,0.9999999999959608,0.105936534830857
7.95198799699925,1.1703200575883599,-0.16977365842369527,0.7024363202564192,0.6958746522278418,0.9999999999954212,0.10417151104124087
7.976994248562141,1.1660105824474642,-0.17484203564702752,0.7046997978760756,0.6983003775979859,0.9999999999947893,0.10247472276812232
8.002000500125032,1.1615785942199144,-0.17957158318127023,0.7069025876913005,0.700664576936396,0.9999999999940483,0.1008434004584211
8.027006751687923,1.1570326124579267,-0.18395871870392977,0.7090459058715473,0.7029683662778234,0.9999999999931788,0.09927488567758395
8.052013003250813,1.1523812356649532,-0.1880006762956411,0.7111309693033164,0.7052128672109276,0.9999999999921573,0.0977666274951305
8.077019254813704,1.1476331218239588,-0.1916954888484038,0.7131589937102988,0.7073992050087818,0.9999999999909567,0.09631617889167392
8.102025506376595,1.1427969681622805,-0.19504196853787276,0.7151311920367034,0.7095285069209061,0.9999999999895446,0.09492119310602158
8.127031757939486,1.1378814920302138,-0.19803968294139743,0.7170487727538337,0.7116019004589346,0.9999999999878835,0.09357942011191074
8.152038009502377,1.132895412720783,-0.2006889305762809,0.7189129384335777,0.7136205118959682,0.9999999999859284,0.09228870304210784
8.177044261065266,1.127847432703754,-0.20299071225128565,0.7207248843289424,0.7155854647601981,0.9999999999836275,0.091046974733608
8.202050512628157,1.122746221584575,-0.2049467024577546,0.7224857970580598,0.7174978784794454,0.9999999999809202,0.08985225431474024
8.227056764191047,1.1176003982730789,-0.206559217484356,0.7241968534802505,0.7193588671106949,0.9999999999777351,0.08870264383489553
8.252063015753938,1.1124185168499678,-0.20783118359195113,0.7258592194752375,0.7211695381036843,0.9999999999739904,0.08759632505100415
8.27706926731683,1.107209050113047,-0.2087661030711793,0.7274740490825833,0.7229309912536485,0.9999999999695907,0.08653155617682996
8.30207551887972,1.1019803773174537,-0.20936802047909808,0.7290424833907847,0.7246443175866313,0.9999999999644262,0.08550666887458976
8.32708177044261,1.0967407692116844,-0.2096414874054651,0.7305656498987376,0.7263105985070084,0.999999999958371,0.08452006515608464
8.352088022005502,1.0914983777808362,-0.20959152823985427,0.7320446615232012,0.7279309048096709,0.999999999951281,0.08357021457831638
8.377094273568392,1.0862612227037889,-0.20922360406669968,0.7334806161479589,0.7295062959938596,0.9999999999429924,0.08265565131769753
8.402100525131283,1.0810371831917722,-0.20854357961387437,0.7348745957626265,0.731037819412108,0.99999999993332,0.08177497155974921
8.427106776694174,1.0758339859154564,-0.20755768627764118,0.7362276661378735,0.7325265097042589,0.9999999999220551,0.08092683077446769
8.452113028257065,1.070659198553156,-0.2062724918725558,0.737540876165121,0.7339733881256609,0.9999999999089648,0.08010994125925623
8.477119279819956,1.0655202200061917,-0.20469486326378764,0.7388152575123482,0.7353794620107222,0.9999999998937904,0.0793230696760362
8.502125531382847,1.0604242740275025,-0.20283193843507283,0.7400518243341637,0.7367457243691949,0.9999999998762463,0.07856503466169995
8.527131782945737,1.0553784037527985,-0.20069109258661763,0.741251572693969,0.7380731532679903,0.9999999998560207,0.07783470470802048
8.552138034508628,1.0503894635335085,-0.19827990823337385,0.7424154807518267,0.7393627117285188,0.9999999998327755,0.07713099578871702
8.577144286071519,1.0454641176556667,-0.19560614977804205,0.7435445080557582,0.7406153471095397,0.9999999998061475,0.07645286951098718
8.60215053763441,1.0406088334031909,-0.19267773034664504,0.7446395956874251,0.7418319909769354,0.9999999997757512,0.0757993309908222
8.627156789197299,1.0358298776738888,-0.1895026907339952,0.7457016662687181,0.7430135589811173,0.9999999997411821,0.07516942687786846
8.65216304076019,1.0311333170810641,-0.1860891746033445,0.746731623342649,0.7441609503086551,0.9999999997020215,0.07456224377811564
8.67716929232308,1.026525011919599,-0.1824454007280924,0.7477303519202406,0.7452750478772074,0.9999999996578426,0.0739769062387564
8.702175543885971,1.0220106161811564,-0.1785796473202855,0.7486987182596438,0.7463567181109948,0.9999999996082192,0.07341257516390914
8.727181795448862,1.0175955777057408,-0.17450022941018625,0.7496375696279176,0.7474068106610751,0.9999999995527338,0.07286844633760706
8.752188047011753,1.0132851346266298,-0.1702154790223325,0.7505477348474782,0.7484261586721769,0.9999999994909903,0.07234374866854769
8.777194298574644,1.0090843175091988,-0.1657337317763638,0.7514300239694147,0.7494155784992655,0.9999999994226252,0.07183774290946686
8.802200550137535,1.004997948618598,-0.1610633083781201,0.7522852285547379,0.7503758698109276,0.9999999993473228,0.07134972018296387
8.827206801700425,1.0010306418747752,-0.1562125024259271,0.7531141218698764,0.7513078156713917,0.9999999992648299,0.07087900061411401
8.852213053263316,0.9971868051030157,-0.15118956814649473,0.7539174588227406,0.7522121824405438,0.9999999991749723,0.07042493215316818
8.877219304826207,0.9934706395418897,-0.14600270820239267,0.7546959764118867,0.7530897200389314,0.9999999990776711,0.06998688923213879
8.902225556389098,0.9898861426748425,-0.1406600659554694,0.7554503936497962,0.7539411618599217,0.9999999989729593,0.06956427172107517
8.927231807951989,0.9864371087747388,-0.13516971555301968,0.7561814119928912,0.754767225037314,0.9999999988609978,0.06915650371755488
8.95223805951488,0.9831271313522142,-0.12953965657984537,0.7568897153954856,0.7555686104618462,0.9999999987420896,0.06876303256098022
8.97724431107777,0.979959604817062,-0.12377780733378199,0.7575759706575929,0.7563460030071871,0.9999999986166921,0.06838332777036335
9.002250562640661,0.9769377265865715,-0.11789200115690313,0.7582408275998991,0.7571000716428081,0.9999999984854262,0.06801688011013438
9.027256814203552,0.9740644994021487,-0.1118899827653874,0.7588849193578344,0.7578314696355567,0.999999998349083,0.06766320065199205
9.052263065766441,0.9713427333329842,-0.10577940618607028,0.759508862629316,0.7585408347246101,0.9999999982086243,0.06732181990336472
9.077269317329332,0.9687750483421087,-0.09956783361851099,0.7601132579511152,0.7592287893216162,0.9999999980651798,0.0669922869669852
9.102275568892223,0.9663638763041957,-0.09326273503345593,0.7606986899790235,0.759895940718299,0.9999999979200381,0.06667416874022504
9.127281820455114,0.9641114635662126,-0.08687148903795909,0.7612657277712028,0.7605428813011945,0.9999999977746328,0.06636704915209199
9.152288072018004,0.9620198729933556,-0.08040138411658443,0.7618149250736683,0.7611701887711306,0.999999997630522,0.06607052843653748
9.177294323580895,0.9600909863693398,-0.07385962105579638,0.7623468206241938,0.761778426381427,0.9999999974893636,0.0657842224323672
9.202300575143786,0.9583265064367179,-0.0672533157311451,0.7628619384271437,0.7623681431561481,0.9999999973528843,0.06550776192945519
9.227306826706677,0.9567279590358245,-0.06058950270546653,0.7633607880819061,0.7629398741539585,0.9999999972228448,0.06524079202211966
9.252313078269568,0.9552966950863075,-0.05387513942604567,0.7638438650421958,0.7634941406803303,0.9999999971010025,0.06498297152299182
9.277319329832459,0.9540338924097894,-0.04711711066440551,0.7643116509615022,0.7640314505705234,0.9999999969890698,0.06473397236625844
9.30232558139535,0.9529405575685652,-0.0403222339078494,0.7647646139462396,0.7645522984021962,0.9999999968886737,0.06449347907831171
9.32733183295824,0.9520175273838464,-0.03349726446628309,0.7652032088956242,0.7650571657789694,0.9999999968013142,0.06426118823461867
9.352338084521131,0.9512654705038748,-0.026648901629243386,0.7656278777725354,0.7655465215617288,0.9999999967283262,0.06403680797055297
9.377344336084022,0.9506848886704842,-0.01978379448442064,0.7660390499108233,0.7660208221304272,0.9999999966708428,0.0638200574981758
9.402350587646913,0.9502761179235187,-0.012908548319452248,0.7664371423156243,0.7664805116430291,0.9999999966297656,0.06361066664671733
9.427356839209803,0.9500393296148457,-0.006029731126123251,0.7668225599424923,0.7669260222784512,0.9999999966057393,0.06340837543212073
9.452363090772694,0.9499745312476938,0.0008461199739192614,0.7671956959998314,0.7673577745003769,0.9999999965991346,0.06321293363459116
9.477369342335585,0.9500815671760532,0.00771249201572055,0.7675569322293142,0.7677761773046773,0.9999999966100377,0.06302410040322999
9.502375593898474,0.9503601191222322,0.014562889633213099,0.7679066391921504,0.7681816284729741,0.999999996638248,0.06284164387439528
9.527381845461365,0.9508097065356426,0.021390828515776422,0.7682451765486296,0.7685745148220184,0.9999999966832857,0.0626653408083839
9.552388097024256,0.9514296867881181,0.028189828966650333,0.7685728933349081,0.768955212452062,0.9999999967444044,0.062494976241761924
9.577394348587147,0.9522192552088157,0.0349534096490127,0.7688901282342399,0.7693240869916624,0.9999999968206137,0.06233034315575458
9.602400600150037,0.9531774449744654,0.041675081579270606,0.769197209848974,0.7696814938443485,0.9999999969107063,0.062171242157043144
9.627406851712928,0.9543031268376272,0.04834834229583779,0.7694944569627773,0.7700277784280631,0.9999999970132912,0.06201748117490182
9.65241310327582,0.9555950087148181,0.05496667042802782,0.769782178795643,0.7703632764091246,0.9999999971268311,0.061868875172875246
9.67741935483871,0.9570516351813022,0.06152352073422238,0.7700606752710559,0.7706883139479216,0.9999999972496814,0.06172524586558413
9.7024256064016,0.9586713867609342,0.06801231926179974,0.7703302372531939,0.7710032079194328,0.9999999973801312,0.06158642145885888
9.727431857964492,0.9604524792112924,0.07442645941370613,0.7705911468000082,0.7713082661480312,0.9999999975164439,0.06145223639222566
9.752438109527382,0.9623929626320297,0.0807592982098267,0.7708436774082412,0.7716037876367654,0.999999997656895,0.06132253109362634
9.777444361090273,0.9644907204931372,0.08700415321265044,0.7710880942345478,0.7718900627753987,0.9999999977998089,0.06119715175325406
9.802450612653164,0.9667434687069202,0.09315430037955644,0.7713246543510276,0.772167373580413,0.9999999979435898,0.0610759500896026
9.827456864216055,0.969148754402622,0.09920297194986065,0.7715536069418149,0.7724359938826775,0.9999999980867502,0.06095878314925249
9.852463115778946,0.9717039550506055,0.10514335605021545,0.7717751935579937,0.7726961895680985,0.9999999982279321,0.060845513087367825
9.877469367341837,0.9744062770637834,0.11096859588634433,0.7719896482998221,0.7729482187536071,0.999999998365924,0.06073600698711682
9.902475618904727,0.97725275502719,0.11667179114292678,0.772197198063342,0.7731923320215199,0.9999999984996728,0.06063013665635783
9.927481870467618,0.9802402502301122,0.12224599881509796,0.7723980627130594,0.7734287725878499,0.9999999986282897,0.06052777846298904
9.952488122030507,0.9833654500796005,0.12768423652156494,0.7725924553185751,0.7736577765287619,0.9999999987510511,0.06042881314707498
9.977494373593398,0.9866248666438646,0.13297948517773076,0.7727805823166367,0.7738795729399321,0.9999999988673955,0.06033312567124566
10.002500625156289,0.9900148363783519,0.13812469446570544,0.772962643741306,0.7740943841582508,0.9999999989769168,0.06024060504535495
10.02750687671918,0.9935315187326423,0.14311278740784353,0.7731388333710701,0.7743024259079482,0.999999999079354,0.06015114419266969
10.05251312828207,0.9971708963500292,0.14793666831914914,0.7733093389569825,0.7745039075216419,0.9999999991745785,0.060064639783884065
10.077519379844961,1.000928773803922,0.15258922926501536,0.7734743423522775,0.7746990320705087,0.9999999992625798,0.05998099211920013
10.102525631407852,1.0048007783840347,0.1570633608114355,0.7736340197389484,0.7748879965851954,0.9999999993434507,0.05990010497043105
10.127531882970743,1.0087823591607032,0.16135196035062258,0.7737885417434208,0.7750709921729242,0.9999999994173712,0.0598218854764767
10.152538134533634,1.0128687882745073,0.16544794583467348,0.7739380736537234,0.7752482042310597,0.9999999994845927,0.0597462439960913
10.177544386096525,1.0170551608184697,0.1693442661887447,0.7740827755358936,0.7754198125646532,0.9999999995454234,0.05967309400934866
10.202550637659416,1.0213363961828648,0.17303391753398772,0.774222802419974,0.7755859915718559,0.999999999600214,0.059602351990106196
10.227556889222306,1.0257072396795006,0.17650995704191022,0.7743583044468606,0.7757469103905402,0.9999999996493446,0.05953393729922122
10.252563140785197,1.0301622631517138,0.17976551954763761,0.7744894269920305,0.7759027330247441,0.9999999996932132,0.05946777209025233
10.277569392348088,1.0346958691242747,0.1827938371791048,0.7746163108625344,0.7760536185404822,0.9999999997322255,0.05940378118461949
10.302575643910979,1.0393022909507088,0.18558825470961943,0.7747390923679994,0.776199721140864,0.999999999766787,0.05934189200586859
10.32758189547387,1.0439755981020098,0.18814225476942886,0.7748579035196831,0.776341190365825,0.9999999997972947,0.05928203445776472
10.35258814703676,1.0487096992676843,0.19044947532454615,0.7749728721384056,0.7764781712022046,0.9999999998241327,0.05922414084600609
10.37759439859965,1.0534983445352952,0.19250373240143137,0.7750841219487471,0.7766108041822692,0.9999999998476667,0.05916814580751252
10.40260065016254,1.0583351341249907,0.1942990484121422,0.7751917727830057,0.7767392255888307,0.999999999868242,0.059113986191733706
10.427606901725431,1.0632135203068735,0.19582966973305227,0.7752959406315116,0.776863567509547,0.9999999998861803,0.05906160101350525
10.452613153288322,1.0681268137064408,0.19709009699349125,0.7753967377732639,0.7769839579717809,0.9999999999017792,0.05901093137041928
10.477619404851213,1.0730681933580766,0.19807511235797656,0.7754942729435164,0.7771005211125716,0.9999999999153119,0.05896192034514179
10.502625656414104,1.0780307093832442,0.19877980082178562,0.7755886513721563,0.7772133772215881,0.9999999999270262,0.058914512967752714
10.527631907976994,1.083007293615131,0.19919958436509919,0.7756799749314661,0.7773226428933763,0.9999999999371467,0.058868656129209745
10.552638159539885,1.0879907691143933,0.19933024644740402,0.7757683422518821,0.7774284311465414,0.9999999999458749,0.058824298510910256
10.577644411102776,1.0929738562672369,0.19916796003266055,0.77585384878164,0.7775308514882453,0.9999999999533904,0.05878139054065149
10.602650662665667,1.0979491868465183,0.1987093193783328,0.7759365869315079,0.7776300100636524,0.999999999959853,0.058739884310749654
10.627656914228558,1.1029093117146243,0.19795136429714758,0.7760166461381754,0.7777260097233787,0.9999999999654039,0.058699733534433675
10.652663165791449,1.1078467142492279,0.19689161237680453,0.7760941129737596,0.7778189501383711,0.9999999999701669,0.058660893481765945
10.67766941735434,1.112753821846741,0.19552808388636514,0.776169071231995,0.7779089278904703,0.9999999999742507,0.058623320927277955
10.70267566891723,1.1176230187992606,0.1938593312317903,0.7762416020123257,0.7779960365616639,0.9999999999777502,0.0585869740991621
10.727681920480121,1.1224466604871228,0.1918844639977893,0.7763117838122628,0.7780803668313477,0.9999999999807478,0.058551812625494595
10.752688172043012,1.1272170868332174,0.18960317551469685,0.7763796926010362,0.7781620065549587,0.999999999983315,0.058517797489649644
10.777694423605903,1.1319266380508288,0.1870157662219409,0.7764454019079647,0.7782410408575217,0.9999999999855134,0.05848489097961471
10.802700675168794,1.1365676693741895,0.1841231672780056,0.7765089828926242,0.7783175522088072,0.9999999999873963,0.05845305664623741
10.827706926731683,1.1411325676179664,0.1809269608097448,0.7765705044254608,0.778391620509155,0.9999999999890093,0.05842225925723728
10.852713178294573,1.1456137674807216,0.17742939992513593,0.7766300331571623,0.7784633231639672,0.9999999999903919,0.05839246475688235
10.877719429857464,1.1500037684082742,0.17363342494299264,0.7766876335903815,0.7785327351605208,0.9999999999915774,0.05836364022509959
10.902725681420355,1.1542951524552265,0.16954267871362325,0.7767433681491629,0.7785999291426945,0.9999999999925949,0.05833575383805017
10.927731932983246,1.1584806012223703,0.16516151831962989,0.7767972972422816,0.7786649754792212,0.9999999999934688,0.05830877483199115
10.952738184546137,1.1625529148065326,0.160495024478817,0.7768494793317257,0.7787279423375808,0.9999999999942198,0.058282673465101596
10.977744436109028,1.1665050290103125,0.15554900817613926,0.7768999709902008,0.7787888957463254,0.9999999999948661,0.058257420984805214
11.002750687671918,1.1703300344320857,0.15033001347846714,0.7769488269656216,0.7788478996648965,0.9999999999954227,0.05823298959216999
11.02775693923481,1.1740211943762389,0.1448453179195645,0.7769961002367988,0.7789050160442237,0.9999999999959024,0.058209352410729845
11.0527631907977,1.1775719631500556,0.1391029289227162,0.7770418420707716,0.7789603048890876,0.9999999999963165,0.05818648345484842
11.07776944236059,1.1809760046093052,0.1331115766233725,0.7770861020787814,0.7790138243191798,0.9999999999966741,0.05816435759898248
11.102775693923482,1.1842272096182682,0.12688070377309688,0.7771289282673187,0.7790656306249306,0.9999999999969832,0.05814295054952138
11.127781945486372,1.1873197140134784,0.12042045113789888,0.7771703670912371,0.7791157783256237,0.9999999999972504,0.05812223881590084
11.152788197049263,1.1902479158366883,0.11374163958860614,0.7772104635031707,0.7791643202236391,0.9999999999974817,0.0581021996836724
11.177794448612154,1.193006491867438,0.10685574881039234,0.7772492610010745,0.77921130745671,0.9999999999976816,0.05808281118867378
11.202800700175045,1.1955904139939468,0.09977489168249708,0.7772868016759199,0.7792567895504237,0.9999999999978546,0.05806405209132261
11.227806951737936,1.1979949646583192,0.09251178540957544,0.7773231262566327,0.7793008144678106,0.9999999999980039,0.058045901852391564
11.252813203300827,1.2002157514653529,0.08507971938598805,0.7773582741535333,0.7793434286573551,0.9999999999981326,0.05802834060966548
11.277819454863716,1.2022487211360329,0.07749251923489058,0.7773922835012331,0.779384677100474,0.9999999999982431,0.058011349155017086
11.302825706426606,1.204090172462376,0.06976450765580909,0.777425191199767,0.7794246033571401,0.9999999999983376,0.05799490891246429
11.327831957989497,1.205736768140888,0.06191046264409437,0.7774570329540392,0.7794632496097087,0.9999999999984177,0.057979001917168115
11.352838209552388,1.207185545632886,0.053945572543305016,0.7774878433125214,0.7795006567059765,0.999999999998485,0.05796361079491622
11.377844461115279,1.2084339268510955,0.04588538855725661,0.7775176557046167,0.7795368642008318,0.9999999999985406,0.057948718742361106
11.40285071267817,1.2094797266133168,0.037745774975500315,0.7775465024767572,0.7795719103965596,0.9999999999985857,0.05793430950797375
11.42785696424106,1.2103211598153722,0.0295428575167941,0.7775744149272913,0.7796058323818593,0.9999999999986209,0.05792036737367888
11.452863215803951,1.2109568473083032,0.02129296987769321,0.7776014233403499,0.7796386660697789,0.9999999999986471,0.05790687713707627
11.477869467366842,1.2113858204193744,0.01301259891919702,0.7776275570186378,0.779670446234505,0.9999999999986643,0.05789382409426594
11.502875718929733,1.2116075240855229,0.004718328870448242,0.7776528443151413,0.7797012065469915,0.9999999999986732,0.057881194023276995
11.527881970492624,1.2116218185831493,-0.0035732151371613624,0.7776773126638395,0.7797309796095239,0.9999999999986737,0.057868973168052014
11.552888222055515,1.2114289798404185,-0.011845423783799512,0.777700988609401,0.7797597969891902,0.999999999998666,0.057857148222992205
11.577894473618406,1.2110296983345255,-0.020081760213065146,0.777723897835948,0.7797876892503516,0.99999999999865,0.05784570631801737
11.602900725181296,1.2104250765745461,-0.02826581625955415,0.7777460651949156,0.7798146859861362,0.9999999999986253,0.05783463500412527
11.627906976744187,1.2096166251891287,-0.036381367828637094,0.7777675147319899,0.7798408158489367,0.9999999999985916,0.05782392223945305
11.652913228307078,1.2086062576431846,-0.04441242912036854,0.7777882697131878,0.7798661065799789,0.9999999999985482,0.057813556375806055
11.677919479869969,1.2073962836172052,-0.05234330534728862,0.7778083526500998,0.7798905850379821,0.9999999999984945,0.05780352614564235
11.702925731432858,1.2059894010884649,-0.06015864363076487,0.7778277853243287,0.7799142772269436,0.9999999999984296,0.05779382064949212
11.727931982995749,1.204388687161469,-0.06784348176439944,0.7778465888111468,0.7799372083230738,0.9999999999983523,0.05778442934379863
11.75293823455864,1.202597587722996,-0.07538329448243107,0.7778647835023442,0.7799594027008451,0.9999999999982614,0.05777534202919119
11.77794448612153,1.2006199059611626,-0.08276403709784702,0.7778823891283798,0.7799808839582786,0.999999999998155,0.057766548839133895
11.802950737684421,1.1984597898485503,-0.08997218619233108,0.777899424779809,0.7800016749414378,0.9999999999980316,0.05775804022895986
11.827956989247312,1.1961217185947823,-0.09699477730741267,0.7779159089280921,0.780021797768246,0.9999999999978886,0.05774980696523851
11.852963240810203,1.1936104882419232,-0.10381943915200115,0.7779318594456176,0.7800412738514334,0.9999999999977234,0.05774184011555415
11.877969492373094,1.1909311964739544,-0.11043442433123798,0.7779472936250458,0.780060123920736,0.9999999999975329,0.057734131038642125
11.902975743935984,1.188089226674343,-0.11682863671999201,0.7779622281981781,0.780078368044571,0.9999999999973133,0.057726671374783475
11.927981995498875,1.185090231219448,-0.12299165525330151,0.7779766793542748,0.7800960256511107,0.9999999999970604,0.05771945303649091
11.952988247061766,1.1819401144741808,-0.12891375355476162,0.7779906627574003,0.7801131155482599,0.9999999999967689,0.057712468199689976
11.977994498624657,1.1786450152334111,-0.13458591632006367,0.778004193563528,0.7801296559433781,0.9999999999964332,0.05770570929503928
12.003000750187548,1.1752112885659909,-0.1399998520990449,0.7780172864372693,0.7801456644625906,0.9999999999960462,0.057699168999454514
12.028007001750439,1.1716454878022717,-0.1451480017971555,0.7780299555674619,0.7801611581688089,0.9999999999955997,0.05769284022820293
12.05301325331333,1.1679543461769784,-0.15002354425983083,0.7780422146827058,0.7801761535797046,0.9999999999950845,0.057686716127043625
12.07801950487622,1.164144758029169,-0.1546203982436267,0.7780540770665998,0.7801906666853573,0.9999999999944893,0.05768079006452956
12.103025756439111,1.1602237607187191,-0.15893322047667924,0.7780655555716501,0.7802047129643894,0.9999999999938015,0.05767505562496819
12.128032008002002,1.156198516008464,-0.16295740148283439,0.7780766626336679,0.7802183074006742,0.9999999999930059,0.05766950660116277
12.153038259564891,1.152076291664463,-0.16668905737913575,0.7780874102852617,0.78023146449902,0.9999999999920852,0.0576641369876042
12.178044511127782,1.1478644439314498,-0.17012501939909208,0.7780978101685179,0.7802441982999236,0.9999999999910192,0.05765894097407137
12.203050762690673,1.143570399096072,-0.17326282067151585,0.7781078735484013,0.7802565223951707,0.9999999999897844,0.0576539129388948
12.228057014253563,1.1392016368696685,-0.1761006799910575,0.7781176113241517,0.7802684499411299,0.9999999999883539,0.0576490474432031
12.253063265816454,1.1347656729027344,-0.17863748438621474,0.7781270340418781,0.7802799936734419,0.9999999999866962,0.057644339224600855
12.278069517379345,1.1302700425624623,-0.18087276812279993,0.7781361519055838,0.7802911659199044,0.9999999999847753,0.0576397831916166
12.303075768942236,1.1257222851600912,-0.18280669175449266,0.7781449747883377,0.78030197861353,0.9999999999825497,0.05763537441809131
12.328082020505127,1.1211299280650466,-0.1844400173998301,0.7781535122433203,0.7803124433054764,0.9999999999799721,0.05763110813763467
12.353088272068018,1.1165004728081056,-0.18577408504625129,0.7781617735135735,0.7803225711764684,0.9999999999769882,0.05762697973872179
12.378094523630908,1.111841379865711,-0.1868107851196406,0.7781697675429631,0.7803323730496492,0.9999999999735362,0.05762298475920638
12.4031007751938,1.1071600565177246,-0.18755253286598136,0.7781775029847872,0.7803418594006896,0.9999999999695459,0.05761911888198727
12.42810702675669,1.1024638426316573,-0.1880022390326624,0.7781849882124641,0.780351040370336,0.9999999999649385,0.057615377929669205
12.45311327831958,1.0977600001760333,-0.18816328336060578,0.7781922313272475,0.7803599257734893,0.9999999999596245,0.05761175786067793
12.478119529882472,1.0930557002340793,-0.18803948389560676,0.7781992401684906,0.7803685251112764,0.9999999999535047,0.05760825476413865
12.503125781445362,1.0883580140011142,-0.1876350707258485,0.7782060223207267,0.7803768475793953,0.9999999999464679,0.05760486485631284
12.528132033008253,1.083673901403457,-0.18695465439486636,0.7782125851232233,0.7803849020793748,0.9999999999383913,0.05760158447583199
12.553138284571144,1.0790102029779352,-0.18600320053713815,0.7782189356769974,0.7803926972268506,0.9999999999291393,0.05759841008017757
12.578144536134035,1.07437363104273,-0.1847859987632753,0.7782250808528589,0.7804002413610671,0.9999999999185645,0.05759533824166006
12.603150787696924,1.0697707611292289,-0.18330863706105782,0.7782310272995646,0.7804075425545028,0.9999999999065059,0.05759236564335199
12.628157039259815,1.0652080269949515,-0.18157697456929045,0.7782367814491125,0.7804146086191485,0.999999999892791,0.05758948907641799
12.653163290822706,1.0606917110625615,-0.17959711306900564,0.7782423495266783,0.7804214471182469,0.9999999998772353,0.05758670543518276
12.678169542385596,1.0562279417174327,-0.17737537584931326,0.7782477375542969,0.7804280653706716,0.9999999998596438,0.05758401171525906
12.703175793948487,1.0518226866176539,-0.17491827822483244,0.7782529513592329,0.780434470460843,0.9999999998398132,0.057581405009384544
12.728182045511378,1.0474817468923492,-0.1722325069241031,0.778257996581052,0.7804406692471041,0.9999999998175331,0.057578882503900475
12.753188297074269,1.0432107566427868,-0.16932489902181874,0.778262878674544,0.7804466683652173,0.9999999997925898,0.05757644147725873
12.77819454863716,1.0390151763115947,-0.16620241557498297,0.7782676029191565,0.7804524742395488,0.9999999997647695,0.05757407929534736
12.80320080020005,1.0349002900739959,-0.16287212616729915,0.7782721744236082,0.7804580930885539,0.9999999997338627,0.0575717934091791
12.828207051762941,1.0308712059664493,-0.15934118903792047,0.7782765981295657,0.7804635309291711,0.9999999996996691,0.05756958135303782
12.853213303325832,1.0269328508283926,-0.15561683045187438,0.7782808788200453,0.7804687935868001,0.9999999996620035,0.057567440740315286
12.878219554888723,1.0230899702966565,-0.15170633190894955,0.7782850211225207,0.7804738866990164,0.9999999996207021,0.05756536926194292
12.903225806451614,1.0193471280229984,-0.1476170126419104,0.7782890295143405,0.7804788157220296,0.9999999995756292,0.057563364683692934
12.928232058014505,1.0157087033850134,-0.143356215634407,0.7782929083284907,0.7804835859375487,0.9999999995266855,0.057561424843312524
12.953238309577396,1.0121788928463542,-0.138931296083456,0.7782966617568149,0.7804882024566356,0.9999999994738142,0.057559547648906514
12.978244561140286,1.0087617082814697,-0.13434960782996835,0.7783002938561053,0.7804926702269709,0.9999999994170101,0.057557731075912416
13.003250812703177,1.0054609781634638,-0.12961849480019913,0.7783038085512071,0.7804969940365685,0.9999999993563264,0.057555973165544054
13.028257064266066,1.0022803474012205,-0.12474528010455449,0.7783072096402454,0.7805011785200242,0.999999999291882,0.05755427202219225
13.053263315828957,0.9992232781109524,-0.11973725896641675,0.778310500798099,0.7805052281626715,0.9999999992238678,0.057552625811690086
13.078269567391848,0.9962930505213826,-0.11460169091819788,0.7783136855807785,0.7805091473058235,0.9999999991525519,0.05755103275913312
13.103275818954739,0.9934927636706895,-0.10934579405248782,0.7783167674290904,0.7805129401511604,0.9999999990782831,0.05754949114705277
13.12828207051763,0.9908253368595455,-0.10397673989919262,0.7783197496724372,0.7805166107652859,0.9999999990014932,0.057547999313522724
13.15328832208052,0.9882935104942621,-0.09850164918966477,0.7783226355324394,0.7805201630840686,0.9999999989226972,0.05754655565035524
13.178294573643411,0.9858998477612324,-0.09292758887301103,0.7783254281263919,0.7805236009167903,0.9999999988424908,0.05754515860137805
13.203300825206302,0.9836467356751699,-0.08726156951122194,0.7783281304706825,0.7805269279502494,0.999999998761546,0.05754380666073219
13.228307076769193,0.9815363867894014,-0.08151054399531858,0.7783307454840542,0.7805301477526799,0.9999999986806037,0.0575424983712462
13.253313328332084,0.9795708404267707,-0.07568140655463959,0.7783332759907384,0.7805332637775162,0.9999999986004642,0.05754123232287564
13.278319579894974,0.9777519643089524,-0.0697809928246026,0.7783357247236032,0.7805362793671794,0.9999999985219747,0.057540007151134796
13.303325831457865,0.9760814559210701,-0.06381608037302942,0.7783380943269773,0.7805391977564744,0.9999999984460157,0.05753882153568946
13.328332083020756,0.974560843979547,-0.05779338981787967,0.7783403873597046,0.7805420220762671,0.9999999983734836,0.05753767419883596
13.353338334583647,0.9731914898665046,-0.051719586723875825,0.7783426062976981,0.7805447553565609,0.9999999983052739,0.05753656390422804
13.378344586146538,0.9719745889021643,-0.04560128353389668,0.778344753536854,0.7805474005300066,0.9999999982422613,0.0575354894554263
13.403350837709429,0.9709111717447578,-0.03944504257550242,0.7783468313954385,0.7805499604347828,0.999999998185281,0.05753444969470769
13.42835708927232,0.970002105502557,-0.03325737874053437,0.7783488421167529,0.7805524378178086,0.9999999981351089,0.057533443501738946
13.45336334083521,0.9692480949578537,-0.027044763138603097,0.7783507878714935,0.7805548353375923,0.9999999980924437,0.05753246979240044
13.4783695923981,0.9686496835742132,-0.02081362660873594,0.7783526707600917,0.7805571555670586,0.9999999980578893,0.057531527517619765
13.50337584396099,0.9682072544637871,-0.014570363592293014,0.7783544928150536,0.780559400996373,0.9999999980319402,0.05753061566220698
13.528382095523881,0.9679210312592117,-0.00832133630807951,0.7783562560030896,0.7805615740355175,0.9999999980149683,0.05752973324379262
13.553388347086772,0.9677910788508607,-0.0020728788160923185,0.7783579622272857,0.7805636770169159,0.9999999980072143,0.05752887931174604
13.578394598649663,0.9678173040479718,0.004168698648298375,0.7783596133291558,0.7805657121979156,0.9999999980087816,0.05752805294615302
13.603400850212553,0.967999456117511,0.010397105391560916,0.7783612110906295,0.7805676817631948,0.999999998019633,0.057527253256824874
13.628407101775444,0.9683371272192055,0.016606065996329116,0.7783627572359839,0.7805695878271011,0.9999999980395932,0.057526479382335814
13.653413353338335,0.9688297527358025,0.022789316126199922,0.7783642534337131,0.7805714324359155,0.9999999980683525,0.05752573048909124
13.678419604901226,0.9694766114985987,0.02894059843914911,0.7783657012983323,0.7805732175700388,0.9999999981054762,0.05752500577042894
13.703425856464117,0.970276825909916,0.035053658658088196,0.7783671023921183,0.7805749451461008,0.9999999981504154,0.05752430444575148
13.728432108027008,0.971229361978335,0.04112224192319496,0.7783684582268082,0.7805766170190204,0.9999999982025213,0.05752362575967962
13.753438359589898,0.9723330292630694,0.04714008934253881,0.7783697702652473,0.7805782349840032,0.9999999982610613,0.05752296898123139
13.77844461115279,0.9735864807131496,0.053100934794893265,0.7783710399229349,0.7805798007784183,0.9999999983252374,0.05752233340305141
13.80345086271568,0.9749882124857733,0.05899850232228708,0.7783722685695971,0.7805813160837055,0.9999999983942042,0.05752171834062717
13.82845711427857,0.9765365636409338,0.06482650363079914,0.7783734575306559,0.7805827825271592,0.9999999984670884,0.057521123131557106
13.853463365841462,0.97822971580586,0.07057863620161085,0.778374608088632,0.7805842016836312,0.9999999985430075,0.05752054713485132
13.878469617404352,0.9800656928537822,0.07624858202891835,0.7783757214846075,0.7805855750773066,0.9999999986210877,0.05751998973020301
13.903475868967243,0.9820423603959194,0.08183000642515759,0.7783767989194698,0.7805869041832156,0.99999999870048,0.05751945031736817
13.928482120530132,0.9841574255105855,0.08731655814056338,0.7783778415553128,0.7805881904289353,0.9999999987803754,0.05751892831546762
13.953488372093023,0.9864084361599349,0.09270186926924674,0.778378850516609,0.7805894351960143,0.9999999988600177,0.05751842316240281
13.978494623655914,0.9887927809537645,0.09797955660401336,0.7783798268914853,0.7805906398215228,0.9999999989387129,0.05751793431422034
14.003500875218805,0.9913076886399697,0.10314322310278726,0.7783807717328748,0.7805918055994543,0.999999999015838,0.057517461244537375
14.028507126781696,0.9939502278984819,0.10818646042663639,0.7783816860596496,0.7805929337821028,0.9999999990908461,0.05751700344397757
14.053513378344586,0.9967173070288401,0.1131028522406985,0.7783825708577583,0.780594025581446,0.9999999991632695,0.057516560419604186
14.078519629907477,0.9996056738256359,0.11788597804486309,0.778383427081237,0.7805950821703764,0.9999999992327206,0.05751613169441578
14.103525881470368,1.0026119155431756,0.12252941843157458,0.7783842556533113,0.7805961046840426,0.9999999992988908,0.057515716806797366
14.128532133033259,1.0057324589610024,0.12702676039743532,0.7783850574673189,0.7805970942209726,0.9999999993615474,0.057515315310060204
14.15353838459615,1.0089635706600364,0.13137160458962757,0.7783858333877515,0.7805980518443426,0.99999999942053,0.057514926771922666
14.17854463615904,1.0123013574516893,0.13555757233447488,0.7783865842511238,0.7805989785830365,0.9999999994757438,0.05751455077407668
14.203550887721931,1.0157417669336422,0.1395783147834646,0.7783873108669253,0.7805998754328055,0.9999999995271547,0.05751418691171346
14.228557139284822,1.0192805885508702,0.14342752201815562,0.7783880140184792,0.7806007433573156,0.9999999995747814,0.05751383479309497
14.253563390847713,1.0229134542951575,0.14709893374850133,0.7783886944637626,0.7806015832891471,0.9999999996186881,0.05751349403914523
14.278569642410604,1.0266358407828857,0.15058635111669735,0.778389352936309,0.7806023961308977,0.9999999996589783,0.05751316428299969
14.303575893973495,1.030443069893788,0.15388364827096057,0.7783899901458539,0.7806031827559683,0.9999999996957867,0.057512845169683566
14.328582145536386,1.0343303121713399,0.1569847875227677,0.7783906067793085,0.7806039440097526,0.9999999997292728,0.05751253635562627
14.353588397099275,1.0382925875340179,0.15988383137669526,0.7783912035012556,0.780604680710243,0.9999999997596145,0.05751223750841359
14.378594648662165,1.0423247696700586,0.16257496104805516,0.7783917809549183,0.7806053936492137,0.999999999787003,0.05751194830630457
14.403600900225056,1.046421587912951,0.16505248953569263,0.7783923397626563,0.7806060835928265,0.9999999998116365,0.05751166843798404
14.428607151787947,1.050577631075062,0.16731088139590253,0.7783928805267175,0.780606751282551,0.9999999998337168,0.05751139760218713
14.453613403350838,1.0547873526668676,0.16934477034803516,0.7783934038299835,0.7806073974360743,0.999999999853445,0.05751113550732774
14.478619654913729,1.0590450725193963,0.17114897559889325,0.77839391023633,0.7806080227477433,0.9999999998710185,0.057510881871318094
14.50362590647662,1.063344985085873,0.1727185267776684,0.7783944002915668,0.7806086278897135,0.9999999998866282,0.057510636421100145
14.52863215803951,1.0676811632062728,0.17404867929702345,0.7783948745238426,0.7806092135124444,0.9999999999004574,0.057510398892443124
14.553638409602401,1.0720475622358407,0.1751349361521047,0.7783953334440988,0.7806097802452557,0.9999999999126787,0.05751016902971684
14.578644661165292,1.0764380310336374,0.17597307393390868,0.7783957775469635,0.7806103286974204,0.9999999999234549,0.05750994658544603
14.603650912728183,1.0808463151408207,0.17655915812023273,0.7783962073109868,0.780610859458454,0.999999999932937,0.057509731320192145
14.628657164291074,1.0852660651696742,0.17688956982667137,0.778396623199229,0.780611373098834,0.9999999999412648,0.05750952300226009
14.653663415853964,1.0896908467601685,0.17696102722168405,0.778397025659872,0.7806118701707494,0.9999999999485663,0.05750932140739277
14.678669667416855,1.0941141461791306,0.17677060656412286,0.7783974151265206,0.7806123512084691,0.9999999999549579,0.05750912631862076
14.703675918979746,1.0985293829845388,0.17631576783430536,0.7783977920188554,0.7806128167291418,0.9999999999605458,0.057508937525936256
14.728682170542637,1.1029299171416955,0.1755943734333574,0.7783981567429488,0.780613267233185,0.9999999999654252,0.05750875482613499
14.753688422105528,1.1073090608162695,0.17460471334974773,0.7783985096917657,0.7806137032048961,0.9999999999696818,0.057508578022566516
14.778694673668419,1.1116600891542412,0.17334552454514307,0.778398851245589,0.7806141251129757,0.9999999999733918,0.057508406924921644
14.803700925231308,1.115976250990202,0.1718160131440593,0.7783991817723893,0.7806145334109802,0.9999999999766234,0.05750824134904761
14.828707176794198,1.1202507820972447,0.17001587390855905,0.7783995016282808,0.7806149285378815,0.9999999999794369,0.05750808111672046
14.85371342835709,1.1244769161602497,0.16794530973676433,0.7783998111578424,0.7806153109184601,0.9999999999818855,0.05750792605548458
14.87871967991998,1.128647899223027,0.1656050494662879,0.77840011069455,0.7806156809638354,0.9999999999840161,0.05750777599843708
14.903725931482871,1.13275700163552,0.1629963648574468,0.7784004005610818,0.7806160390718407,0.9999999999858699,0.05750763078407472
14.928732183045762,1.1367975330655535,0.1601210855216691,0.7784006810697132,0.7806163856275073,0.9999999999874829,0.05750749025609721
14.953738434608653,1.1407628556200657,0.15698161297226226,0.7784009525226158,0.780616721003432,0.9999999999888868,0.057507354263257274
14.978744686171543,1.1446463989984097,0.1535809319428988,0.7784012152122112,0.7806170455602105,0.999999999990109,0.057507222659184426
15.003750937734434,1.148441674857876,0.1499226207540038,0.7784014694214699,0.7806173596468046,0.9999999999911734,0.05750709530223523
15.028757189297325,1.1521422917266293,0.14601085862763866,0.7784017154242219,0.7806176636009238,0.9999999999921009,0.05750697205533829
15.053763440860216,1.155741970486668,0.14185043141201087,0.7784019534854568,0.7806179577493935,0.9999999999929094,0.05750685278584422
15.078769692423107,1.1592345589432367,0.13744673469863042,0.778402183861597,0.7806182424084905,0.9999999999936148,0.057506737365389235
15.103775943985998,1.162614047846162,0.13280577411786293,0.7784024068007915,0.7806185178843041,0.9999999999942304,0.05750662566974808
15.128782195548888,1.1658745854294872,0.12793416376688474,0.7784026225431665,0.7806187844730431,0.999999999994768,0.05750651757870925
15.15378844711178,1.169010493015562,0.12283912106440273,0.7784028313210966,0.7806190424613698,0.9999999999952378,0.05750641297593892
15.17879469867467,1.1720162799258638,0.11752845940085795,0.7784030333594508,0.7806192921267019,0.9999999999956484,0.05750631174885834
15.20380095023756,1.1748866580370096,0.11201057799423193,0.7784032288758321,0.7806195337375071,0.9999999999960074,0.05750621378852398
15.228807201800452,1.177616556643111,0.10629444825626924,0.7784034180808201,0.7806197675536005,0.9999999999963214,0.05750611898950638
15.25381345336334,1.1802011362683236,0.10038959813477137,0.77840360117819,0.7806199938264147,0.9999999999965958,0.057506027249780496
15.278819704926232,1.182635802421136,0.09430609310477192,0.7784037783651355,0.7806202127992737,0.9999999999968356,0.05750593847061423
15.303825956489122,1.184916218920525,0.08805451411604491,0.7784039498324846,0.7806204247076569,0.9999999999970448,0.057505852556461005
15.328832208052013,1.187038320292754,0.08164593345190276,0.7784041157648999,0.7806206297794474,0.9999999999972271,0.05750576941485903
15.353838459614904,1.188998323787018,0.07509188741864586,0.7784042763410803,0.780620828235178,0.9999999999973854,0.057505688956330896
15.378844711177795,1.19079274068245,0.06840434633313945,0.7784044317339551,0.7806210202882714,0.9999999999975225,0.05750561109428638
15.403850962740686,1.1924183866614022,0.06159568248531377,0.7784045821108682,0.7806212061452659,0.9999999999976404,0.05750553574493039
15.428857214303576,1.193872391441454,0.05467863558965254,0.7784047276337588,0.7806213860060381,0.9999999999977411,0.05750546282717239
15.453863465866467,1.1951522075375747,0.047666275996698024,0.778404868459337,0.7806215600640186,0.9999999999978262,0.05750539226253902
15.478869717429358,1.1962556180503234,0.04057196599366049,0.7784050047392526,0.7806217285063998,0.999999999997897,0.05750532397508933
15.503875968992249,1.1971807434414905,0.03340931955626311,0.7784051366202577,0.7806218915143358,0.9999999999979545,0.057505257891333664
15.52888222055514,1.1979260473175581,0.0261921604046335,0.7784052642443656,0.7806220492631384,0.9999999999979998,0.05750519394015406
15.55388847211803,1.1984903411401657,0.018934478827787024,0.7784053877490039,0.7806222019224647,0.9999999999980334,0.05750513205272793
15.578894723680921,1.1988727878400482,0.011650387486527813,0.778405507267162,0.7806223496564997,0.9999999999980558,0.057505072162453874
15.603900975243812,1.1990729043147765,0.004354076483299099,0.7784056229275355,0.7806224926241329,0.9999999999980674,0.05750501420487989
15.628907226806703,1.1990905627982424,-0.00294023207733971,0.778405734854664,0.7806226309791289,0.9999999999980684,0.0575049581176342
15.653913478369594,1.198925991090125,-0.010218329701962469,0.7784058431690658,0.7806227648702926,0.9999999999980589,0.05750490384035796
15.678919729932483,1.1985797716460058,-0.017466067111488993,0.7784059479873677,0.780622894441629,0.9999999999980387,0.05750485131464036
15.703925981495374,1.1980528395299734,-0.024669399459676736,0.7784060494224305,0.7806230198324986,0.9999999999980074,0.057504800483955745
15.728932233058265,1.1973464792435924,-0.03181443095757282,0.778406147583471,0.7806231411777664,0.9999999999979647,0.05750475129360266
15.753938484621155,1.1964623204493077,-0.03888745860966841,0.7784062425761796,0.7806232586079472,0.99999999999791,0.05750470369064515
15.778944736184046,1.1954023326137424,-0.045875014808202066,0.7784063345028338,0.7806233722493461,0.9999999999978425,0.057504657623855635
15.803950987746937,1.1941688186045154,-0.05276390853136835,0.7784064234624092,0.780623482224194,0.9999999999977611,0.05750461304365974
15.828957239309828,1.192764407278589,-0.059541264922183396,0.7784065095506851,0.7806235886507787,0.9999999999976648,0.05750456990208319
15.853963490872719,1.191192045095483,-0.06619456306394055,0.778406592860349,0.7806236916435729,0.999999999997552,0.05750452815269989
15.87896974243561,1.1894549868040363,-0.07271167171371028,0.7784066734810953,0.7806237913133566,0.9999999999974211,0.05750448775058196
15.9039759939985,1.1875567852942046,-0.07908088269442222,0.7784067514997227,0.7806238877673362,0.99999999999727,0.05750444865225156
15.928982245561391,1.1855012806300347,-0.08529094200253733,0.7784068270002273,0.7806239811092598,0.9999999999970963,0.057504410815634066
15.953988497124282,1.1832925883161716,-0.09133107846302738,0.7784069000638932,0.7806240714395288,0.9999999999968974,0.05750437420001277
15.978994748687173,1.1809350868554933,-0.09719102970972301,0.7784069707693808,0.7806241588553064,0.99999999999667,0.05750433876598464
16.004001000250064,1.178433404800766,-0.10286106518773941,0.7784070391928101,0.780624243450621,0.9999999999964104,0.05750430447541867
16.029007251812953,1.1757924072027435,-0.10833200666747292,0.7784071054078434,0.7806243253164672,0.9999999999961144,0.057504271291414444
16.054013503375845,1.1730171814388282,-0.1135952459778466,0.778407169485766,0.7806244045409056,0.9999999999957772,0.05750423917826204
16.079019754938734,1.17011302291426,-0.118642759354632,0.7784072314955608,0.7806244812091554,0.9999999999953928,0.057504208101404185
16.104026006501627,1.167085420312545,-0.12346711940572697,0.7784072915039832,0.7806245554036858,0.9999999999949547,0.05750417802739925
16.129032258064516,1.163940040341719,-0.12806150425424528,0.7784073495756347,0.7806246272043074,0.9999999999944554,0.05750414892388407
16.15403850962741,1.1606827127773856,-0.13241970326220812,0.7784074057730302,0.7806246966882547,0.9999999999938862,0.057504120759540485
16.179044761190298,1.1573194150495247,-0.1365361207914327,0.7784074601566663,0.7806247639302709,0.9999999999932372,0.057504093504061105
16.20405101275319,1.1538562566355128,-0.14040577682789765,0.7784075127850874,0.780624829002689,0.9999999999924968,0.05750406712811602
16.22905726431608,1.150299464110955,-0.14402430490939822,0.7784075637149463,0.7806248919755067,0.9999999999916518,0.05750404160332273
16.254063515878972,1.1466553653923626,-0.14738794826243384,0.7784076130010686,0.7806249529164655,0.9999999999906874,0.0575040169022139
16.27906976744186,1.1429303748798936,-0.1504935526031483,0.7784076606965088,0.7806250118911202,0.9999999999895864,0.05750399299820912
16.304076019004754,1.1391309784981576,-0.1533385578276408,0.7784077068526082,0.780625068962911,0.9999999999883291,0.05750396986558587
16.329082270567643,1.1352637186011003,-0.15592098666647863,0.7784077515190521,0.7806251241932324,0.9999999999868935,0.05750394747945111
16.35408852213053,1.1313351802312719,-0.15823943217080924,0.7784077947439194,0.7806251776414963,0.999999999985254,0.057503925815716284
16.379094773693424,1.1273519761576436,-0.1602930430771182,0.7784078365737395,0.7806252293652005,0.9999999999833824,0.057503904851068946
16.404101025256313,1.1233207341617406,-0.16208150760679343,0.7784078770535366,0.7806252794199849,0.9999999999812461,0.057503884562950365
16.429107276819206,1.1192480827408349,-0.1636050362066621,0.7784079162268844,0.7806253278596976,0.999999999978809,0.05750386492952855
16.454113528382095,1.1151406393073595,-0.1648643424393437,0.7784079541359465,0.780625374736446,0.9999999999760301,0.057503845929677395
16.479119779944988,1.1110049968417097,-0.16586062363641765,0.7784079908215282,0.7806254201006599,0.9999999999728637,0.05750382754295138
16.504126031507877,1.1068477130579752,-0.16659553966691318,0.7784080263231142,0.7806254640011387,0.9999999999692593,0.057503809749566176
16.52913228307077,1.1026752980574352,-0.16707119205810472,0.7784080606789175,0.7806255064851111,0.9999999999651601,0.05750379253037455
16.55413853463366,1.0984942047201456,-0.16729010148744605,0.7784080939259137,0.7806255475982777,0.9999999999605041,0.0575037758668489
16.57914478619655,1.0943108171371436,-0.16725518570269957,0.7784081260998882,0.7806255873848698,0.9999999999552229,0.057503759741057835
16.60415103775944,1.0901314426153017,-0.16696973681224525,0.7784081572354662,0.7806256258876859,0.9999999999492415,0.057503744135650806
16.629157289322333,1.0859623006326986,-0.16643739799680546,0.7784081873661599,0.7806256631481501,0.9999999999424789,0.05750372903383493
16.65416354088522,1.0818095165900061,-0.1656621419151738,0.7784082165243937,0.7806256992063431,0.9999999999348472,0.05750371441936197
16.679169792448114,1.0776791115153774,-0.16464824584337603,0.7784082447415499,0.7806257341010591,0.9999999999262524,0.057503700276505754
16.704176044011003,1.0735769967349174,-0.16340027234991591,0.7784082720479933,0.7806257678698356,0.9999999999165947,0.05750368659004953
16.729182295573896,1.0695089660332626,-0.16192304388853726,0.7784082984731088,0.7806258005490002,0.9999999999057687,0.0575036733452675
16.754188547136785,1.0654806886113448,-0.1602216233592141,0.7784083240453357,0.7806258321737136,0.9999999998936644,0.05750366052790708
16.779194798699674,1.0614977061644255,-0.15830129375145519,0.7784083487921861,0.7806258627779908,0.9999999998801681,0.05750364812418032
16.804201050262566,1.0575654240658698,-0.1561675337531446,0.7784083727402922,0.7806258923947603,0.9999999998651641,0.057503636120740026
16.829207301825456,1.0536891085513111,-0.153826002765259,0.7784083959154233,0.7806259210558858,0.999999999848536,0.05750362450467083
16.854213553388348,1.0498738839024462,-0.1512825200821568,0.77840841834251,0.7806259487921944,0.9999999998301689,0.0575036132634778
16.879219804951237,1.0461247251369916,-0.1485430440953426,0.7784084400456864,0.7806259756335305,0.9999999998099515,0.057503602385064495
16.90422605651413,1.0424464573721068,-0.14561365963028955,0.7784084610483029,0.7806260016087698,0.9999999997877791,0.05750359185772744
16.92923230807702,1.0388437529485655,-0.14250055838781187,0.7784084813729527,0.7806260267458535,0.9999999997635567,0.05750358167014206
16.95423855963991,1.0353211268857831,-0.13921002344435932,0.7784085010415053,0.780626051071828,0.9999999997372016,0.057503571811346625
16.9792448112028,1.0318829371356457,-0.13574841672840826,0.7784085200751183,0.7806260746128608,0.9999999997086477,0.057503562270735845
17.004251062765693,1.0285333812685344,-0.13212216276105157,0.7784085384942695,0.7806260973942788,0.9999999996778492,0.05750355303804515
17.029257314328582,1.0252764954858546,-0.12833773796446812,0.7784085563187744,0.7806261194405902,0.9999999996447839,0.05750354410334184
17.054263565891475,1.0221161538910877,-0.12440165793934788,0.7784085735678083,0.7806261407755121,0.9999999996094576,0.057503535457013984
17.079269817454364,1.0190560667653625,-0.1203204666331665,0.7784085902599298,0.7806261614219978,0.9999999995719075,0.05750352708975906
17.104276069017256,1.0160997810394068,-0.1161007271799353,0.7784086064130967,0.7806261814022578,0.9999999995322062,0.05750351899257554
17.129282320580145,1.0132506788772602,-0.11174901188248716,0.7784086220446901,0.7806262007377883,0.9999999994904638,0.05750351115675131
17.154288572143038,1.0105119785019248,-0.10727189535208792,0.7784086371715293,0.7806262194493896,0.999999999446832,0.05750350357385606
17.179294823705927,1.0078867334063377,-0.10267594616618762,0.7784086518098938,0.7806262375571928,0.9999999994015044,0.05750349623573041
17.20430107526882,1.005377833280764,-0.09796772165615375,0.7784086659755378,0.7806262550806778,0.9999999993547188,0.05750348913447864
17.22930732683171,1.0029880037761516,-0.09315376139309935,0.7784086796837107,0.7806262720386976,0.9999999993067568,0.05750348226245859
17.254313578394598,1.0007198075140242,-0.08824058340822441,0.7784086929491703,0.7806262884494953,0.9999999992579424,0.057503475612275035
17.27931982995749,0.9985756442319002,-0.08323467938792858,0.778408705786202,0.7806263043307269,0.9999999992086409,0.057503469176770065
17.30432608152038,0.9965577518831998,-0.07814251221842702,0.7784087182086321,0.7806263196994773,0.9999999991592549,0.05750346294901677
17.329332333083272,0.9946682070281523,-0.07297051269916745,0.7784087302298447,0.7806263345722817,0.9999999991102194,0.05750345692231036
17.35433858464616,0.992908925989057,-0.06772507828809153,0.7784087418627942,0.7806263489651406,0.9999999990619968,0.057503451090162305
17.379344836209054,0.9912816654141761,-0.062412571175215,0.7784087531200211,0.7806263628935395,0.9999999990150694,0.05750344544629213
17.404351087771943,0.9897880234100284,-0.057039318016771166,0.7784087640136642,0.7806263763724633,0.9999999989699316,0.05750343998462164
17.429357339334835,0.9884294402508362,-0.05161160928484155,0.7784087745554746,0.7806263894164146,0.9999999989270814,0.05750343469926755
17.454363590897724,0.98720719940236,-0.04613569971299013,0.7784087847568273,0.7806264020394277,0.9999999988870103,0.057503429584535824
17.479369842460617,0.986122428352559,-0.040617808848058184,0.7784087946287332,0.7806264142550843,0.9999999988501942,0.05750342463491541
17.504376094023506,0.9851760994771162,-0.03506412197205237,0.7784088041818521,0.7806264260765282,0.9999999988170837,0.05750341984507213
17.5293823455864,0.9843690309244688,-0.029480791652886806,0.7784088134265016,0.7806264375164796,0.9999999987880932,0.05750341520984335
17.554388597149288,0.9837018873555753,-0.02387393913009495,0.7784088223726697,0.7806264485872482,0.9999999987635935,0.05750341072423233
17.57939484871218,0.9831751807493552,-0.018249656372926516,0.7784088310300239,0.7806264593007468,0.9999999987439016,0.05750340638340306
17.60440110027507,0.9827892710897879,-0.012614008104739036,0.7784088394079216,0.7806264696685045,0.9999999987292749,0.057503402182675065
17.629407351837962,0.9825443670181622,-0.0069730339875144045,0.7784088475154195,0.7806264797016783,0.9999999987199043,0.05750339811751856
17.65441360340085,0.9824405264390658,-0.0013327510481827044,0.7784088553612829,0.7806264894110656,0.9999999987159103,0.057503394183549696
17.67941985496374,0.9824776570506495,0.004300843944607165,0.7784088629539944,0.7806264988071159,0.9999999987173398,0.057503390376525985
17.704426106526633,0.9826555168222293,0.009921772026122527,0.7784088703017622,0.7806265078999414,0.9999999987241657,0.057503386692341875
17.72943235808952,0.9829737144089856,0.015524069612101005,0.7784088774125292,0.7806265166993287,0.9999999987362868,0.05750338312702436
17.754438609652414,0.9834317095061036,0.02110178612113118,0.7784088842939805,0.7806265252147486,0.9999999987535313,0.05750337967672893
17.779444861215303,0.984028813146286,0.0266489817240553,0.7784088909535509,0.7806265334553667,0.9999999987756606,0.05750337633773556
17.804451112778196,0.9847641879437561,0.03215972522533334,0.7784088973984336,0.7806265414300527,0.9999999988023753,0.05750337310644468
17.829457364341085,0.9856368482784157,0.037628092081647135,0.7784089036355862,0.7806265491473907,0.9999999988333219,0.05750336997937355
17.854463615903978,0.9866456604457203,0.04304816274668614,0.7784089096717393,0.7806265566156877,0.9999999988681019,0.0575033669531523
17.879469867466867,0.9877893427730093,0.048414021245733,0.7784089155134025,0.7806265638429828,0.9999999989062791,0.05750336402452075
17.90447611902976,0.9890664656632595,0.05371975391517945,0.7784089211668721,0.7806265708370557,0.9999999989473909,0.05750336119032454
17.92948237059265,0.9904754516794161,0.05895944877396996,0.7784089266382374,0.7806265776054352,0.999999998990957,0.057503358447512004
17.95448862215554,0.9920145755631503,0.0641271950290742,0.7784089319333876,0.7806265841554073,0.9999999990364891,0.057503355793130644
17.97949487371843,0.9936819642378814,0.06921708302065288,0.7784089370580177,0.7806265904940225,0.9999999990834998,0.05750335322432435
18.004501125281323,0.9954755969224743,0.07422320493377624,0.778408942017636,0.7806265966281041,0.9999999991315125,0.0575033507383297
18.02950737684421,0.9973933050594426,0.07913965539770101,0.7784089468175691,0.7806266025642546,0.9999999991800675,0.05750334833247347
18.054513628407104,0.9994327725491082,0.08396053338149234,0.7784089514629685,0.7806266083088643,0.9999999992287304,0.05750334600416926
18.079519879969993,1.001591535728318,0.08867994389450834,0.7784089559588167,0.7806266138681162,0.9999999992770969,0.05750334375091504
18.104526131532882,1.0038669836807965,0.09329200086048937,0.7784089603099321,0.7806266192479941,0.9999999993247981,0.057503341570290016
18.129532383095775,1.0062563584183397,0.09779083031289589,0.7784089645209759,0.7806266244542884,0.9999999993715035,0.05750333945995224
18.154538634658664,1.00875675525448,0.10217057419966388,0.7784089685964561,0.7806266294926026,0.9999999994169235,0.05750333741763565
18.179544886221557,1.0113651232975551,0.1064253952502004,0.778408972540734,0.7806266343683591,0.9999999994608103,0.05750333544114796
18.204551137784446,1.0140782659340524,0.11054948181712389,0.7784089763580282,0.7806266390868052,0.9999999995029587,0.057503333528367895
18.229557389347338,1.0168928416997352,0.11453705446075808,0.7784089800524205,0.7806266436530185,0.9999999995432045,0.0575033316772429
18.254563640910227,1.0198053649654797,0.11838237197463145,0.7784089836278597,0.7806266480719126,0.9999999995814233,0.057503329885787
18.27956989247312,1.022812207215849,0.1220797396784461,0.7784089870881672,0.7806266523482427,0.9999999996175282,0.05750332815207829
18.30457614403601,1.0259095980809665,0.12562351677902603,0.7784089904370403,0.7806266564866099,0.9999999996514669,0.05750332647425721
18.3295823955989,1.0290936269916975,0.1290081262808507,0.7784089936780572,0.7806266604914669,0.9999999996832185,0.05750332485052404
18.35458864716179,1.032360244792339,0.13222806391601363,0.7784089968146808,0.7806266643671224,0.99999999971279,0.05750332327913728
18.379594898724683,1.0357052656197665,0.1352779093510184,0.7784089998502627,0.7806266681177458,0.9999999997402127,0.05750332175841154
18.404601150287572,1.039124369489508,0.13815233719089015,0.778409002788047,0.7806266717473723,0.9999999997655389,0.05750332028671559
18.429607401850465,1.0426131040878124,0.14084612875255006,0.7784090056311735,0.780626675259906,0.9999999997888375,0.057503318862470995
18.454613653413354,1.0461668887816113,0.14335418586684176,0.778409008382682,0.7806266786591257,0.9999999998101917,0.0575033174841498
18.479619904976246,1.0497810161793515,0.14567154248027459,0.7784090110455141,0.7806266819486873,0.9999999998296951,0.05750331615027348
18.504626156539135,1.053450657481288,0.14779338154169427,0.7784090136225182,0.7806266851321294,0.9999999998474487,0.05750331485941081
18.529632408102028,1.0571708646809372,0.14971504663561996,0.7784090161164516,0.7806266882128756,0.9999999998635586,0.05750331361017672
18.554638659664917,1.0609365756792961,0.1514320601986002,0.7784090185299832,0.7806266911942396,0.9999999998781337,0.057503312401230605
18.579644911227806,1.064742619640715,0.15294013841419843,0.7784090208656973,0.7806266940794276,0.9999999998912836,0.05750331123127478
18.6046511627907,1.0685837193788297,0.15423520570556234,0.7784090231260951,0.7806266968715423,0.9999999999031164,0.05750331009905356
18.629657414353588,1.0724545004092823,0.15531341637588297,0.7784090253135983,0.7806266995735868,0.9999999999137382,0.05750330900335121
18.65466366591648,1.0763494947997743,0.15617116721149524,0.7784090274305516,0.7806267021884666,0.9999999999232513,0.057503307942991244
18.67966991747937,1.0802631459135277,0.15680511595535956,0.7784090294792241,0.7806267047189934,0.9999999999317535,0.05750330691683513
18.704676169042262,1.0841898195979374,0.15721220296452307,0.7784090314618132,0.7806267071678887,0.9999999999393374,0.05750330592378058
18.72968242060515,1.0881238075989377,0.15738966343379296,0.7784090333804458,0.7806267095377859,0.9999999999460905,0.05750330496276084
18.754688672168044,1.0920593360379913,0.15733504904274387,0.7784090352371806,0.780626711831233,0.999999999952094,0.05750330403274356
18.779694923730933,1.095990575105612,0.15704624489859398,0.7784090370340111,0.7806267140506965,0.9999999999574234,0.057503303132729375
18.804701175293825,1.0999116449974733,0.15652148626487986,0.7784090387728664,0.7806267161985627,0.9999999999621485,0.05750330226175118
18.829707426856714,1.1038166278167878,0.15575937786268534,0.778409040455614,0.7806267182771413,0.9999999999663329,0.05750330141887296
18.854713678419607,1.1076995744470968,0.15475890844459275,0.7784090420840618,0.7806267202886671,0.9999999999700349,0.057503300603188694
18.879719929982496,1.1115545161158678,0.15351946942014164,0.7784090436599598,0.780626722235303,0.9999999999733074,0.05750329981382158
18.90472618154539,1.1153754737634023,0.152040868812034,0.7784090451850016,0.7806267241191425,0.9999999999761984,0.05750329904992303
18.929732433108278,1.1191564688892435,0.15032334754722035,0.7784090466608268,0.7806267259422107,0.9999999999787506,0.05750329831067172
18.95473868467117,1.122891534735515,0.14836759249884943,0.778409048089022,0.7806267277064682,0.9999999999810031,0.057503297595272784
18.97974493623406,1.1265747272175093,0.14617475024864166,0.7784090494711232,0.7806267294138118,0.9999999999829904,0.05750329690295702
19.00475118779695,1.130200136997552,0.1437464382342264,0.7784090508086169,0.7806267310660775,0.9999999999847433,0.05750329623297981
19.02975743935984,1.1337619010416067,0.14108475585279362,0.7784090521029419,0.7806267326650417,0.9999999999862894,0.0575032955846207
19.05476369092273,1.1372542149785816,0.13819229298785538,0.7784090533554905,0.7806267342124238,0.9999999999876532,0.05750329495718235
19.079769942485623,1.1406713454889255,0.13507213801096773,0.7784090545676106,0.7806267357098876,0.9999999999888562,0.057503294349989895
19.10477619404851,1.1440076425794121,0.1317278832952249,0.7784090557406065,0.7806267371590434,0.9999999999899176,0.05750329376239019
19.129782445611404,1.1472575527373152,0.12816362947745819,0.7784090568757406,0.7806267385614493,0.9999999999908542,0.05750329319375121
19.154788697174293,1.1504156310036178,0.12438398773512231,0.7784090579742344,0.7806267399186132,0.9999999999916809,0.05750329264346128
19.179794948737186,1.1534765544934837,0.12039407976922403,0.7784090590372704,0.7806267412319946,0.9999999999924107,0.05750329211092835
19.204801200300075,1.1564351344477788,0.11619953645426338,0.778409060065993,0.7806267425030058,0.9999999999930553,0.05750329159557956
19.229807451862968,1.159286329430367,0.11180649351439911,0.7784090610615093,0.7806267437330133,0.9999999999936247,0.057503291096860504
19.254813703425857,1.1620252576590342,0.10722158573119975,0.7784090620248911,0.78062674492334,0.9999999999941276,0.05750329061423461
19.27981995498875,1.1646472093022224,0.10245193872129028,0.7784090629571756,0.7806267460752657,0.9999999999945718,0.057503290147182654
19.30482620655164,1.1671476589327747,0.09750515810608756,0.7784090638593665,0.7806267471900291,0.999999999994964,0.0575032896952021
19.32983245811453,1.1695222770309983,0.09238931722627038,0.7784090647324351,0.780626748268829,0.9999999999953104,0.057503289257806685
19.35483870967742,1.1717669416918137,0.08711294189389651,0.7784090655773215,0.7806267493128256,0.9999999999956157,0.057503288834525754
19.379844961240313,1.1738777497575779,0.08168499312275197,0.7784090663949353,0.7806267503231413,0.9999999999958848,0.05750328842490392
19.4048512128032,1.1758510273025689,0.07611484808093345,0.7784090671861569,0.7806267513008628,0.9999999999961213,0.057503288028500396
19.42985746436609,1.1776833399049587,0.07041227835508344,0.7784090679518381,0.7806267522470413,0.9999999999963287,0.057503287644888754
19.454863715928983,1.1793715022156188,0.064587426371747,0.7784090686928035,0.7806267531626944,0.9999999999965101,0.057503287273656126
19.479869967491872,1.180912586836505,0.05865078014641716,0.7784090694098509,0.7806267540488068,0.9999999999966678,0.057503286914403075
19.504876219054765,1.1823039326792077,0.0526131458195685,0.7784090701037523,0.7806267549063315,0.999999999996804,0.057503286566743125
19.529882470617654,1.1835431525790199,0.04648561847651134,0.7784090707752549,0.7806267557361906,0.9999999999969207,0.057503286230302084
19.554888722180547,1.1846281400965648,0.04027955167368524,0.7784090714250818,0.7806267565392766,0.9999999999970193,0.057503285904718
19.579894973743436,1.1855570755962752,0.03400652532024406,0.7784090720539327,0.780626757316453,0.9999999999971012,0.057503285589640525
19.604901225306328,1.1863284315010905,0.027678312292505038,0.7784090726624848,0.780626758068556,0.9999999999971675,0.057503285284730546
19.629907476869217,1.1869409766876473,0.02130684396845111,0.7784090732513932,0.780626758796394,0.9999999999972191,0.05750328498966009
19.65491372843211,1.187393780004303,0.014904174912737628,0.7784090738212921,0.7806267595007499,0.9999999999972566,0.05750328470411162
19.679919979995,1.1876862129025632,0.008482446841128484,0.778409074372795,0.7806267601823814,0.9999999999972805,0.05750328442777783
19.70492623155789,1.1878179511621054,0.0020538520250694137,0.7784090749064959,0.7806267608420214,0.9999999999972913,0.057503284160361406
19.72993248312078,1.1877889756942086,-0.004369403571033988,0.7784090754229694,0.7806267614803793,0.9999999999972888,0.057503283901574595
19.754938734683673,1.187599572421457,-0.010775137242159992,0.7784090759227716,0.780626762098142,0.9999999999972735,0.05750328365113888
19.779944986246562,1.1872503312354084,-0.017151226382655087,0.7784090764064406,0.7806267626959733,0.9999999999972448,0.05750328340878487
19.804951237809455,1.1867421440359418,-0.02348564500491845,0.7784090768744971,0.7806267632745166,0.9999999999972025,0.05750328317425177
19.829957489372344,1.1860762018643936,-0.029766499710253375,0.7784090773274451,0.7806267638343941,0.999999999997146,0.05750328294728715
19.854963740935236,1.1852539911461326,-0.03598206493057943,0.7784090777657723,0.7806267643762079,0.9999999999970747,0.057503282727646834
19.879969992498125,1.1842772890629447,-0.04212081724475024,0.7784090781899505,0.7806267649005408,0.9999999999969877,0.05750328251509445
19.904976244061015,1.1831481580762375,-0.04817146859883521,0.7784090786004364,0.7806267654079567,0.9999999999968839,0.057503282309401375
19.929982495623907,1.1818689396429767,-0.054122998190481816,0.778409078997672,0.7806267658990013,0.9999999999967619,0.05750328211034621
19.954988747186796,1.1804422471479858,-0.059964682913319314,0.7784090793820847,0.7806267663742028,0.9999999999966205,0.057503281917714796
19.97999499874969,1.1788709581062617,-0.06568612618398192,0.7784090797540885,0.7806267668340723,0.9999999999964573,0.05750328173129988
20.005001250312578,1.1771582056412542,-0.0712772851094922,0.7784090801140837,0.7806267672791044,0.9999999999962705,0.0575032815509009
20.03000750187547,1.1753073693045015,-0.07672849574233911,0.7784090804624579,0.7806267677097779,0.9999999999960576,0.05750328137632368
20.05501375343836,1.173322065341559,-0.08203049621584112,0.778409080799586,0.7806267681265557,0.9999999999958156,0.05750328120738051
20.080020005001252,1.1712061363794883,-0.08717444800407533,0.7784090811258308,0.7806267685298864,0.9999999999955413,0.05750328104388956
20.10502625656414,1.168963640512136,-0.09215195516371442,0.7784090814415435,0.7806267689202038,0.9999999999952311,0.05750328088567494
20.130032508127034,1.1665988400911005,-0.09695508099562133,0.7784090817470637,0.7806267692979275,0.9999999999948805,0.05750328073256647
20.155038759689923,1.1641161900978763,-0.10157636273002509,0.7784090820427201,0.780626769663464,0.9999999999944846,0.05750328058439944
20.180045011252815,1.161520325980205,-0.1060088241949901,0.7784090823288309,0.7806267700172064,0.9999999999940379,0.05750328044101445
20.205051262815704,1.1588160514711188,-0.11024598568064384,0.7784090826057037,0.7806267703595352,0.9999999999935341,0.057503280302257244
20.230057514378597,1.1560083261331693,-0.11428187197384031,0.7784090828736364,0.7806267706908184,0.9999999999929658,0.05750328016797865
20.255063765941486,1.15310225240882,-0.11811101829946392,0.778409083132917,0.7806267710114126,0.999999999992325,0.057503280038034225
20.28007001750438,1.1501030631114757,-0.1217284734629166,0.7784090833838243,0.7806267713216626,0.9999999999916025,0.05750327991228423
20.305076269067268,1.1470161084130757,-0.12512980171459648,0.7784090836266279,0.780626771621902,0.9999999999907877,0.05750327979059349
20.330082520630157,1.1438468428310766,-0.1283110819328627,0.7784090838615888,0.7806267719124537,0.9999999999898688,0.057503279672831115
20.35508877219305,1.1406008127757923,-0.1312689050585089,0.7784090840889593,0.7806267721936303,0.9999999999888326,0.05750327955887057
20.38009502375594,1.1372836432430933,-0.13400036993461562,0.7784090843089835,0.7806267724657342,0.9999999999876641,0.05750327944858935
20.40510127531883,1.1339010257676363,-0.13650307668730588,0.7784090845218976,0.780626772729058,0.9999999999863466,0.05750327934186897
20.43010752688172,1.1304587055205075,-0.13877511943863577,0.7784090847279299,0.780626772983885,0.9999999999848612,0.05750327923859483
20.455113778444613,1.1269624693099058,-0.1408150763066375,0.7784090849273014,0.7806267732304893,0.999999999983187,0.05750327913865588
20.4801200300075,1.1234181336466087,-0.14262199925093788,0.7784090851202256,0.780626773469136,0.9999999999813008,0.057503279041945035
20.505126281570394,1.1198315327246235,-0.14419540126918554,0.7784090853069089,0.7806267737000819,0.9999999999791767,0.05750327894835833
20.530132533133283,1.1162085076269375,-0.14553524384682412,0.7784090854875511,0.7806267739235753,0.9999999999767857,0.05750327885779545
20.555138784696176,1.1125548945110177,-0.14664192184544037,0.778409085662345,0.7806267741398564,0.9999999999740966,0.057503278770159275
20.580145036259065,1.1088765149000035,-0.14751624911813227,0.7784090858314774,0.780626774349158,0.9999999999710745,0.0575032786853559
20.605151287821958,1.1051791643414606,-0.1481594415007046,0.7784090859951283,0.7806267745517049,0.9999999999676813,0.057503278603294496
20.630157539384847,1.1014686037071697,-0.1485731012668376,0.778409086153472,0.780626774747715,0.9999999999638758,0.05750327852388726
20.65516379094774,1.0977505485764079,-0.14875919852275796,0.7784090863066767,0.7806267749373991,0.9999999999596132,0.05750327844704921
20.68017004251063,1.0940306613545814,-0.14872005519209405,0.7784090864549049,0.780626775120961,0.999999999954845,0.05750327837269829
20.70517629407352,1.090314541829194,-0.14845832521939292,0.7784090865983133,0.780626775298598,0.9999999999495196,0.05750327830075516
20.73018254563641,1.0866077194984352,-0.14797697831733633,0.7784090867370536,0.7806267754705011,0.9999999999435819,0.05750327823114307
20.7551887971993,1.0829156462474525,-0.14727928017379674,0.7784090868712716,0.7806267756368549,0.9999999999369737,0.05750327816378788
20.78019504876219,1.079243687842651,-0.14636877504037318,0.7784090870011086,0.7806267757978382,0.999999999929634,0.057503278098617945
20.80520130032508,1.0755971195348697,-0.14524926824533652,0.7784090871267004,0.7806267759536242,0.9999999999214992,0.05750327803556401
20.830207551887973,1.0719811169251714,-0.14392480598187438,0.7784090872481785,0.7806267761043798,0.9999999999125044,0.0575032779745592
20.855213803450862,1.0684007522408678,-0.142399661069535,0.7784090873656692,0.7806267762502671,0.9999999999025833,0.05750327791553886
20.880220055013755,1.0648609889875733,-0.14067831316523735,0.7784090874792945,0.7806267763914427,0.999999999891669,0.057503277858440595
20.905226306576644,1.0613666744897816,-0.13876543185570783,0.778409087589172,0.7806267765280582,0.9999999998796961,0.057503277803204064
20.930232558139537,1.057922538445704,-0.13666586293376443,0.7784090876954151,0.7806267766602601,0.9999999998666009,0.057503277749771056
20.955238809702426,1.0545331871782526,-0.13438460934952207,0.778409087798133,0.7806267767881904,0.9999999998523232,0.05750327769808526
20.980245061265318,1.0512030992886714,-0.13192681781650645,0.7784090878974311,0.780626776911986,0.9999999998368079,0.05750327764809237
21.005251312828207,1.0479366242877024,-0.12929776465757967,0.7784090879934112,0.7806267770317799,0.9999999998200062,0.05750327759973982
21.0302575643911,1.0447379772107874,-0.1265028395703947,0.7784090880861714,0.7806267771477003,0.9999999998018783,0.057503277552976836
21.05526381595399,1.041611237452615,-0.12354753511458734,0.7784090881758061,0.7806267772598715,0.9999999997823945,0.057503277507754406
21.08027006751688,1.0385603461086146,-0.12043743222355743,0.7784090882624073,0.7806267773684137,0.9999999997615379,0.05750327746402507
21.10527631907977,1.0355891031838853,-0.11717818897904377,0.7784090883460633,0.7806267774734429,0.9999999997393059,0.05750327742174297
21.130282570642663,1.0327011670102597,-0.11377552998619206,0.7784090884268601,0.7806267775750717,0.9999999997157125,0.057503277380863624
21.155288822205552,1.029900051429152,-0.11023523485869968,0.778409088504881,0.7806267776734089,0.9999999996907903,0.05750327734134397
21.180295073768445,1.0271891256757735,-0.10656312993956628,0.778409088580207,0.7806267777685596,0.9999999996645921,0.057503277303142336
21.205301325331334,1.0245716124084654,-0.10276507803592108,0.778409088652917,0.7806267778606255,0.9999999996371923,0.05750327726621825
21.230307576894223,1.0220505875995822,-0.09884697147766482,0.7784090887230881,0.7806267779497053,0.9999999996086886,0.0575032772305323
21.255313828457115,1.019628979370789,-0.09481472354011758,0.7784090887907957,0.7806267780358941,0.9999999995792025,0.05750327719604627
21.280320080020005,1.0173095679477713,-0.09067426261358161,0.7784090888561139,0.7806267781192843,0.9999999995488797,0.05750327716272291
21.305326331582897,1.0150949850529924,-0.08643152527944326,0.7784090889191156,0.7806267781999648,0.9999999995178903,0.05750327713052587
21.330332583145786,1.0129877140276118,-0.0820924515867209,0.7784090889798727,0.7806267782780222,0.9999999994864283,0.057503277099419714
21.35533883470868,1.010990089572053,-0.07766297958443902,0.7784090890384563,0.7806267783535399,0.9999999994547096,0.057503277069369765
21.380345086271568,1.0091042980786915,-0.07314904172936659,0.7784090890949369,0.780626778426599,0.9999999994229711,0.057503277040342096
21.40535133783446,1.0073323775848873,-0.0685565606692083,0.7784090891493844,0.7806267784972779,0.9999999993914679,0.05750327701230339
21.43035758939735,1.0056762182973475,-0.06389144674203755,0.7784090892018689,0.7806267785656524,0.9999999993604693,0.05750327698522102
21.455363840960242,1.0041375626938818,-0.059159594859851665,0.7784090892524593,0.780626778631796,0.9999999993302569,0.05750327695906308
21.48037009252313,1.0027180061616499,-0.05436688295766357,0.7784090893012253,0.78062677869578,0.9999999993011186,0.05750327693379792
21.505376344086024,1.0014189972481415,-0.04951916992689037,0.7784090893482358,0.7806267787576735,0.9999999992733455,0.05750327690939465
21.530382595648913,1.0002418383001972,-0.044622294741812264,0.7784090893935599,0.7806267788175435,0.9999999992472253,0.05750327688582275
21.555388847211805,0.999187685884204,-0.039682075464835875,0.778409089437266,0.7806267788754547,0.9999999992230386,0.0575032768630524
21.580395098774694,0.9982575513445657,-0.03470430878075536,0.7784090894794228,0.7806267789314704,0.9999999992010531,0.057503276841054
21.605401350337587,0.9974523013617135,-0.02969476997209435,0.778409089520098,0.7806267789856515,0.9999999991815174,0.05750327681979871
21.630407601900476,0.9967726584398091,-0.024659212819307923,0.778409089559359,0.7806267790380572,0.9999999991646579,0.05750327679925818
21.655413853463365,0.996219201485413,-0.019603370134949175,0.7784090895972724,0.7806267790887453,0.9999999991506723,0.05750327677940448
21.680420105026258,0.9957923662999353,-0.014532954224254959,0.7784090896339035,0.7806267791377716,0.9999999991397267,0.05750327676021054
21.705426356589147,0.9954924460878352,-0.009453657566557121,0.7784090896693169,0.7806267791851902,0.9999999991319514,0.05750327674164976
21.73043260815204,0.9953195919496469,-0.004371153726775665,0.7784090897035754,0.780626779231054,0.9999999991274383,0.05750327672369611
21.75543885971493,0.9952738133362347,0.0007089017808567136,0.7784090897367398,0.7806267792754138,0.9999999991262392,0.057503276706324616
21.78044511127782,0.9953549784912201,0.005780870506571945,0.7784090897688697,0.7806267793183196,0.9999999991283641,0.05750327668951074
21.80545136284071,0.9955628148650126,0.010839130079122171,0.7784090898000219,0.7806267793598195,0.999999999133782,0.057503276673230935
21.830457614403603,0.9958969095043341,0.015878073241075315,0.7784090898302508,0.7806267793999604,0.9999999991424205,0.057503276657462535
21.85546386596649,0.9963567094183362,0.020892106950596696,0.7784090898596082,0.7806267794387874,0.9999999991541688,0.057503276642183764
21.880470117529384,0.9969415219258029,0.025875651586085107,0.7784090898881433,0.7806267794763451,0.9999999991688789,0.05750327662737367
21.905476369092273,0.9976505149809444,0.030823140255548595,0.7784090899159017,0.7806267795126758,0.99999999918637,0.05750327661301246
21.930482620655166,0.9984827174800531,0.03572901826331449,0.7784090899429268,0.7806267795478213,0.9999999992064317,0.057503276599081124
21.955488872218055,0.9994370195709757,0.040587742856380976,0.778409089969258,0.7806267795818218,0.9999999992288287,0.0575032765855618
21.980495123780948,1.0005121729504587,0.045393783122912965,0.7784090899949317,0.7806267796147162,0.9999999992533056,0.057503276572437555
22.005501375343837,1.0017067911403599,0.05014162010506301,0.7784090900199815,0.780626779646542,0.9999999992795923,0.0575032765596925
22.03050762690673,1.0030193498322368,0.05482574744400018,0.7784090900444369,0.7806267796773363,0.9999999993074082,0.05750327654731176
22.05551387846962,1.0044481871739606,0.059440672046483636,0.7784090900683253,0.7806267797071341,0.999999999336469,0.05750327653528126
22.080520130032507,1.0059915041218195,0.06398091529730252,0.77840909009167,0.7806267797359696,0.9999999993664899,0.05750327652358814
22.1055263815954,1.0076473648683768,0.06844101476069843,0.7784090901144926,0.780626779763876,0.9999999993971911,0.05750327651222019
22.13053263315829,1.0094136971665122,0.07281552586423265,0.7784090901368109,0.780626779790885,0.9999999994283024,0.057503276501166226
22.15553888472118,1.0112882929542693,0.07709902471880001,0.7784090901586409,0.7806267798170277,0.9999999994595661,0.05750327649041578
22.18054513628407,1.0132688087372224,0.08128611060004957,0.7784090901799962,0.7806267798423335,0.9999999994907409,0.05750327647995914
22.205551387846963,1.0153527663714357,0.08537140967498467,0.7784090902008879,0.7806267798668315,0.9999999995216043,0.057503276469787375
22.230557639409852,1.0175375536549633,0.08934957868572906,0.7784090902213257,0.780626779890549,0.9999999995519546,0.057503276459892186
22.255563890972745,1.0198204252241097,0.09321530942652417,0.7784090902413175,0.7806267799135128,0.9999999995816123,0.057503276450265685
22.280570142535634,1.022198503473633,0.09696333384011849,0.77840909026087,0.7806267799357486,0.9999999996104212,0.0575032764409008
22.305576394098527,1.0246687795837648,0.10058842927521729,0.7784090902799885,0.7806267799572811,0.9999999996382485,0.05750327643179068
22.330582645661416,1.0272281148349718,0.10408542502941033,0.7784090902986776,0.7806267799781341,0.9999999996649842,0.057503276422929024
22.355588897224308,1.0298732418345884,0.10744920849517008,0.7784090903169409,0.7806267799983305,0.9999999996905415,0.057503276414309884
22.380595148787197,1.032600766251461,0.1106747331057349,0.778409090334782,0.7806267800178924,0.9999999997148549,0.057503276405927534
22.40560140035009,1.0354071683568558,0.11375702549070338,0.7784090903522034,0.7806267800368408,0.999999999737879,0.057503276397776665
22.43060765191298,1.0382888051511814,0.11669119471156925,0.7784090903692081,0.7806267800551961,0.9999999997595873,0.05750327638985205
22.45561390347587,1.041241912409735,0.11947244060102034,0.7784090903857986,0.7806267800729781,0.99999999977997,0.05750327638214873
22.48062015503876,1.0442626070673378,0.12209606400249393,0.7784090904019777,0.7806267800902058,0.9999999997990325,0.05750327637466179
22.505626406601653,1.0473468901010232,0.12455747666482976,0.7784090904177481,0.7806267801068969,0.9999999998167934,0.057503276367386696
22.530632658164542,1.0504906488771175,0.12685221187388013,0.778409090433113,0.7806267801230692,0.9999999998332824,0.05750327636031871
22.55563890972743,1.0536896613080766,0.12897593648942238,0.7784090904480758,0.7806267801387395,0.9999999998485385,0.0575032763534533
22.580645161290324,1.0569395979166758,0.13092446125294968,0.7784090904626402,0.7806267801539238,0.9999999998626087,0.0575032763467861
22.605651412853213,1.0602360273352474,0.13269375527931454,0.7784090904768103,0.780626780168638,0.9999999998755454,0.057503276340312603
22.630657664416105,1.0635744186628857,0.13427995603726095,0.7784090904905905,0.7806267801828969,0.999999999887406,0.05750327633402854
22.655663915978995,1.0669501470540947,0.13567938506011745,0.7784090905039859,0.7806267801967149,0.9999999998982502,0.05750327632792946
22.680670167541887,1.0703584986375418,0.13688856003719688,0.7784090905170014,0.7806267802101062,0.9999999999081399,0.0575032763220112
22.705676419104776,1.0737946734883697,0.13790420738452203,0.7784090905296429,0.7806267802230841,0.9999999999171376,0.05750327631626938
22.73068267066767,1.077253794432612,0.1387232799279624,0.7784090905419163,0.7806267802356616,0.9999999999253054,0.05750327631069979
22.755688922230558,1.0807309103575102,0.13934296692249412,0.778409090553828,0.7806267802478511,0.9999999999327045,0.057503276305298195
22.78069517379345,1.0842210016369185,0.13976070977752386,0.7784090905653844,0.7806267802596649,0.9999999999393941,0.05750327630006046
22.80570142535634,1.0877189903754236,0.13997421893378986,0.7784090905765928,0.7806267802711145,0.9999999999454318,0.05750327629498233
22.830707676919232,1.091219743503861,0.13998148363762575,0.7784090905874599,0.7806267802822114,0.999999999950872,0.057503276290059725
22.85571392848212,1.0947180811835924,0.13978078931836496,0.7784090905979932,0.7806267802929663,0.9999999999557667,0.05750327628528862
22.880720180045014,1.0982087854810718,0.13937073053563803,0.7784090906082002,0.7806267803033897,0.9999999999601645,0.057503276280664914
22.905726431607903,1.1016866060376367,0.13875022412903726,0.7784090906180884,0.780626780313492,0.9999999999641113,0.05750327627618462
22.930732683170795,1.1051462709325894,0.13791852381728045,0.7784090906276657,0.7806267803232828,0.9999999999676494,0.05750327627184384
22.955738934733684,1.1085824928548857,0.13687523128253298,0.7784090906369397,0.7806267803327718,0.9999999999708182,0.05750327626763865
22.980745186296573,1.111989979688727,0.135620310011033,0.7784090906459186,0.7806267803419681,0.9999999999736539,0.05750327626356524
23.005751437859466,1.1153634427128702,0.13415409547443474,0.7784090906546096,0.7806267803508808,0.9999999999761897,0.05750327625961989
23.030757689422355,1.1186976064524525,0.13247730693811866,0.778409090663021,0.7806267803595185,0.9999999999784561,0.05750327625579884
23.055763940985248,1.1219872183668953,0.13059105654235995,0.7784090906711603,0.7806267803678896,0.9999999999804807,0.05750327625209854
23.080770192548137,1.1252270586305693,0.12849685886540912,0.7784090906790353,0.7806267803760021,0.9999999999822886,0.05750327624851542
23.10577644411103,1.1284119505031611,0.12619663822313398,0.7784090906866536,0.7806267803838639,0.9999999999839024,0.057503276245046024
23.13078269567392,1.1315367705106436,0.12369273583909955,0.7784090906940229,0.7806267803914828,0.9999999999853431,0.0575032762416869
23.15578894723681,1.1345964589641884,0.12098791487157551,0.7784090907011503,0.7806267803988661,0.9999999999866285,0.05750327623843478
23.1807951987997,1.1375860307150536,0.11808536482760491,0.7784090907080432,0.7806267804060208,0.9999999999877756,0.057503276235286456
23.205801450362593,1.140500585514918,0.11498870407043048,0.7784090907147089,0.7806267804129541,0.999999999988799,0.057503276232238686
23.23080770192548,1.1433353192652558,0.11170198101023755,0.7784090907211543,0.7806267804196726,0.9999999999897122,0.05750327622928845
23.255813953488374,1.1460855341466718,0.10822967392977988,0.7784090907273863,0.7806267804261829,0.9999999999905269,0.05750327622643264
23.280820205051263,1.148746650004991,0.10457668863630934,0.7784090907334116,0.7806267804324912,0.9999999999912538,0.05750327622366846
23.305826456614156,1.151314214413008,0.10074835525377604,0.7784090907392367,0.7806267804386039,0.9999999999919023,0.05750327622099304
23.330832708177045,1.1537839136184442,0.09675042247409188,0.7784090907448681,0.7806267804445267,0.9999999999924805,0.05750327621840355
23.355838959739938,1.156151582784571,0.0925890506340029,0.7784090907503118,0.7806267804502655,0.999999999992996,0.05750327621589737
23.380845211302827,1.1584132160628542,0.08827080296771178,0.7784090907555743,0.7806267804558259,0.9999999999934555,0.057503276213471774
23.405851462865716,1.160564976819419,0.08380263462291504,0.778409090760661,0.7806267804612134,0.9999999999938647,0.057503276211124374
23.43085771442861,1.1626032069923933,0.07919188069881346,0.778409090765578,0.7806267804664332,0.9999999999942286,0.057503276208852566
23.455863965991497,1.164524436570093,0.0744462419010218,0.7784090907703306,0.7806267804714904,0.9999999999945518,0.05750327620665405
23.48087021755439,1.166325392578491,0.06957376859415665,0.7784090907749243,0.7806267804763899,0.9999999999948384,0.057503276204526485
23.50587646911728,1.1680030074681296,0.06458284360074393,0.7784090907793644,0.7806267804811368,0.9999999999950917,0.057503276202467576
23.53088272068017,1.1695544272955372,0.0594821628751277,0.7784090907836558,0.7806267804857355,0.9999999999953149,0.057503276200475135
23.55588897224306,1.1709770193035705,0.05428071477154586,0.7784090907878036,0.7806267804901907,0.9999999999955107,0.057503276198547094
23.580895223805953,1.1722683788888704,0.04898775813903297,0.7784090907918125,0.7806267804945068,0.9999999999956812,0.05750327619668137
23.605901475368842,1.1734263361192938,0.043612798714501064,0.7784090907956871,0.7806267804986879,0.9999999999958287,0.05750327619487598
23.630907726931735,1.1744489616160465,0.038165564252406164,0.7784090907994318,0.7806267805027383,0.9999999999959547,0.05750327619312905
23.655913978494624,1.175334571751057,0.03265597874035445,0.778409090803051,0.7806267805066619,0.9999999999960607,0.05750327619143861
23.680920230057517,1.176081733226997,0.027094135432572466,0.7784090908065489,0.7806267805104627,0.9999999999961481,0.05750327618980289
23.705926481620406,1.1766892669714597,0.021490268973482742,0.7784090908099295,0.7806267805141445,0.9999999999962177,0.057503276188220154
23.730932733183298,1.1771562513150728,0.015854726779362924,0.7784090908131966,0.7806267805177108,0.9999999999962703,0.05750327618668867
23.755938984746187,1.1774820244437718,0.010197939852243435,0.7784090908163541,0.7806267805211653,0.9999999999963065,0.05750327618520687
23.78094523630908,1.177666186119216,0.004530393134569796,0.7784090908194057,0.7806267805245114,0.9999999999963269,0.057503276183773114
23.80595148787197,1.1777085986547837,-0.0011374044698409715,0.7784090908223547,0.7806267805277524,0.9999999999963316,0.05750327618238586
23.83095773943486,1.1776093871381954,-0.006794950195461423,0.7784090908252046,0.7806267805308916,0.9999999999963206,0.05750327618104364
23.85596399099775,1.1773689389018365,-0.012431777489856726,0.7784090908279587,0.7806267805339322,0.9999999999962941,0.057503276179744996
23.88097024256064,1.1769879022426453,-0.01803748591206661,0.7784090908306203,0.7806267805368771,0.9999999999962514,0.05750327617848858
23.905976494123532,1.1764671843986254,-0.023601770686968646,0.7784090908331923,0.7806267805397293,0.9999999999961924,0.05750327617727293
23.93098274568642,1.1758079487925615,-0.029114451759876554,0.7784090908356776,0.7806267805424918,0.9999999999961163,0.05750327617609689
23.955988997249314,1.1750116115566054,-0.03456550220953325,0.7784090908380791,0.7806267805451671,0.9999999999960224,0.05750327617495913
23.980995248812203,1.1740798373527495,-0.03994507588061075,0.7784090908403994,0.7806267805477582,0.9999999999959097,0.05750327617385843
24.006001500375096,1.1730145345200786,-0.04524353404431114,0.7784090908426413,0.7806267805502676,0.9999999999957768,0.05750327617279365
24.031007751937985,1.1718178495636735,-0.05045147101526762,0.7784090908448071,0.7806267805526977,0.9999999999956224,0.057503276171763665
24.056014003500877,1.1704921610280474,-0.05555973856485822,0.7784090908468996,0.7806267805550512,0.9999999999954449,0.0575032761707673
24.081020255063766,1.1690400727541905,-0.06055946911261883,0.7784090908489207,0.7806267805573304,0.999999999995242,0.05750327616980358
24.10602650662666,1.167464406577058,-0.06544209746426995,0.7784090908508728,0.7806267805595374,0.9999999999950118,0.05750327616887152
24.131032758189548,1.1657681945358476,-0.07019938094994732,0.7784090908527582,0.7806267805616746,0.9999999999947513,0.057503276167970054
24.15603900975244,1.1639546705807537,-0.07482341814460115,0.7784090908545788,0.7806267805637442,0.9999999999944579,0.05750327616709824
24.18104526131533,1.1620272617517717,-0.07930666605562128,0.7784090908563365,0.7806267805657482,0.9999999999941279,0.05750327616625522
24.206051512878222,1.1599895790878088,-0.08364195527090157,0.7784090908580331,0.7806267805676887,0.9999999999937578,0.05750327616544012
24.23105776444111,1.1578454081405896,-0.08782250361908231,0.7784090908596705,0.7806267805695677,0.9999999999933431,0.05750327616465211
24.256064016004004,1.1555986990091862,-0.09184192826562584,0.7784090908612503,0.7806267805713869,0.9999999999928789,0.05750327616389038
24.281070267566893,1.1532535563384976,-0.09569425553672847,0.7784090908627741,0.7806267805731485,0.9999999999923599,0.05750327616315411
24.306076519129782,1.1508142290138617,-0.09937392936267368,0.7784090908642434,0.7806267805748539,0.9999999999917798,0.05750327616244268
24.331082770692674,1.1482850994252165,-0.10287581804257746,0.7784090908656595,0.780626780576505,0.9999999999911318,0.057503276161755316
24.356089022255563,1.1456706730549469,-0.1061952187069033,0.7784090908670236,0.7806267805781036,0.9999999999904083,0.05750327616109137
24.381095273818456,1.1429755675603883,-0.10932786082701272,0.7784090908683372,0.7806267805796512,0.9999999999896005,0.057503276160450194
24.406101525381345,1.1402045018708376,-0.1122699074763055,0.7784090908696011,0.7806267805811494,0.999999999988699,0.05750327615983121
24.431107776944238,1.1373622856446404,-0.11501795516959301,0.7784090908708163,0.7806267805825996,0.9999999999876932,0.05750327615923388
24.456114028507127,1.1344538079819748,-0.1175690324087985,0.7784090908719838,0.7806267805840033,0.9999999999865712,0.057503276158657704
24.48112028007002,1.1314840271770474,-0.11992059610516015,0.7784090908731041,0.780626780585362,0.9999999999853197,0.057503276158102204
24.50612653163291,1.1284579596095203,-0.1220705274940239,0.778409090874178,0.780626780586677,0.9999999999839246,0.05750327615756686
24.5311327831958,1.1253806694965285,-0.12401712569928373,0.7784090908752057,0.7806267805879495,0.99999999998237,0.05750327615705137
24.55613903475869,1.1222572584572528,-0.12575910112983138,0.7784090908761879,0.780626780589181,0.9999999999806382,0.05750327615655533
24.581145286321583,1.1190928551591557,-0.1272955666338224,0.7784090908771247,0.7806267805903726,0.99999999997871,0.057503276156078385
24.60615153788447,1.1158926057651857,-0.128626028725375,0.778409090878016,0.7806267805915253,0.9999999999765647,0.057503276155620335
24.631157789447364,1.1126616636313822,-0.12975037667272743,0.7784090908788618,0.7806267805926406,0.9999999999741794,0.057503276155180916
24.656164041010253,1.1094051806095937,-0.1306688720048893,0.7784090908796618,0.7806267805937193,0.9999999999715296,0.05750327615475993
24.681170292573146,1.106128297038304,-0.13138213582276134,0.7784090908804155,0.7806267805947623,0.9999999999685886,0.057503276154357345
24.706176544136035,1.1028361338235506,-0.1318911371158299,0.7784090908811224,0.780626780595771,0.9999999999653278,0.057503276153972945
24.731182795698924,1.099533782978111,-0.1321971785297787,0.7784090908817817,0.7806267805967461,0.9999999999617168,0.057503276153606744
24.756189047261817,1.0962263002871482,-0.13230188401867696,0.7784090908823922,0.7806267805976884,0.9999999999577234,0.05750327615325881
24.781195298824706,1.092918696840592,-0.13220718342362087,0.7784090908829528,0.780626780598599,0.9999999999533132,0.05750327615292919
24.8062015503876,1.0896159317186433,-0.13191529960169643,0.7784090908834622,0.7806267805994785,0.9999999999484505,0.057503276152617994
24.831207801950487,1.0863229053816315,-0.13142873281870493,0.7784090908839186,0.7806267806003279,0.9999999999430977,0.05750327615232549
24.85621405351338,1.0830444515157427,-0.13075024663024262,0.7784090908843204,0.7806267806011477,0.9999999999372168,0.05750327615205185
24.88122030507627,1.079785332863911,-0.1298828538757818,0.7784090908846653,0.7806267806019386,0.999999999930768,0.05750327615179743
24.90622655663916,1.0765502326241099,-0.12882980009098557,0.778409090884951,0.7806267806027013,0.9999999999237121,0.057503276151562595
24.93123280820205,1.0733437504974532,-0.12759455174126103,0.7784090908851754,0.7806267806034364,0.9999999999160091,0.057503276151347725
24.956239059764943,1.0701703978477317,-0.12618078017319231,0.7784090908853356,0.7806267806041443,0.9999999999076201,0.05750327615115332
24.981245311327832,1.0670345900614409,-0.12459234683469625,0.7784090908854289,0.7806267806048257,0.9999999998985076,0.05750327615097987
25.006251562890725,1.063940644868801,-0.12283329221506925,0.7784090908854524,0.780626780605481,0.9999999998886362,0.05750327615082796
25.031257814453614,1.0608927769489511,-0.12090781961416044,0.7784090908854029,0.7806267806061105,0.9999999998779736,0.05750327615069818
25.056264066016507,1.05789509307176,-0.11882028328271677,0.7784090908852772,0.7806267806067146,0.999999999866491,0.057503276150591184
25.081270317579396,1.054951590535994,-0.1165751765425642,0.7784090908850724,0.7806267806072936,0.9999999998541653,0.05750327615050757
25.10627656914229,1.0520661517773406,-0.11417711747343504,0.7784090908847849,0.780626780607848,0.999999999840979,0.05750327615044802
25.131282820705177,1.0492425425665861,-0.11163083952353303,0.7784090908844117,0.7806267806083778,0.9999999998269216,0.057503276150413216
25.15628907226807,1.0464844092870307,-0.1089411788950749,0.7784090908839496,0.7806267806088832,0.9999999998119912,0.05750327615040379
25.18129532383096,1.043795275635552,-0.10611306411868009,0.7784090908833957,0.7806267806093645,0.9999999997961951,0.05750327615042039
25.206301575393848,1.0411785416525239,-0.10315150660710459,0.7784090908827473,0.7806267806098219,0.9999999997795513,0.05750327615046355
25.23130782695674,1.0386374805587548,-0.10006158995562416,0.778409090882002,0.7806267806102553,0.999999999762089,0.057503276150533855
25.25631407851963,1.036175238098034,-0.09684846222708246,0.7784090908811578,0.7806267806106649,0.9999999997438498,0.05750327615063166
25.281320330082522,1.0337948302173443,-0.09351732628660638,0.7784090908802132,0.780626780611051,0.9999999997248885,0.057503276150757274
25.30632658164541,1.0314991424148063,-0.09007343306023151,0.7784090908791669,0.7806267806114132,0.9999999997052738,0.057503276150911026
25.331332833208304,1.0292909281635996,-0.08652207324393649,0.7784090908780186,0.7806267806117518,0.9999999996850879,0.05750327615109295
25.356339084771193,1.027172808363326,-0.08286857141371426,0.7784090908767687,0.7806267806120669,0.9999999996644279,0.05750327615130299
25.381345336334086,1.0251472702783127,-0.07911827906613064,0.7784090908754181,0.7806267806123586,0.9999999996434041,0.05750327615154084
25.406351587896975,1.0232166671930427,-0.07527656962167921,0.7784090908739688,0.7806267806126267,0.9999999996221409,0.05750327615180611
25.431357839459867,1.0213832176878048,-0.07134883263958955,0.7784090908724236,0.7806267806128714,0.9999999996007752,0.057503276152098146
25.456364091022756,1.0196490055344865,-0.0673404697539973,0.7784090908707864,0.7806267806130929,0.9999999995794553,0.057503276152416044
25.48137034258565,1.018015979203753,-0.06325688991686895,0.7784090908690617,0.7806267806132912,0.9999999995583393,0.057503276152758784
25.506376594148538,1.0164859519754847,-0.059103506231892276,0.7784090908672556,0.7806267806134666,0.9999999995375943,0.05750327615312487
25.53138284571143,1.0150606016392953,-0.054885732139733856,0.7784090908653749,0.7806267806136192,0.9999999995173927,0.05750327615351282
25.55638909727432,1.0137414707368526,-0.05060897900978529,0.7784090908634274,0.7806267806137495,0.9999999994979112,0.05750327615392079
25.581395348837212,1.012529966472967,-0.046278653276628466,0.778409090861422,0.7806267806138576,0.999999999479327,0.057503276154346694
25.6064016004001,1.0114273609830469,-0.04190015453442836,0.7784090908593686,0.780626780613944,0.9999999994618161,0.0575032761547882
25.63140785196299,1.0104347914726568,-0.03747887366582847,0.7784090908572778,0.7806267806140093,0.9999999994455495,0.05750327615524285
25.656414103525883,1.0095532604521558,-0.033020191249850346,0.7784090908551614,0.7806267806140538,0.999999999430691,0.057503276155707925
25.681420355088772,1.0087836360534121,-0.02852947653035777,0.7784090908530314,0.7806267806140783,0.9999999994173935,0.05750327615618048
25.706426606651664,1.008126652270414,-0.02401208621167221,0.7784090908509009,0.7806267806140835,0.9999999994057966,0.0575032761566575
25.731432858214554,1.0075829093239967,-0.01947336382784936,0.778409090848783,0.7806267806140702,0.9999999993960244,0.057503276157135824
25.756439109777446,1.0071528739841995,-0.01491863912916114,0.7784090908466913,0.7806267806140393,0.999999999388182,0.05750327615761221
25.781445361340335,1.0068368799151866,-0.010353227573763793,0.7784090908446395,0.7806267806139918,0.9999999993823545,0.057503276158083365
25.806451612903228,1.00663512804778,-0.005782430083540536,0.7784090908426413,0.7806267806139288,0.9999999993786048,0.057503276158545925
25.831457864466117,1.0065476869405243,-0.0012115327985644814,0.7784090908407102,0.7806267806138513,0.9999999993769726,0.057503276158996725
25.85646411602901,1.0065744931507867,0.0033541931287463175,0.7784090908388591,0.7806267806137606,0.9999999993774734,0.05750327615943249
25.8814703675919,1.0067153516138778,0.007909491635340587,0.7784090908371009,0.7806267806136578,0.9999999993800985,0.05750327615985011
25.90647661915479,1.0069699360206663,0.012449121909830628,0.7784090908354472,0.7806267806135444,0.999999999384815,0.05750327616024664
25.93148287071768,1.0073377892009943,0.01696785856524932,0.7784090908339091,0.7806267806134216,0.9999999993915666,0.057503276160619315
25.956489122280573,1.007818323513629,0.021460491890729436,0.7784090908324967,0.780626780613291,0.9999999994002748,0.05750327616096557
25.98149537384346,1.0084108212415501,0.025921828174156863,0.7784090908312186,0.7806267806131538,0.9999999994108408,0.057503276161283146
26.006501625406354,1.0091144349943246,0.030346690139682837,0.7784090908300829,0.7806267806130117,0.9999999994231467,0.05750327616156982
26.031507876969243,1.0099281881301492,0.03472991758796103,0.7784090908290958,0.7806267806128661,0.9999999994370586,0.05750327616182399
26.056514128532132,1.0108509751982737,0.03906636818920299,0.7784090908282625,0.7806267806127182,0.9999999994524291,0.05750327616204411
26.081520380095025,1.0118815623769397,0.04335091838358683,0.7784090908275866,0.7806267806125697,0.9999999994690997,0.05750327616222902
26.106526631657914,1.013018587981032,0.04757846471561519,0.7784090908270704,0.7806267806124219,0.9999999994869038,0.05750327616237798
26.131532883220807,1.0142605629794244,0.05174392527672428,0.7784090908267149,0.7806267806122761,0.9999999995056695,0.05750327616249039
26.156539134783696,1.0156058715210081,0.05584224136460504,0.7784090908265198,0.7806267806121336,0.9999999995252231,0.05750327616256608
26.18154538634659,1.0170527716126552,0.059868379776892765,0.7784090908264831,0.7806267806119958,0.9999999995453909,0.057503276162605144
26.206551637909477,1.0185993956945518,0.06381733493318623,0.7784090908266021,0.7806267806118635,0.9999999995660023,0.05750327616260804
26.23155788947237,1.0202437514410545,0.06768413182826911,0.7784090908268727,0.7806267806117383,0.9999999995868922,0.05750327616257535
26.25656414103526,1.0219837225348805,0.07146382908600901,0.7784090908272899,0.7806267806116209,0.999999999607903,0.05750327616250796
26.28157039259815,1.0238170695110482,0.0751515223289684,0.7784090908278474,0.7806267806115122,0.9999999996288861,0.05750327616240716
26.30657664416104,1.0257414308465163,0.07874234838939653,0.7784090908285385,0.7806267806114133,0.9999999996497041,0.05750327616227419
26.331582895723933,1.0277543238515054,0.08223148916442329,0.7784090908293556,0.7806267806113247,0.9999999996702313,0.057503276162110636
26.356589147286822,1.0298531461166256,0.0856141769390779,0.7784090908302906,0.7806267806112471,0.9999999996903549,0.05750327616191811
26.381595398849715,1.0320351765129259,0.08888569891555047,0.778409090831335,0.7806267806111811,0.9999999997099753,0.057503276161698494
26.406601650412604,1.0342975770146543,0.09204140355808062,0.7784090908324799,0.780626780611127,0.9999999997290068,0.05750327616145365
26.431607901975497,1.0366373938728197,0.09507670592218509,0.7784090908337161,0.7806267806110853,0.9999999997473767,0.05750327616118554
26.456614153538386,1.0390515598500785,0.09798709499281498,0.7784090908350346,0.7806267806110563,0.9999999997650262,0.05750327616089609
26.48162040510128,1.041536895605347,0.10076813982912135,0.7784090908364262,0.7806267806110401,0.9999999997819086,0.057503276160587376
26.506626656664167,1.0440901124109305,0.10341549792953049,0.7784090908378817,0.7806267806110367,0.9999999997979898,0.057503276160261456
26.531632908227056,1.0467078137548567,0.10592492211184491,0.7784090908393921,0.7806267806110463,0.9999999998132469,0.05750327615992031
26.55663915978995,1.0493864986297283,0.10829226997614934,0.7784090908409491,0.7806267806110686,0.9999999998276674,0.05750327615956586
26.581645411352838,1.0521225633610778,0.11051351136699396,0.7784090908425443,0.7806267806111037,0.9999999998412479,0.05750327615919999
26.60665166291573,1.054912305510745,0.11258473899444618,0.7784090908441695,0.7806267806111512,0.9999999998539933,0.057503276158824584
26.63165791447862,1.057751926053782,0.11450217635806,0.7784090908458174,0.780626780611211,0.9999999998659164,0.057503276158441335
26.656664166041512,1.0606375337034126,0.11626218933558223,0.778409090847481,0.7806267806112828,0.9999999998770355,0.0575032761580519
26.6816704176044,1.0635651479558412,0.1178612949199509,0.7784090908491534,0.780626780611366,0.9999999998873746,0.05750327615765789
26.706676669167294,1.0665307030715907,0.11929617272065868,0.7784090908508288,0.7806267806114604,0.9999999998969618,0.057503276157260745
26.731682920730183,1.0695300530835175,0.12056367583049275,0.7784090908525013,0.7806267806115655,0.9999999999058282,0.057503276156861814
26.756689172293076,1.0725589744468318,0.1216608404225249,0.778409090854166,0.780626780611681,0.9999999999140081,0.05750327615646238
26.781695423855965,1.0756131732077534,0.1225848996877431,0.7784090908558182,0.7806267806118061,0.9999999999215371,0.05750327615606352
26.806701675418857,1.0786882881256918,0.12333329225574578,0.7784090908574536,0.7806267806119406,0.9999999999284517,0.057503276155666395
26.831707926981746,1.0817798959395883,0.12390367509639648,0.7784090908590686,0.7806267806120837,0.9999999999347893,0.057503276155271885
26.85671417854464,1.084883519371404,0.12429393618494687,0.7784090908606599,0.780626780612235,0.9999999999405869,0.057503276154880864
26.881720430107528,1.0879946298676788,0.12450220296358898,0.7784090908622247,0.780626780612394,0.9999999999458811,0.05750327615449409
26.90672668167042,1.0911086554803895,0.12452685643939544,0.7784090908637604,0.7806267806125601,0.999999999950708,0.057503276154112215
26.93173293323331,1.0942209878616986,0.12436654124206761,0.7784090908652651,0.7806267806127327,0.9999999999551021,0.057503276153735884
26.9567391847962,1.0973269866918518,0.12402017603520964,0.778409090866737,0.7806267806129115,0.9999999999590967,0.05750327615336551
26.98174543635909,1.1004219896165008,0.12348696601180899,0.7784090908681747,0.7806267806130958,0.9999999999627236,0.057503276153001576
27.00675168792198,1.1035013173278703,0.12276641113255558,0.7784090908695771,0.780626780613285,0.9999999999660129,0.057503276152644445
27.031757939484873,1.1065602817670859,0.1218583175685191,0.7784090908709433,0.7806267806134788,0.999999999968993,0.05750327615229445
27.056764191047762,1.1095941945135055,0.1207628062873,0.7784090908722727,0.7806267806136766,0.9999999999716905,0.05750327615195179
27.081770442610654,1.1125983734021103,0.11948032210147767,0.7784090908735649,0.7806267806138779,0.9999999999741304,0.057503276151616725
27.106776694173544,1.1155681523593939,0.11801164179465538,0.7784090908748197,0.7806267806140824,0.9999999999763355,0.05750327615128935
27.131782945736436,1.11849888818963,0.1163578814263687,0.778409090876037,0.7806267806142895,0.9999999999783273,0.05750327615096976
27.156789197299325,1.1213859706190281,0.11452050294999731,0.7784090908772171,0.7806267806144987,0.9999999999801255,0.05750327615065809
27.181795448862218,1.124224829683443,0.11250131989735838,0.7784090908783602,0.7806267806147098,0.9999999999817479,0.05750327615035428
27.206801700425107,1.1270109457851045,0.11030250200112067,0.7784090908794666,0.7806267806149223,0.9999999999832115,0.05750327615005841
27.231807951988,1.129739857563065,0.10792657907384703,0.7784090908805369,0.7806267806151358,0.9999999999845313,0.05750327614977041
27.25681420355089,1.1324071719030224,0.1053764433185423,0.7784090908815714,0.7806267806153501,0.9999999999857208,0.057503276149490246
27.28182045511378,1.1350085721746916,0.10265535113536338,0.7784090908825712,0.7806267806155648,0.9999999999867928,0.057503276149217825
27.30682670667667,1.1375398280353588,0.09976692296462564,0.7784090908835365,0.7806267806157794,0.9999999999877586,0.057503276148953106
27.331832958239563,1.1399968040285577,0.09671514263788834,0.7784090908844683,0.7806267806159939,0.9999999999886284,0.05750327614869598
27.35683920980245,1.1423754688976628,0.09350435480838137,0.7784090908853674,0.7806267806162078,0.9999999999894116,0.05750327614844632
27.38184546136534,1.1446719045723424,0.09013926137556662,0.7784090908862346,0.780626780616421,0.9999999999901166,0.05750327614820397
27.406851712928233,1.1468823148151226,0.08662491662549121,0.7784090908870706,0.7806267806166332,0.9999999999907507,0.05750327614796885
27.431857964491122,1.1490030343166633,0.08296672050041935,0.7784090908878764,0.7806267806168441,0.9999999999913207,0.057503276147740784
27.456864216054015,1.1510305368730998,0.07917041123606001,0.7784090908886527,0.7806267806170536,0.999999999991833,0.05750327614751964
27.481870467616904,1.152961443991448,0.07524205585405884,0.7784090908894006,0.7806267806172614,0.9999999999922926,0.05750327614730526
27.506876719179797,1.1547925329097588,0.07118803967941313,0.7784090908901207,0.7806267806174674,0.9999999999927045,0.057503276147097576
27.531882970742686,1.1565207443122087,0.06701505457730514,0.778409090890814,0.7806267806176714,0.9999999999930732,0.05750327614689629
27.55688922230558,1.1581431900093093,0.06273008532614464,0.7784090908914815,0.7806267806178734,0.9999999999934023,0.057503276146701296
27.581895473868467,1.1596571599434125,0.058340395269637274,0.7784090908921237,0.780626780618073,0.9999999999936953,0.057503276146512454
27.60690172543136,1.161060128981786,0.053853510427658964,0.7784090908927417,0.7806267806182703,0.9999999999939551,0.05750327614632961
27.63190797699425,1.1623497633464528,0.04927720218757484,0.7784090908933361,0.780626780618465,0.9999999999941844,0.05750327614615259
27.65691422855714,1.1635239264468065,0.04461946925821876,0.7784090908939079,0.7806267806186572,0.9999999999943858,0.05750327614598127
27.68192048012003,1.164580684339768,0.039888518327173855,0.7784090908944575,0.7806267806188467,0.999999999994561,0.057503276145815484
27.706926731682923,1.165518310708335,0.035092743611009274,0.7784090908949862,0.7806267806190333,0.9999999999947118,0.05750327614565506
27.731932983245812,1.166335291268397,0.03024070565034321,0.7784090908954944,0.7806267806192172,0.9999999999948399,0.057503276145499854
27.756939234808705,1.1670303276433414,0.025341109314045387,0.7784090908959828,0.7806267806193982,0.9999999999949463,0.05750327614534975
27.781945486371594,1.1676023407025835,0.02040278096830685,0.778409090896452,0.7806267806195762,0.9999999999950323,0.057503276145204577
27.806951737934487,1.168050473309118,0.01543464506355502,0.7784090908969029,0.7806267806197512,0.9999999999950986,0.05750327614506422
27.831957989497376,1.1683740924706054,0.010445700260973802,0.778409090897336,0.7806267806199232,0.999999999995146,0.05750327614492852
27.856964241060265,1.168572790891644,0.0054449951935618395,0.7784090908977519,0.780626780620092,0.9999999999951749,0.05750327614479739
27.881970492623157,1.1686463879187114,0.00044160393015335044,0.7784090908981514,0.7806267806202578,0.9999999999951855,0.05750327614467063
27.906976744186046,1.1685949298680516,-0.004555398689128014,0.7784090908985347,0.7806267806204205,0.9999999999951781,0.057503276144548185
27.93198299574894,1.168418689736175,-0.009536961719118942,0.7784090908989025,0.7806267806205801,0.9999999999951525,0.05750327614442989
27.956989247311828,1.168118166295091,-0.014494082665662142,0.7784090908992555,0.7806267806207364,0.9999999999951086,0.05750327614431569
27.98199549887472,1.167694082575811,-0.019417831817071053,0.778409090899594,0.7806267806208896,0.999999999995046,0.057503276144205424
28.00700175043761,1.1671473837481539,-0.024299376211154772,0.7784090908999184,0.7806267806210397,0.999999999994964,0.057503276144099016
28.032008002000502,1.1664792344056971,-0.029130003140836667,0.7784090909002293,0.7806267806211867,0.9999999999948621,0.057503276143996356
28.05701425356339,1.1656910152702182,-0.03390114306830831,0.7784090909005269,0.7806267806213306,0.9999999999947391,0.05750327614389735
28.082020505126284,1.1647843193333176,-0.03860439182980174,0.7784090909008119,0.7806267806214713,0.9999999999945941,0.05750327614380189
28.107026756689173,1.163760947452775,-0.04323153204824084,0.7784090909010843,0.7806267806216088,0.9999999999944256,0.05750327614370997
28.132033008252066,1.1626229034278657,-0.047774553652492,0.7784090909013448,0.7806267806217434,0.999999999994232,0.057503276143621385
28.157039259814955,1.1613723885506377,-0.052225673476521156,0.7784090909015934,0.7806267806218748,0.9999999999940115,0.05750327614353619
28.182045511377847,1.1600117957107756,-0.05657735366024415,0.7784090909018306,0.7806267806220033,0.9999999999937619,0.057503276143454164
28.207051762940736,1.1585437030560695,-0.06082231893701157,0.7784090909020566,0.7806267806221286,0.999999999993481,0.057503276143375436
28.23205801450363,1.1569708672121797,-0.06495357282315513,0.7784090909022715,0.780626780622251,0.9999999999931661,0.057503276143299795
28.257064266066518,1.1552962160830837,-0.06896441252415345,0.7784090909024755,0.7806267806223705,0.999999999992814,0.05750327614322727
28.282070517629407,1.153522841404213,-0.07284844229023897,0.7784090909026689,0.7806267806224869,0.9999999999924214,0.05750327614315781
28.3070767691923,1.1516539908938437,-0.07659958573655534,0.7784090909028516,0.7806267806226004,0.9999999999919843,0.05750327614309141
28.33208302075519,1.1496930600403135,-0.0802120967573453,0.7784090909030239,0.780626780622711,0.9999999999914986,0.05750327614302801
28.35708927231808,1.1476435838606196,-0.0836805686817177,0.7784090909031858,0.7806267806228185,0.9999999999909595,0.05750327614296759
28.38209552388097,1.1455092282385368,-0.08699994253817923,0.7784090909033372,0.7806267806229235,0.9999999999903617,0.057503276142910106
28.407101775443863,1.1432937810664539,-0.09016551363984068,0.7784090909034782,0.7806267806230255,0.9999999999896994,0.05750327614285561
28.432108027006752,1.1410011435318064,-0.09317293661125338,0.7784090909036085,0.7806267806231246,0.9999999999889659,0.057503276142804184
28.457114278569644,1.138635320816428,-0.09601822959957228,0.7784090909037283,0.7806267806232209,0.9999999999881544,0.057503276142755765
28.482120530132534,1.1362004131664232,-0.09869777641325676,0.7784090909038371,0.7806267806233145,0.9999999999872566,0.057503276142710384
28.507126781695426,1.1337006067202986,-0.1012083279751839,0.778409090903935,0.7806267806234053,0.9999999999862642,0.057503276142668126
28.532133033258315,1.1311401641075882,-0.10354700216717075,0.7784090909040213,0.7806267806234933,0.9999999999851676,0.057503276142629026
28.557139284821208,1.1285234156979167,-0.10571128241304018,0.7784090909040959,0.7806267806235787,0.9999999999839563,0.05750327614259317
28.582145536384097,1.12585474996023,-0.10769901546802763,0.7784090909041584,0.7806267806236612,0.999999999982619,0.05750327614256069
28.60715178794699,1.1231386049895538,-0.10950840744369535,0.7784090909042082,0.7806267806237409,0.9999999999811434,0.05750327614253168
28.63215803950988,1.120379459030107,-0.11113801961487475,0.7784090909042447,0.780626780623818,0.9999999999795162,0.05750327614250622
28.65716429107277,1.1175818221405323,-0.11258676229739475,0.7784090909042674,0.7806267806238922,0.9999999999777227,0.057503276142484544
28.68217054263566,1.1147502271675056,-0.11385388882678321,0.7784090909042753,0.7806267806239637,0.9999999999757476,0.05750327614246674
28.70717679419855,1.1118892215284235,-0.114938987599309,0.7784090909042679,0.7806267806240325,0.999999999973574,0.057503276142453034
28.73218304576144,1.1090033587491435,-0.11584197453117431,0.7784090909042441,0.7806267806240984,0.9999999999711843,0.057503276142443605
28.75718929732433,1.1060971905295895,-0.11656308352651339,0.7784090909042028,0.7806267806241615,0.9999999999685592,0.057503276142438754
28.782195548887223,1.1031752587328494,-0.1171028577281601,0.7784090909041431,0.7806267806242216,0.9999999999656788,0.05750327614243868
28.807201800450112,1.1002420880726331,-0.11746213875406482,0.7784090909040636,0.7806267806242788,0.9999999999625218,0.05750327614244373
28.832208052013005,1.097302178251876,-0.11764205690683376,0.7784090909039629,0.780626780624333,0.9999999999590662,0.05750327614245421
28.857214303575894,1.0943599977507759,-0.11764401974731901,0.7784090909038398,0.7806267806243841,0.9999999999552889,0.057503276142470416
28.882220555138787,1.091419975743702,-0.11746970115081469,0.7784090909036924,0.780626780624432,0.9999999999511662,0.05750327614249277
28.907226806701676,1.088486497295216,-0.11712103007411011,0.7784090909035192,0.7806267806244767,0.9999999999466739,0.057503276142521646
28.93223305826457,1.0855638951414714,-0.11660017797867472,0.7784090909033184,0.780626780624518,0.9999999999417872,0.05750327614255745
28.957239309827457,1.0826564455978123,-0.11590954874179162,0.7784090909030881,0.7806267806245558,0.9999999999364817,0.05750327614260071
28.98224556139035,1.0797683619694465,-0.11505176485583417,0.7784090909028262,0.7806267806245901,0.9999999999307329,0.057503276142651806
29.00725181295324,1.0769037884245614,-0.11402965686508694,0.7784090909025305,0.7806267806246207,0.999999999924517,0.05750327614271131
29.03225806451613,1.0740667976390612,-0.11284625241207746,0.7784090909021991,0.7806267806246473,0.9999999999178113,0.057503276142779745
29.05726431607902,1.07126138300785,-0.11150476156985133,0.7784090909018296,0.7806267806246698,0.9999999999105947,0.057503276142857634
29.082270567641913,1.0684914550849827,-0.11000856862541661,0.7784090909014196,0.7806267806246882,0.9999999999028479,0.05750327614294556
29.107276819204802,1.065760839066023,-0.10836121949962212,0.7784090909009668,0.7806267806247021,0.9999999998945543,0.057503276143044076
29.132283070767695,1.0630732685354471,-0.10656640970422968,0.7784090909004688,0.7806267806247114,0.9999999998857003,0.05750327614315376
29.157289322330584,1.060432383302563,-0.10462797547361931,0.7784090908999233,0.7806267806247158,0.9999999998762764,0.05750327614327523
29.182295573893473,1.057841725799819,-0.1025498818239009,0.7784090908993279,0.7806267806247151,0.9999999998662772,0.05750327614340899
29.207301825456366,1.0553047371587048,-0.10033621283261675,0.7784090908986804,0.7806267806247091,0.9999999998557022,0.05750327614355565
29.232308077019255,1.052824755771841,-0.09799116249183852,0.7784090908979787,0.7806267806246976,0.999999999844557,0.05750327614371571
29.257314328582147,1.0504050132383036,-0.09551902404882859,0.7784090908972208,0.7806267806246802,0.9999999998328535,0.05750327614388974
29.282320580145036,1.048048633077534,-0.09292418245415167,0.778409090896405,0.7806267806246567,0.9999999998206099,0.057503276144078075
29.30732683170793,1.045758627868399,-0.09021110449576575,0.7784090908955298,0.7806267806246269,0.9999999998078527,0.0575032761442812
29.332333083270818,1.0435378976447358,-0.08738433164207252,0.7784090908945939,0.7806267806245903,0.9999999997946154,0.05750327614449943
29.35733933483371,1.0413892280249033,-0.08444847160707614,0.7784090908935963,0.780626780624547,0.9999999997809403,0.05750327614473301
29.3823455863966,1.0393152885988945,-0.08140819150749928,0.7784090908925368,0.7806267806244965,0.9999999997668778,0.057503276144982116
29.407351837959492,1.0373186316572778,-0.07826821072616615,0.7784090908914152,0.7806267806244387,0.9999999997524872,0.05750327614524681
29.43235808952238,1.0354016908085997,-0.07503329463766377,0.7784090908902318,0.7806267806243731,0.9999999997378359,0.057503276145527096
29.457364341085274,1.0335667800573713,-0.0717082484984283,0.7784090908889877,0.7806267806242997,0.9999999997229999,0.05750327614582276
29.482370592648163,1.0318160927528208,-0.06829791195457992,0.7784090908876843,0.7806267806242181,0.9999999997080629,0.05750327614613354
29.507376844211056,1.030151700877412,-0.064807153744949,0.7784090908863238,0.7806267806241284,0.9999999996931159,0.057503276146458976
29.532383095773945,1.028575554346996,-0.061240867094451736,0.778409090884909,0.7806267806240301,0.9999999996782565,0.05750327614679854
29.557389347336837,1.0270894804339283,-0.05760396508854387,0.7784090908834431,0.7806267806239232,0.999999999663588,0.05750327614715146
29.582395598899726,1.0256951833928354,-0.05390137695393117,0.7784090908819302,0.7806267806238077,0.9999999996492177,0.05750327614751686
29.607401850462615,1.024394243988626,-0.050138044034685046,0.7784090908803751,0.7806267806236837,0.9999999996352567,0.05750327614789362
29.632408102025508,1.0231881193798427,-0.0463189168564952,0.778409090878783,0.780626780623551,0.9999999996218172,0.057503276148280706
29.657414353588397,1.0220781427758336,-0.04244895172628045,0.7784090908771598,0.7806267806234094,0.999999999609012,0.05750327614867668
29.68242060515129,1.0210655234611397,-0.03853310835246183,0.7784090908755121,0.7806267806232595,0.9999999995969521,0.05750327614908003
29.70742685671418,1.020151346645882,-0.0345763471871638,0.7784090908738471,0.7806267806231011,0.9999999995857454,0.057503276149489205
29.73243310827707,1.019336573518947,-0.030583627306830344,0.7784090908721724,0.7806267806229344,0.9999999995754949,0.05750327614990238
29.75743935983996,1.0186220413116098,-0.026559904539670005,0.7784090908704957,0.78062678062276,0.999999999566297,0.057503276150317736
29.782445611402853,1.0180084633673407,-0.0225101295533807,0.7784090908688257,0.780626780622578,0.9999999995582398,0.05750327615073329
29.807451862965742,1.017496429328728,-0.018439246453209043,0.7784090908671708,0.7806267806223887,0.9999999995514015,0.057503276151147115
29.832458114528634,1.0170864052963977,-0.014352191301692125,0.7784090908655399,0.7806267806221927,0.9999999995458493,0.057503276151557
29.857464366091524,1.0167787340494856,-0.010253890819327151,0.7784090908639419,0.7806267806219905,0.999999999541638,0.05750327615196089
29.882470617654416,1.016573635301645,-0.0061492612938798,0.7784090908623857,0.7806267806217826,0.9999999995388091,0.0575032761523567
29.907476869217305,1.016471205968947,-0.002043207464632697,0.77840909086088,0.7806267806215696,0.9999999995373897,0.05750327615274234
29.932483120780198,1.016471420472718,0.002059378516441569,0.7784090908594332,0.7806267806213524,0.9999999995373927,0.05750327615311568
29.957489372343087,1.0165741310683079,0.006153618038419367,0.7784090908580537,0.7806267806211314,0.999999999538816,0.057503276153474774
29.98249562390598,1.016779068194685,0.01023464703103644,0.7784090908567489,0.7806267806209075,0.9999999995416426,0.0575032761538177
30.00750187546887,1.0170858408504837,0.014297616956718657,0.7784090908555266,0.7806267806206816,0.9999999995458416,0.057503276154142635
30.032508127031758,1.0174939369964315,0.018337695861251342,0.7784090908543929,0.7806267806204542,0.999999999551368,0.057503276154447946
30.05751437859465,1.0180027239827514,0.022350069468085855,0.7784090908533541,0.7806267806202264,0.9999999995581637,0.057503276154732094
30.08252063015754,1.0186114490042282,0.026329942367737263,0.7784090908524153,0.780626780619999,0.9999999995661593,0.057503276154993684
30.107526881720432,1.0193192395906885,0.03027253935323912,0.7784090908515809,0.780626780619773,0.9999999995752742,0.057503276155231535
30.13253313328332,1.020125104135072,0.03417310687795718,0.7784090908508547,0.780626780619549,0.9999999995854192,0.05750327615544464
30.157539384846213,1.0210279324384712,0.03802691458794307,0.7784090908502391,0.780626780619328,0.9999999995964972,0.057503276155632284
30.182545636409102,1.022026496327686,0.041829257193449064,0.7784090908497362,0.7806267806191108,0.9999999996084057,0.05750327615579378
30.207551887971995,1.0231194503115733,0.0455754564531038,0.7784090908493468,0.7806267806188983,0.9999999996210374,0.057503276155928734
30.232558139534884,1.0243053322478197,0.04926086326387321,0.7784090908490712,0.7806267806186913,0.9999999996342825,0.05750327615603691
30.257564391097777,1.025582564161843,0.052880860307526575,0.7784090908489085,0.7806267806184904,0.9999999996480307,0.05750327615611837
30.282570642660666,1.026949453016356,0.056430864567881475,0.7784090908488576,0.7806267806182966,0.9999999996621718,0.0575032761561732
30.30757689422356,1.0284041916297524,0.059906330381846506,0.7784090908489156,0.7806267806181103,0.9999999996765983,0.05750327615620185
30.332583145786447,1.0299448596858618,0.06330275280002004,0.7784090908490799,0.7806267806179322,0.9999999996912057,0.05750327615620484
30.35758939734934,1.0315694246938973,0.06661567088808852,0.778409090849347,0.780626780617763,0.9999999997058946,0.057503276156182774
30.38259564891223,1.0332757432990058,0.06984067199608149,0.7784090908497123,0.7806267806176033,0.9999999997205709,0.057503276156136526
30.40760190047512,1.0350615623341963,0.07297339549907608,0.7784090908501715,0.7806267806174532,0.9999999997351472,0.05750327615606704
30.43260815203801,1.0369245204103583,0.07600953780605019,0.7784090908507194,0.7806267806173134,0.9999999997495435,0.057503276155975364
30.457614403600903,1.0388621491635064,0.07894485679142368,0.7784090908513503,0.780626780617184,0.9999999997636871,0.0575032761558627
30.482620655163792,1.040871875084532,0.08177517737958916,0.7784090908520588,0.7806267806170656,0.9999999997775137,0.05750327615573021
30.50762690672668,1.0429510210580135,0.08449639682608322,0.7784090908528387,0.7806267806169581,0.9999999997909673,0.057503276155579215
30.532633158289574,1.0450968084281338,0.08710449081284967,0.7784090908536841,0.7806267806168619,0.9999999998039996,0.05750327615541101
30.557639409852463,1.0473063588677676,0.08959551957899532,0.7784090908545888,0.7806267806167768,0.9999999998165705,0.05750327615522702
30.582645661415356,1.0495766967460676,0.09196563458315286,0.7784090908555465,0.7806267806167033,0.999999999828648,0.057503276155028496
30.607651912978245,1.0519047512957538,0.0942110853464627,0.7784090908565514,0.780626780616641,0.9999999998402072,0.0575032761548169
30.632658164541137,1.0542873594199005,0.09632822682119943,0.7784090908575972,0.7806267806165901,0.9999999998512301,0.05750327615459355
30.657664416104026,1.0567212680443443,0.09831352668409467,0.7784090908586784,0.7806267806165502,0.9999999998617057,0.05750327615435984
30.68267066766692,1.059203137581895,0.10016357363439324,0.778409090859789,0.7806267806165214,0.9999999998716287,0.05750327615411702
30.707676919229808,1.061729544290411,0.10187508476811194,0.7784090908609239,0.7806267806165033,0.9999999998809986,0.057503276153866356
30.7326831707927,1.0642969845983925,0.10344491500180872,0.7784090908620778,0.7806267806164958,0.9999999998898204,0.05750327615360904
30.75768942235559,1.0669018774262038,0.1048700642719476,0.7784090908632458,0.7806267806164986,0.9999999998981027,0.05750327615334627
30.782695673918482,1.0695405692793414,0.10614768802325718,0.7784090908644233,0.7806267806165114,0.999999999905858,0.05750327615307911
30.80770192548137,1.072209336999548,0.10727510435916437,0.7784090908656062,0.7806267806165338,0.9999999999131015,0.057503276152808626
30.832708177044264,1.0749043926759003,0.1082498046436678,0.7784090908667902,0.7806267806165655,0.9999999999198508,0.05750327615253574
30.857714428607153,1.0776218884566577,0.10906946218283506,0.778409090867972,0.7806267806166062,0.9999999999261258,0.057503276152261404
30.882720680170046,1.0803579193656112,0.1097319403424267,0.778409090869148,0.7806267806166555,0.9999999999319472,0.05750327615198645
30.907726931732935,1.0831085309601653,0.11023530446345338,0.7784090908703153,0.7806267806167128,0.9999999999373373,0.05750327615171165
30.932733183295824,1.0858697225776144,0.11057782845750647,0.7784090908714711,0.7806267806167779,0.9999999999423188,0.05750327615143761
30.957739434858716,1.0886374517036157,0.11075800444058165,0.7784090908726131,0.7806267806168504,0.9999999999469148,0.057503276151165086
30.982745686421605,1.0914076431707906,0.11077455423637243,0.778409090873739,0.7806267806169298,0.9999999999511482,0.05750327615089463
31.007751937984498,1.0941761917726085,0.11062643479299415,0.7784090908748469,0.7806267806170157,0.9999999999550417,0.057503276150626725
31.032758189547387,1.0969389687576898,0.11031284876710472,0.7784090908759351,0.7806267806171077,0.9999999999586178,0.057503276150361916
31.05776444111028,1.0996918296406575,0.10983325272279099,0.7784090908770023,0.7806267806172054,0.999999999961898,0.05750327615010055
31.08277069267317,1.1024306184962493,0.10918736438349812,0.7784090908780473,0.7806267806173083,0.9999999999649034,0.057503276149842956
31.10777694423606,1.1051511766574478,0.10837517126912564,0.7784090908790692,0.7806267806174161,0.9999999999676541,0.057503276149589486
31.13278319579895,1.1078493480065663,0.10739693673159839,0.7784090908800669,0.7806267806175283,0.9999999999701692,0.05750327614934042
31.157789447361843,1.1105209866966805,0.10625320745514111,0.7784090908810402,0.7806267806176447,0.9999999999724668,0.057503276149095936
31.182795698924732,1.11316196428905,0.10494481884075123,0.7784090908819882,0.7806267806177648,0.9999999999745641,0.0575032761488563
31.207801950487625,1.115768176594719,0.10347290084289947,0.7784090908829109,0.7806267806178881,0.999999999976477,0.0575032761486216
31.232808202050514,1.1183355517951634,0.10183888230822159,0.778409090883808,0.7806267806180146,0.9999999999782208,0.057503276148391916
31.257814453613406,1.1208600571892668,0.100044495233339,0.7784090908846794,0.7806267806181437,0.9999999999798094,0.05750327614816748
31.282820705176295,1.123337707574151,0.0980917775834619,0.7784090908855251,0.7806267806182752,0.9999999999812557,0.05750327614794822
31.307826956739188,1.125764572249247,0.09598307590331616,0.7784090908863455,0.7806267806184086,0.9999999999825719,0.05750327614773423
31.332833208302077,1.128136783303592,0.0937210463740474,0.7784090908871403,0.7806267806185437,0.9999999999837691,0.057503276147525595
31.357839459864966,1.1304505429737175,0.09130865554744114,0.7784090908879102,0.7806267806186804,0.9999999999848574,0.05750327614732219
31.38284571142786,1.1327021316072075,0.08874917957166299,0.7784090908886553,0.7806267806188182,0.9999999999858465,0.05750327614712415
31.407851962990748,1.134887915377214,0.08604620273872086,0.7784090908893759,0.7806267806189569,0.9999999999867448,0.057503276146931376
31.43285821455364,1.1370043537815693,0.08320361490609988,0.7784090908900728,0.7806267806190963,0.9999999999875604,0.05750327614674376
31.45786446611653,1.1390480075621041,0.0802256076044722,0.7784090908907461,0.7806267806192361,0.9999999999883,0.05750327614656138
31.482870717679422,1.1410155457900277,0.07711666959459978,0.7784090908913964,0.7806267806193762,0.9999999999889707,0.05750327614638403
31.50787696924231,1.142903753624377,0.07388158057205053,0.7784090908920243,0.7806267806195162,0.9999999999895781,0.057503276146211785
31.532883220805203,1.1447095391951927,0.07052540452503275,0.7784090908926301,0.7806267806196562,0.9999999999901277,0.05750327614604447
31.557889472368092,1.146429940753561,0.06705348145129737,0.7784090908932146,0.7806267806197957,0.9999999999906243,0.057503276145882055
31.582895723930985,1.1480621335057117,0.0634714180564381,0.7784090908937783,0.7806267806199346,0.9999999999910723,0.057503276145724466
31.607901975493874,1.1496034359924296,0.059785077732849246,0.7784090908943216,0.7806267806200731,0.9999999999914757,0.05750327614557153
31.632908227056767,1.1510513165394747,0.056000568885383885,0.7784090908948453,0.7806267806202106,0.9999999999918381,0.05750327614542319
31.657914478619656,1.152403399141964,0.05212423267441497,0.7784090908953498,0.7806267806203471,0.9999999999921625,0.05750327614527945
31.68292073018255,1.1536574690992198,0.048162629691760696,0.7784090908958357,0.7806267806204826,0.9999999999924518,0.057503276145140066
31.707926981745437,1.1548114784060601,0.044122525377252204,0.7784090908963035,0.7806267806206169,0.9999999999927087,0.057503276145005
31.73293323330833,1.1558635506237502,0.04001087489811369,0.7784090908967538,0.7806267806207499,0.9999999999929352,0.05750327614487415
31.75793948487122,1.1568119854253944,0.035834807060176624,0.7784090908971871,0.7806267806208815,0.9999999999931335,0.05750327614474744
31.78294573643411,1.1576552627610017,0.03160160728281633,0.778409090897604,0.7806267806210117,0.9999999999933049,0.05750327614462476
31.807951987997,1.158392046539093,0.027318700001959496,0.7784090908980049,0.7806267806211402,0.9999999999934513,0.05750327614450599
31.83295823955989,1.1590211878637857,0.02299363047781815,0.7784090908983905,0.7806267806212671,0.9999999999935738,0.05750327614439105
31.857964491122782,1.1595417278349671,0.018634045914513172,0.7784090908987611,0.7806267806213922,0.9999999999936733,0.057503276144279865
31.88297074268567,1.1599528998576456,0.01424767612545223,0.7784090908991171,0.7806267806215156,0.9999999999937509,0.05750327614417238
31.907976994248564,1.1602541314579133,0.009842313845651905,0.7784090908994593,0.7806267806216373,0.9999999999938072,0.057503276144068326
31.932983245811453,1.1604450456061965,0.005425794755039045,0.7784090908997878,0.7806267806217569,0.9999999999938425,0.0575032761439678
31.957989497374346,1.1605254615404554,0.0010059772451600497,0.7784090909001032,0.7806267806218747,0.9999999999938574,0.057503276143870664
31.982995748937235,1.1604953950802412,-0.0034092779073479247,0.7784090909004059,0.7806267806219906,0.9999999999938518,0.05750327614377679
32.00800200050013,1.1603550584312203,-0.007812127881032745,0.7784090909006962,0.7806267806221046,0.9999999999938258,0.05750327614368614
32.03300825206302,1.1601048594830752,-0.01219476806942586,0.7784090909009745,0.7806267806222164,0.9999999999937794,0.05750327614359865
32.058014503625905,1.1597454006021044,-0.01654945217809703,0.7784090909012411,0.7806267806223263,0.9999999999937119,0.05750327614351423
32.0830207551888,1.1592774769243601,-0.020868512050188696,0.7784090909014966,0.7806267806224341,0.999999999993623,0.057503276143432765
32.10802700675169,1.1587020741569578,-0.025144377134985952,0.7784090909017409,0.7806267806225398,0.999999999993512,0.05750327614335424
32.13303325831458,1.158020365899294,-0.029369593498148976,0.7784090909019745,0.7806267806226433,0.999999999993378,0.05750327614327863
32.15803950987747,1.1572337104938812,-0.03353684230681215,0.7784090909021979,0.7806267806227449,0.9999999999932198,0.0575032761432058
32.18304576144036,1.1563436474277473,-0.03763895768595329,0.778409090902411,0.7806267806228444,0.9999999999930362,0.0575032761431357
32.208052013003254,1.1553518932854487,-0.041668943928529045,0.778409090902614,0.7806267806229418,0.999999999992826,0.057503276143068306
32.23305826456614,1.154260337280061,-0.045619991921324245,0.7784090909028074,0.780626780623037,0.9999999999925872,0.0575032761430036
32.25806451612903,1.1530710364059007,-0.04948549466022582,0.7784090909029913,0.7806267806231302,0.9999999999923179,0.05750327614294149
32.283070767691925,1.151786210206213,-0.053259061961825366,0.7784090909031657,0.7806267806232213,0.999999999992016,0.05750327614288194
32.30807701925482,1.1504082351384848,-0.05693453432318075,0.7784090909033309,0.7806267806233103,0.9999999999916791,0.057503276142824966
32.3330832708177,1.1489396386703747,-0.06050599557584725,0.7784090909034869,0.7806267806233971,0.9999999999913043,0.05750327614277053
32.358089522380595,1.147383093078307,-0.06396778458431306,0.778409090903634,0.7806267806234818,0.9999999999908886,0.057503276142718565
32.38309577394349,1.14574140886362,-0.0673145060974443,0.7784090909037719,0.7806267806235645,0.9999999999904285,0.05750327614266909
32.40810202550638,1.1440175280127536,-0.07054104019896762,0.7784090909039009,0.7806267806236451,0.9999999999899205,0.05750327614262211
32.433108277069266,1.1422145170729079,-0.07364255074329767,0.7784090909040209,0.7806267806237236,0.9999999999893603,0.057503276142577574
32.45811452863216,1.1403355598102993,-0.07661449296847396,0.7784090909041319,0.7806267806238001,0.9999999999887434,0.05750327614253553
32.48312078019505,1.1383839499799189,-0.07945261945958809,0.7784090909042338,0.7806267806238744,0.9999999999880647,0.057503276142496056
32.508127031757944,1.1363630838126833,-0.08215298544770205,0.7784090909043265,0.7806267806239466,0.9999999999873187,0.05750327614245905
32.53313328332083,1.1342764522368713,-0.08471195290291789,0.7784090909044099,0.7806267806240169,0.9999999999864995,0.057503276142424634
32.55813953488372,1.1321276334462986,-0.08712619321591297,0.7784090909044837,0.7806267806240851,0.9999999999856005,0.05750327614239279
32.583145786446615,1.1299202848296999,-0.08939268944074438,0.7784090909045478,0.7806267806241511,0.9999999999846148,0.057503276142363655
32.60815203800951,1.1276581354077964,-0.09150873674718986,0.7784090909046019,0.7806267806242151,0.9999999999835343,0.05750327614233719
32.63315828957239,1.1253449779383857,-0.09347194256753147,0.7784090909046454,0.780626780624277,0.9999999999823511,0.05750327614231354
32.658164541135285,1.122984661007176,-0.09528022523587257,0.7784090909046782,0.7806267806243368,0.999999999981056,0.05750327614229281
32.68317079269818,1.1205810815893222,-0.09693181202453044,0.7784090909046999,0.7806267806243945,0.9999999999796396,0.057503276142275045
32.70817704426106,1.1181381768806196,-0.09842523617878701,0.7784090909047098,0.7806267806244501,0.9999999999780915,0.057503276142260355
32.733183295823956,1.1156599172993176,-0.09975933306244633,0.7784090909047076,0.7806267806245036,0.9999999999764005,0.057503276142248885
32.75818954738685,1.1131502982815555,-0.10093323571162496,0.7784090909046925,0.7806267806245549,0.9999999999745552,0.057503276142240795
32.78319579894974,1.110613333688046,-0.10194636938334171,0.7784090909046638,0.780626780624604,0.9999999999725431,0.05750327614223625
32.80820205051263,1.1080530477087835,-0.10279844574421913,0.7784090909046208,0.7806267806246509,0.9999999999703509,0.05750327614223541
32.83320830207552,1.105473468724736,-0.10348945616105582,0.7784090909045629,0.7806267806246955,0.9999999999679654,0.05750327614223842
32.85821455363841,1.1028786213670014,-0.10401966461025822,0.778409090904489,0.7806267806247378,0.9999999999653719,0.05750327614224554
32.883220805201304,1.1002725209291273,-0.10438960012568664,0.778409090904398,0.7806267806247776,0.999999999962556,0.05750327614225704
32.90822705676419,1.0976591656149342,-0.10460004842353095,0.7784090909042891,0.7806267806248152,0.9999999999595022,0.05750327614227307
32.93323330832708,1.0950425314856034,-0.1046520440251093,0.7784090909041613,0.7806267806248502,0.999999999956195,0.05750327614229391
32.958239559889975,1.0924265651847311,-0.10454686056692951,0.7784090909040131,0.7806267806248827,0.9999999999526188,0.05750327614231993
32.98324581145287,1.0898151788767134,-0.10428600288943463,0.7784090909038436,0.7806267806249125,0.9999999999487577,0.05750327614235129
33.00825206301575,1.087212244486264,-0.10387119664321996,0.7784090909036512,0.7806267806249396,0.9999999999445959,0.05750327614238842
33.033258314578646,1.084621587337691,-0.10330437952613636,0.7784090909034347,0.7806267806249639,0.9999999999401181,0.05750327614243155
33.05826456614154,1.0820469830464277,-0.10258769213379779,0.7784090909031927,0.7806267806249853,0.9999999999353096,0.057503276142481116
33.08327081770443,1.0794921501326662,-0.1017234666841772,0.7784090909029235,0.7806267806250036,0.9999999999301565,0.057503276142537425
33.10827706926732,1.0769607465874371,-0.10071421948014608,0.7784090909026258,0.7806267806250188,0.9999999999246458,0.05750327614260083
33.13328332083021,1.0744563663196836,-0.0995626403744025,0.778409090902298,0.7806267806250307,0.9999999999187663,0.05750327614267175
33.1582895723931,1.07198253257536,-0.0982715823367299,0.7784090909019387,0.7806267806250391,0.9999999999125082,0.057503276142750505
33.18329582395599,1.0695426960390777,-0.09684405399848924,0.7784090909015461,0.780626780625044,0.999999999905864,0.05750327614283753
33.20830207551888,1.0671402303722375,-0.09528320866842273,0.7784090909011188,0.7806267806250452,0.9999999998988287,0.057503276142933164
33.23330832708177,1.0647784281214314,-0.09359233591715783,0.7784090909006552,0.7806267806250425,0.9999999998914003,0.05750327614303779
33.258314578644665,1.062460498738763,-0.09177485306681638,0.7784090909001541,0.7806267806250358,0.9999999998835798,0.057503276143151816
33.28332083020755,1.0601895639688013,-0.08983429531246424,0.778409090899614,0.7806267806250248,0.9999999998753719,0.05750327614327548
33.30832708177044,1.05796865626208,-0.08777430877081113,0.7784090908990335,0.7806267806250095,0.9999999998667854,0.057503276143409165
33.333333333333336,1.0558007153922397,-0.08559864100616235,0.7784090908984117,0.7806267806249895,0.9999999998578334,0.05750327614355322
33.35833958489623,1.0536885862115544,-0.08331113404030696,0.7784090908977478,0.7806267806249648,0.9999999998485336,0.057503276143707746
33.383345836459114,1.051635016558239,-0.08091571633479444,0.7784090908970408,0.7806267806249352,0.9999999998389089,0.057503276143873065
33.408352088022006,1.049642654798162,-0.07841639556784155,0.7784090908962902,0.7806267806249004,0.9999999998289867,0.0575032761440493
33.4333583395849,1.047714048417999,-0.07581725189498514,0.7784090908954958,0.7806267806248605,0.9999999998188003,0.05750327614423653
33.45836459114779,1.0458516417858315,-0.07312243094732652,0.7784090908946576,0.780626780624815,0.9999999998083882,0.057503276144434845
33.48337084271068,1.0440577750849438,-0.07033613797492423,0.7784090908937761,0.780626780624764,0.9999999997977937,0.05750327614464412
33.50837709427357,1.0423346824485427,-0.06746263141273111,0.7784090908928516,0.7806267806247071,0.9999999997870663,0.05750327614486435
33.53338334583646,1.0406844910974988,-0.06450621767446252,0.7784090908918853,0.7806267806246443,0.9999999997762596,0.0575032761450953
33.55838959739935,1.0391092198712764,-0.061471245447718904,0.7784090908908786,0.7806267806245755,0.9999999997654323,0.05750327614533662
33.58339584896224,1.0376107785059963,-0.05836210100428827,0.7784090908898335,0.7806267806245005,0.999999999754647,0.05750327614558798
33.60840210052513,1.036190966550041,-0.055183203301286024,0.7784090908887519,0.7806267806244193,0.9999999997439706,0.05750327614584891
33.633408352088026,1.034851472735268,-0.05193899970065449,0.7784090908876365,0.7806267806243319,0.9999999997334725,0.05750327614611881
33.65841460365091,1.033593874255602,-0.04863396190126422,0.7784090908864906,0.7806267806242381,0.999999999723225,0.057503276146397005
33.683420855213804,1.03241963620344,-0.045272581999033945,0.7784090908853174,0.780626780624138,0.9999999997133012,0.05750327614668271
33.708427106776696,1.0313301111629827,-0.041859369187405654,0.778409090884121,0.7806267806240317,0.9999999997037754,0.05750327614697502
33.73343335833959,1.0303265387274547,-0.038398846178917895,0.7784090908829054,0.7806267806239191,0.9999999996947213,0.05750327614727303
33.758439609902474,1.0294100453105597,-0.03489554648026042,0.7784090908816756,0.7806267806238004,0.9999999996862112,0.057503276147575645
33.78344586146537,1.0285816438148965,-0.031354011322957204,0.7784090908804364,0.7806267806236757,0.9999999996783153,0.05750327614788167
33.80845211302826,1.0278422335325048,-0.027778787194663108,0.7784090908791932,0.7806267806235453,0.9999999996710999,0.057503276148189904
33.83345836459115,1.0271926000269875,-0.02417442342572219,0.7784090908779513,0.7806267806234091,0.999999999664627,0.05750327614849912
33.85846461615404,1.0266334150736702,-0.020545469828670476,0.7784090908767166,0.7806267806232677,0.9999999996589535,0.05750327614880786
33.88347086771693,1.026165236705073,-0.01689647475358612,0.778409090875495,0.7806267806231212,0.9999999996541296,0.05750327614911484
33.90847711927982,1.025788509248573,-0.013231983037294042,0.7784090908742927,0.7806267806229701,0.9999999996501985,0.05750327614941852
33.933483370842715,1.025503563443925,-0.009556534146186091,0.7784090908731155,0.7806267806228145,0.9999999996471954,0.05750327614971752
33.9584896224056,1.025310616605271,-0.00587466048417455,0.7784090908719695,0.7806267806226551,0.9999999996451474,0.05750327615001043
33.983495873968494,1.025209772812584,-0.0021908856704754296,0.7784090908708606,0.7806267806224922,0.9999999996440722,0.057503276150295775
34.008502125531386,1.0252010231535125,0.0014902771018758744,0.7784090908697946,0.7806267806223263,0.9999999996439788,0.05750327615057216
34.03350837709427,1.025284246005313,0.005164326634605193,0.7784090908687772,0.780626780622158,0.9999999996448665,0.057503276150838195
34.058514628657164,1.0254592073535658,0.008826775329170445,0.7784090908678134,0.7806267806219878,0.9999999996467257,0.05750327615109259
34.08352088022006,1.0257255611521707,0.01247315077605882,0.7784090908669083,0.780626780621816,0.9999999996495372,0.05750327615133417
34.10852713178295,1.0260828497243153,0.01609899738891927,0.7784090908660666,0.7806267806216436,0.9999999996532737,0.05750327615156167
34.133533383345835,1.0265305042032489,0.019699878067379304,0.7784090908652922,0.780626780621471,0.999999999657899,0.057503276151774134
34.15853963490873,1.0270678450148212,0.023271375930357965,0.7784090908645886,0.7806267806212986,0.9999999996633695,0.057503276151970595
34.18354588647162,1.0276940824067466,0.026809096159180503,0.7784090908639594,0.7806267806211273,0.9999999996696348,0.057503276152150166
34.20855213803451,1.0284083170306084,0.030308667949280457,0.7784090908634066,0.7806267806209577,0.9999999996766382,0.057503276152312224
34.2335583895974,1.0292095405535393,0.03376574649416799,0.7784090908629326,0.7806267806207903,0.9999999996843181,0.05750327615245604
34.25856464116029,1.0300966363436683,0.03717601523478561,0.7784090908625388,0.7806267806206256,0.9999999996926086,0.0575032761525813
34.28357089272318,1.0310683802200682,0.04053518824517887,0.778409090862226,0.7806267806204643,0.9999999997014404,0.057503276152687605
34.308577144286076,1.0321234412114488,0.04383901261786279,0.7784090908619946,0.7806267806203071,0.9999999997107423,0.05750327615277471
34.33358339584896,1.0332603824586173,0.0470832713252931,0.7784090908618442,0.7806267806201543,0.9999999997204421,0.05750327615284266
34.358589647411854,1.0344776621271576,0.0502637860449139,0.7784090908617741,0.7806267806200067,0.9999999997304669,0.05750327615289144
34.38359589897475,1.0357736343883022,0.05337642021247662,0.7784090908617831,0.7806267806198645,0.9999999997407449,0.057503276152921265
34.40860215053764,1.03714655058432,0.05641708257062994,0.7784090908618693,0.7806267806197282,0.9999999997512061,0.05750327615293242
34.433608402100525,1.0385945602814188,0.059381730424838595,0.7784090908620305,0.7806267806195983,0.9999999997617824,0.057503276152925276
34.45861465366342,1.0401157126766574,0.062266373796232524,0.7784090908622641,0.7806267806194753,0.999999999772409,0.0575032761529004
34.48362090522631,1.0417079578273867,0.06506707918039381,0.778409090862567,0.7806267806193593,0.9999999997830249,0.05750327615285837
34.508627156789196,1.0433691482211445,0.06777997405065943,0.7784090908629362,0.7806267806192508,0.999999999793573,0.05750327615279979
34.53363340835209,1.0450970403095712,0.07040125137629252,0.778409090863368,0.78062678061915,0.9999999998040009,0.05750327615272545
34.55863965991498,1.0468892961855816,0.07292717434342298,0.7784090908638585,0.7806267806190572,0.999999999814261,0.05750327615263613
34.58364591147787,1.0487434854935056,0.07535408168751966,0.7784090908644038,0.7806267806189724,0.9999999998243108,0.0575032761525327
34.60865216304076,1.0506570872243388,0.07767839265951146,0.7784090908649998,0.7806267806188959,0.9999999998341127,0.05750327615241608
34.63365841460365,1.0526274920226573,0.07989661310260081,0.7784090908656425,0.7806267806188276,0.9999999998436344,0.05750327615228709
34.658664666166544,1.0546520041437852,0.08200534072282177,0.7784090908663274,0.7806267806187678,0.9999999998528487,0.05750327615214677
34.68367091772944,1.056727844153493,0.08400127181264719,0.7784090908670505,0.7806267806187163,0.999999999861733,0.057503276151996
34.70867716929232,1.0588521511137792,0.0858812068682977,0.7784090908678074,0.7806267806186733,0.9999999998702698,0.05750327615183574
34.733683420855215,1.0610219856339276,0.0876420578344153,0.7784090908685942,0.7806267806186384,0.9999999998784457,0.057503276151666935
34.75868967241811,1.063234332410842,0.0892808541364303,0.7784090908694068,0.780626780618612,0.9999999998862513,0.05750327615149048
34.783695923981,1.0654861034860368,0.09079475020367268,0.7784090908702413,0.7806267806185936,0.9999999998936816,0.05750327615130728
34.808702175543885,1.067774141418683,0.0921810321398797,0.778409090871094,0.7806267806185833,0.9999999999007346,0.05750327615111823
34.83370842710678,1.07009522240019,0.09343712502390282,0.7784090908719612,0.7806267806185807,0.9999999999074115,0.05750327615092415
34.85871467866967,1.0724460605162955,0.09456060065284687,0.7784090908728396,0.7806267806185857,0.9999999999137164,0.05750327615072589
34.883720930232556,1.0748233103244973,0.09554918400092823,0.7784090908737258,0.7806267806185981,0.9999999999196556,0.057503276150524224
34.90872718179545,1.077223572346634,0.09640076224923681,0.778409090874617,0.7806267806186178,0.9999999999252377,0.057503276150319804
34.93373343335834,1.0796433956144553,0.09711339050387457,0.7784090908755101,0.7806267806186443,0.9999999999304727,0.057503276150113386
34.958739684921234,1.0820792829735069,0.09768530089960392,0.7784090908764028,0.7806267806186774,0.9999999999353724,0.057503276149905656
34.98374593648412,1.0845276960655366,0.09811490965312661,0.7784090908772924,0.7806267806187169,0.9999999999399491,0.05750327614969715
35.00875218804701,1.0869850576151687,0.09840082305512068,0.7784090908781769,0.7806267806187626,0.999999999944217,0.05750327614948841
35.033758439609905,1.0894477594006546,0.09854184760418971,0.7784090908790541,0.780626780618814,0.9999999999481897,0.05750327614928003
35.0587646911728,1.091912166006627,0.09853699493795323,0.7784090908799223,0.7806267806188708,0.999999999951882,0.05750327614907245
35.08377094273568,1.0943746187307166,0.09838548909731427,0.7784090908807798,0.7806267806189329,0.9999999999553085,0.057503276148866085
35.108777194298575,1.096831443385885,0.09808677437711101,0.7784090908816252,0.7806267806189999,0.9999999999584841,0.05750327614866131
35.13378344586147,1.0992789540658172,0.09764052041873993,0.7784090908824572,0.7806267806190715,0.9999999999614231,0.05750327614845857
35.15878969742436,1.101713459453626,0.09704662932755603,0.7784090908832748,0.7806267806191474,0.9999999999641402,0.05750327614825808
35.183795948987246,1.1041312693797358,0.09630524097690872,0.778409090884077,0.7806267806192273,0.9999999999666491,0.057503276148060146
35.20880220055014,1.106528699298987,0.09541673833266301,0.7784090908848629,0.7806267806193109,0.9999999999689636,0.057503276147865046
35.23380845211303,1.10890207819465,0.0943817526085691,0.7784090908856317,0.7806267806193979,0.9999999999710967,0.05750327614767302
35.258814703675924,1.1112477532980625,0.0932011672681467,0.7784090908863831,0.7806267806194881,0.9999999999730607,0.05750327614748419
35.28382095523881,1.11356209763413,0.0918761221801385,0.7784090908871166,0.7806267806195811,0.9999999999748677,0.05750327614729875
35.3088272068017,1.1158415156022763,0.09040801655538971,0.7784090908878318,0.7806267806196767,0.9999999999765288,0.057503276147116825
35.333833458364595,1.1180824501391953,0.08879851174461398,0.7784090908885286,0.7806267806197746,0.9999999999780549,0.05750327614693853
35.35883970992748,1.1202813887947825,0.08704953298869128,0.7784090908892066,0.7806267806198747,0.9999999999794558,0.05750327614676396
35.38384596149037,1.122434870787187,0.08516327069719215,0.778409090889866,0.7806267806199766,0.9999999999807411,0.057503276146593146
35.408852213053265,1.1245394932115989,0.08314218087378338,0.7784090908905066,0.7806267806200801,0.9999999999819195,0.05750327614642621
35.43385846461616,1.1265919181304829,0.08098898470614924,0.7784090908911285,0.780626780620185,0.9999999999829992,0.05750327614626316
35.45886471617904,1.128588878707478,0.07870666758327255,0.7784090908917319,0.780626780620291,0.9999999999839877,0.057503276146103996
35.483870967741936,1.1305271862998991,0.0762984768495911,0.7784090908923169,0.780626780620398,0.9999999999848923,0.05750327614594876
35.50887721930483,1.132403736469763,0.07376791931183814,0.7784090908928838,0.7806267806205058,0.9999999999857193,0.05750327614579737
35.53388347086772,1.1342155158916782,0.07111875714499961,0.7784090908934326,0.7806267806206142,0.9999999999864748,0.05750327614564995
35.55888972243061,1.1359596083105712,0.06835500366377883,0.7784090908939638,0.780626780620723,0.9999999999871643,0.05750327614550639
35.5838959739935,1.1376332009782522,0.06548091760182619,0.7784090908944776,0.7806267806208319,0.9999999999877929,0.057503276145366676
35.60890222555639,1.1392335906694218,0.06250099678674474,0.7784090908949745,0.780626780620941,0.9999999999883651,0.05750327614523074
35.633908477119284,1.140758189458423,0.059419971047784924,0.7784090908954545,0.78062678062105,0.9999999999888852,0.05750327614509862
35.65891472868217,1.1422045306231454,0.05624279376557996,0.7784090908959183,0.7806267806211588,0.9999999999893572,0.057503276144970195
35.68392098024506,1.14357027392624,0.052974633196009875,0.778409090896366,0.7806267806212672,0.9999999999897844,0.057503276144845426
35.708927231807955,1.1448532109731109,0.04962086245813875,0.7784090908967981,0.7806267806213752,0.9999999999901701,0.05750327614472427
35.73393348337085,1.1460512702188224,0.04618704879782962,0.778409090897215,0.7806267806214827,0.9999999999905171,0.05750327614460666
35.75893973493373,1.1471625215920689,0.042678942353479125,0.778409090897617,0.7806267806215894,0.999999999990828,0.057503276144492535
35.783945986496626,1.148185180995566,0.03910246377250823,0.7784090908980046,0.7806267806216954,0.9999999999911052,0.057503276144381804
35.80895223805952,1.149117614394992,0.035463691291415425,0.7784090908983781,0.7806267806218006,0.9999999999913506,0.05750327614427445
35.833958489622404,1.149958341555239,0.031768847285471635,0.7784090908987378,0.7806267806219048,0.999999999991566,0.05750327614417039
35.8589647411853,1.150706039502606,0.028024283971539197,0.7784090908990843,0.780626780622008,0.999999999991753,0.05750327614406955
35.88397099274819,1.1513595455891081,0.02423646860067363,0.7784090908994177,0.7806267806221099,0.9999999999919131,0.057503276143971896
35.90897724431108,1.1519178601577724,0.02041196830908581,0.7784090908997386,0.7806267806222108,0.9999999999920475,0.05750327614387728
35.93398349587397,1.1523801488567365,0.01655743437365171,0.7784090909000472,0.7806267806223105,0.999999999992157,0.05750327614378571
35.95898974743686,1.1527457445457194,0.012679586119574983,0.7784090909003438,0.7806267806224088,0.9999999999922426,0.05750327614369714
35.98399599899975,1.1530141487904098,0.008785194544976201,0.7784090909006289,0.7806267806225058,0.9999999999923048,0.05750327614361142
36.009002250562645,1.1531850329458182,0.004881065739492191,0.7784090909009028,0.7806267806226014,0.9999999999923441,0.057503276143528584
36.03400850212553,1.1532582388257306,0.0009740241085538217,0.7784090909011657,0.7806267806226955,0.999999999992361,0.057503276143448495
36.05901475368842,1.1532337789504752,-0.002929104488777158,0.778409090901418,0.7806267806227882,0.9999999999923553,0.05750327614337115
36.084021005251316,1.1531118363718242,-0.006821509601583003,0.7784090909016598,0.7806267806228794,0.9999999999923272,0.05750327614329645
36.10902725681421,1.1528927640777702,-0.010696412983125013,0.7784090909018915,0.7806267806229691,0.9999999999922767,0.05750327614322439
36.134033508377094,1.1525770839784337,-0.014547085259053112,0.7784090909021134,0.7806267806230572,0.9999999999922032,0.057503276143154855
36.159039759939986,1.1521654854774526,-0.018366862381425667,0.7784090909023258,0.7806267806231437,0.9999999999921063,0.05750327614308782
36.18404601150288,1.15165882363547,-0.022149161798363265,0.7784090909025287,0.7806267806232287,0.9999999999919855,0.05750327614302326
36.209052263065765,1.1510581169337193,-0.025887498267665104,0.7784090909027226,0.7806267806233119,0.9999999999918396,0.05750327614296113
36.23405851462866,1.1503645446476285,-0.029575499250836336,0.7784090909029074,0.7806267806233936,0.9999999999916682,0.05750327614290135
36.25906476619155,1.1495794438444564,-0.0332069198201682,0.7784090909030835,0.7806267806234737,0.9999999999914696,0.057503276142843895
36.28407101775444,1.1487043060034094,-0.03677565706582167,0.778409090903251,0.7806267806235521,0.9999999999912427,0.05750327614278876
36.30907726931733,1.1477407732907683,-0.040275763850863566,0.77840909090341,0.7806267806236288,0.9999999999909859,0.0575032761427359
36.33408352088022,1.1466906345102585,-0.043701461880150005,0.7784090909035607,0.7806267806237038,0.9999999999906973,0.057503276142685314
36.35908977244311,1.1455558207278818,-0.04704715414117581,0.778409090903703,0.7806267806237772,0.9999999999903751,0.05750327614263692
36.384096024006006,1.1443384005532111,-0.050307436664937095,0.7784090909038374,0.7806267806238489,0.9999999999900171,0.05750327614259072
36.40910227556889,1.1430405752163966,-0.053477109273586336,0.7784090909039634,0.7806267806239189,0.9999999999896207,0.0575032761425468
36.434108527131784,1.141664673354496,-0.056551185684014696,0.7784090909040815,0.7806267806239873,0.9999999999891834,0.057503276142504965
36.459114778694676,1.1402131454715538,-0.059524902886732206,0.7784090909041915,0.7806267806240539,0.9999999999887019,0.057503276142465365
36.48412103025757,1.1386885583249584,-0.06239372931228462,0.7784090909042936,0.7806267806241188,0.9999999999881732,0.05750327614242793
36.509127281820454,1.1370935890484901,-0.0651533723947945,0.7784090909043874,0.7806267806241821,0.9999999999875936,0.057503276142392715
36.53413353338335,1.1354310189776513,-0.06779978530537305,0.7784090909044731,0.7806267806242437,0.9999999999869591,0.05750327614235969
36.55913978494624,1.1337037275923176,-0.07032917237932375,0.7784090909045506,0.7806267806243036,0.9999999999862655,0.0575032761423289
36.58414603650913,1.1319146860659248,-0.07273799418073024,0.7784090909046196,0.7806267806243617,0.9999999999855083,0.05750327614230037
36.60915228807202,1.1300669507895564,-0.07502297129112918,0.7784090909046802,0.7806267806244181,0.9999999999846823,0.05750327614227417
36.63415853963491,1.1281636569949303,-0.07718108727889368,0.7784090909047322,0.7806267806244728,0.9999999999837821,0.05750327614225027
36.6591647911978,1.1262080118671516,-0.07920959109012765,0.7784090909047751,0.7806267806245257,0.9999999999828022,0.0575032761422288
36.68417104276069,1.1242032882226893,-0.0811059980225692,0.7784090909048088,0.7806267806245769,0.9999999999817362,0.05750327614220977
36.70917729432358,1.122152817533594,-0.0828680905917662,0.7784090909048331,0.7806267806246264,0.9999999999805774,0.05750327614219325
36.734183545886474,1.1200599834690397,-0.08449391785821611,0.7784090909048477,0.780626780624674,0.9999999999793189,0.0575032761421793
36.759189797449366,1.117928215155013,-0.08598179466341095,0.778409090904852,0.78062678062472,0.999999999977953,0.05750327614216805
36.78419604901225,1.1157609804765247,-0.08733029954964254,0.7784090909048458,0.7806267806247641,0.9999999999764719,0.05750327614215958
36.809202300575144,1.1135617797415327,-0.08853827246875193,0.7784090909048285,0.7806267806248064,0.9999999999748673,0.057503276142153996
36.83420855213804,1.1113341388187177,-0.08960481140614743,0.7784090909047996,0.7806267806248468,0.9999999999731304,0.05750327614215144
36.85921480370093,1.1090816032075304,-0.09052926878863034,0.7784090909047586,0.7806267806248853,0.9999999999712519,0.057503276142152004
36.884221055263815,1.1068077311641789,-0.0913112468803929,0.778409090904705,0.7806267806249221,0.9999999999692224,0.057503276142155814
36.90922730682671,1.1045160881419702,-0.09195059316945839,0.7784090909046381,0.7806267806249567,0.9999999999670319,0.05750327614216309
36.9342335583896,1.1022102400702387,-0.09244739458645822,0.778409090904557,0.7806267806249894,0.9999999999646707,0.057503276142173966
36.95923980995249,1.0998937480679662,-0.09280197217168676,0.7784090909044612,0.78062678062502,0.9999999999621281,0.05750327614218862
36.98424606151538,1.09757016215309,-0.09301487420243093,0.7784090909043498,0.7806267806250486,0.999999999959394,0.05750327614220721
37.00925231307827,1.095243015900246,-0.09308687032292852,0.7784090909042222,0.7806267806250751,0.9999999999564577,0.05750327614222994
37.03425856464116,1.0929158211648624,-0.09301894393890811,0.7784090909040771,0.7806267806250993,0.9999999999533092,0.05750327614225709
37.059264816204056,1.0905920620449037,-0.09281228555983706,0.7784090909039139,0.7806267806251211,0.9999999999499382,0.05750327614228885
37.08427106776694,1.0882751912623516,-0.09246828538224716,0.7784090909037314,0.7806267806251408,0.9999999999463347,0.057503276142325366
37.109277319329834,1.0859686233378347,-0.09198852503560892,0.7784090909035289,0.7806267806251579,0.9999999999424898,0.05750327614236699
37.13428357089273,1.083675731561275,-0.0913747712155439,0.7784090909033053,0.7806267806251725,0.9999999999383946,0.057503276142413906
37.15928982245561,1.0813998431441496,-0.09062896656558224,0.7784090909030595,0.7806267806251846,0.9999999999340414,0.05750327614246636
37.184296074018505,1.0791442334045396,-0.08975322217646119,0.7784090909027905,0.780626780625194,0.9999999999294237,0.05750327614252466
37.2093023255814,1.0769121239387907,-0.0887498106507902,0.7784090909024973,0.7806267806252006,0.9999999999245359,0.05750327614258896
37.23430857714429,1.0747066773215346,-0.08762115667412558,0.7784090909021788,0.7806267806252043,0.999999999919374,0.05750327614265964
37.259314828707176,1.072530993111662,-0.08636983019704172,0.7784090909018341,0.780626780625205,0.999999999913936,0.05750327614273686
37.28432108027007,1.0703881058519407,-0.08499853889335579,0.778409090901462,0.7806267806252026,0.9999999999082214,0.05750327614282088
37.30932733183296,1.0682809798940853,-0.0835101191809828,0.7784090909010619,0.780626780625197,0.9999999999022325,0.05750327614291197
37.33433358339585,1.06621250741784,-0.0819075302377562,0.7784090909006326,0.780626780625188,0.9999999998959734,0.05750327614301031
37.35933983495874,1.0641855053729097,-0.08019384563066939,0.7784090909001735,0.7806267806251755,0.9999999998894513,0.057503276143116164
37.38434608652163,1.0622027120244242,-0.07837224621099585,0.7784090908996839,0.7806267806251596,0.9999999998826758,0.057503276143229594
37.409352338084524,1.0602667853478993,-0.07644601355604666,0.7784090908991633,0.7806267806251398,0.9999999998756602,0.0575032761433509
37.43435858964742,1.058380299609188,-0.07441852230083684,0.7784090908986111,0.7806267806251161,0.9999999998684204,0.05750327614348011
37.4593648412103,1.0565457439636543,-0.0722932344093923,0.7784090908980271,0.7806267806250886,0.9999999998609757,0.057503276143617346
37.484371092773195,1.0547655196832282,-0.07007369186944092,0.7784090908974113,0.7806267806250569,0.999999999853349,0.05750327614376267
37.50937734433609,1.0530419387550622,-0.06776351132082743,0.7784090908967636,0.780626780625021,0.9999999998455666,0.05750327614391607
37.53438359589897,1.0513772216796236,-0.06536637737902588,0.7784090908960843,0.7806267806249809,0.9999999998376581,0.05750327614407749
37.559389847461865,1.0497734961761909,-0.06288603758447682,0.7784090908953741,0.7806267806249363,0.9999999998296566,0.05750327614424687
37.58439609902476,1.0482327953916972,-0.06032629635529842,0.7784090908946336,0.7806267806248872,0.9999999998215984,0.057503276144424076
37.60940235058765,1.046757056805026,-0.05769101032851476,0.7784090908938638,0.7806267806248335,0.9999999998135227,0.05750327614460887
37.634408602150536,1.0453481207340645,-0.05498408287934558,0.778409090893066,0.7806267806247752,0.9999999998054717,0.05750327614480099
37.65941485371343,1.0440077294716363,-0.05220945990581707,0.7784090908922419,0.7806267806247122,0.99999999979749,0.05750327614500002
37.68442110527632,1.0427375260377059,-0.04937112487611669,0.778409090891393,0.7806267806246445,0.9999999997896243,0.05750327614520572
37.709427356839214,1.041539053523456,-0.046473095038817636,0.7784090908905218,0.780626780624572,0.9999999997819227,0.057503276145417496
37.7344336084021,1.0404137540904639,-0.04351941701729762,0.7784090908896304,0.7806267806244948,0.9999999997744349,0.057503276145634837
37.75943985996499,1.0393629684518595,-0.04051416333776286,0.7784090908887215,0.7806267806244128,0.9999999997672111,0.057503276145857186
37.784446111527885,1.0383879351548255,-0.0374614286568561,0.7784090908877981,0.7806267806243261,0.9999999997603012,0.057503276146083845
37.80945236309078,1.0374897901238378,-0.03436532644117859,0.7784090908868633,0.7806267806242349,0.9999999997537549,0.057503276146314085
37.83445861465366,1.0366695662333585,-0.03122998586817371,0.7784090908859206,0.7806267806241391,0.9999999997476204,0.057503276146547086
37.859464866216555,1.035928192908498,-0.028059548638165493,0.7784090908849736,0.7806267806240389,0.9999999997419443,0.05750327614678207
37.88447111777945,1.0352664959097393,-0.024858166350036626,0.778409090884026,0.7806267806239345,0.9999999997367706,0.0575032761470181
37.90947736934234,1.034685197066994,-0.02162999765395363,0.778409090883082,0.7806267806238261,0.9999999997321398,0.05750327614725427
37.934483620905226,1.0341849141591573,-0.018379205746945883,0.7784090908821454,0.7806267806237138,0.9999999997280893,0.05750327614748959
37.95948987246812,1.0337661608357351,-0.015109956007407945,0.7784090908812206,0.7806267806235978,0.9999999997246518,0.05750327614772312
37.98449612403101,1.033429346574088,-0.011826413581434875,0.7784090908803117,0.7806267806234786,0.9999999997218555,0.057503276147953794
38.0095023755939,1.0331747767259163,-0.008532741205384107,0.778409090879423,0.7806267806233562,0.9999999997197231,0.057503276148180626
38.03450862715679,1.0330026526030618,-0.005233097073813389,0.7784090908785586,0.7806267806232311,0.9999999997182721,0.05750327614840264
38.05951487871968,1.032913071612782,-0.0019316327121946118,0.7784090908777228,0.7806267806231035,0.999999999717514,0.05750327614861876
38.084521130282575,1.0329060274536275,0.0013675090605213883,0.7784090908769196,0.780626780622974,0.9999999997174542,0.05750327614882806
38.10952738184546,1.0329814103578578,0.004660196130447371,0.7784090908761526,0.7806267806228426,0.9999999997180926,0.0575032761490296
38.13453363340835,1.0331390073836992,0.00794230910858085,0.7784090908754259,0.7806267806227101,0.9999999997194222,0.05750327614922237
38.159539884971245,1.033378502758854,0.011209743336640512,0.7784090908747426,0.7806267806225766,0.9999999997214308,0.05750327614940557
38.18454613653414,1.033699478274559,0.014458410919823113,0.778409090874106,0.7806267806224426,0.9999999997241005,0.05750327614957845
38.20955238809702,1.0341014137300657,0.017684242782285003,0.7784090908735192,0.7806267806223087,0.9999999997274073,0.05750327614974014
38.234558639659916,1.0345836874281227,0.020883190778721777,0.7784090908729843,0.7806267806221752,0.9999999997313228,0.0575032761498901
38.25956489122281,1.035145576728086,0.024051229893522028,0.7784090908725038,0.7806267806220425,0.9999999997358139,0.05750327615002764
38.2845711427857,1.0357862586548068,0.02718436050223685,0.7784090908720795,0.780626780621911,0.9999999997408431,0.05750327615015226
38.30957739434859,1.0365048105519274,0.03027861067465344,0.7784090908717128,0.7806267806217814,0.9999999997463699,0.05750327615026359
38.33458364591148,1.0373002108149467,0.03333003869450797,0.778409090871405,0.7806267806216539,0.9999999997523503,0.0575032761503612
38.35958989747437,1.0381713396857093,0.036334735646494046,0.7784090908711566,0.7806267806215291,0.9999999997587385,0.057503276150444885
38.384596149037264,1.0391169800760178,0.039288828025598556,0.7784090908709681,0.7806267806214072,0.9999999997654868,0.05750327615051447
38.40960240060015,1.0401358185299572,0.04218848073621166,0.7784090908708392,0.7806267806212888,0.9999999997725464,0.05750327615056991
38.43460865216304,1.041226446193786,0.045029899995225844,0.7784090908707697,0.7806267806211741,0.9999999997798679,0.057503276150611196
38.459614903725935,1.0423873598768933,0.047809336479813135,0.7784090908707587,0.7806267806210635,0.9999999997874025,0.057503276150638404
38.48462115528882,1.0436169632678942,0.050523088824128336,0.7784090908708052,0.7806267806209574,0.999999999795102,0.057503276150651726
38.50962740685171,1.0449135680702968,0.05316750686091323,0.7784090908709078,0.7806267806208561,0.9999999998029192,0.057503276150651345
38.534633658414606,1.0462753954587392,0.055738995622871476,0.7784090908710647,0.78062678062076,0.9999999998108086,0.05750327615063766
38.5596399099775,1.0477005773808112,0.05823401894271303,0.7784090908712739,0.7806267806206691,0.999999999818727,0.05750327615061102
38.584646161540384,1.0491871581719387,0.06064910370402671,0.7784090908715332,0.7806267806205839,0.9999999998266338,0.057503276150571894
38.60965241310328,1.050733096146733,0.06298084405030033,0.7784090908718404,0.7806267806205043,0.9999999998344906,0.057503276150520755
38.63465866466617,1.0523362653066795,0.06522590573593372,0.7784090908721928,0.7806267806204308,0.9999999998422624,0.05750327615045814
38.65966491622906,1.0539944572886855,0.0673810309971286,0.7784090908725876,0.7806267806203633,0.9999999998499172,0.05750327615038464
38.68467116779195,1.0557053831681569,0.06944304302256141,0.7784090908730221,0.780626780620302,0.9999999998574263,0.05750327615030083
38.70967741935484,1.0574666757796871,0.07140885141094082,0.7784090908734935,0.7806267806202472,0.9999999998647641,0.05750327615020729
38.73468367091773,1.0592758916487064,0.07327545681590436,0.7784090908739987,0.7806267806201985,0.9999999998719085,0.05750327615010479
38.759689922480625,1.0611305136813107,0.07503995689599643,0.7784090908745346,0.7806267806201562,0.9999999998788407,0.05750327614999398
38.78469617404351,1.0630279532681775,0.07669955116131762,0.7784090908750985,0.7806267806201205,0.9999999998855449,0.05750327614987541
38.8097024256064,1.0649655533217526,0.07825154731875962,0.7784090908756873,0.780626780620091,0.9999999998920083,0.05750327614974986
38.834708677169296,1.0669405906289864,0.07969336634327644,0.7784090908762981,0.7806267806200679,0.999999999898221,0.05750327614961796
38.85971492873218,1.0689502791442718,0.08102254905676101,0.778409090876928,0.780626780620051,0.999999999904176,0.05750327614948034
38.884721180295074,1.070991772782592,0.08223676154321855,0.7784090908775744,0.7806267806200402,0.9999999999098687,0.057503276149337694
38.90972743185797,1.073062168693693,0.08333380159847262,0.7784090908782344,0.7806267806200354,0.9999999999152965,0.0575032761491906
38.93473368342086,1.0751585109171262,0.08431160484539471,0.7784090908789056,0.7806267806200367,0.9999999999204595,0.05750327614903968
38.959739934983745,1.0772777931508157,0.08516825043782818,0.7784090908795855,0.7806267806200436,0.9999999999253593,0.057503276148885514
38.98474618654664,1.0794169636507103,0.08590196823401665,0.7784090908802719,0.7806267806200562,0.9999999999299988,0.057503276148728674
39.00975243810953,1.0815729275235475,0.08651114354443988,0.7784090908809624,0.7806267806200742,0.9999999999343832,0.057503276148569656
39.03475868967242,1.0837425521122572,0.0869943248006042,0.778409090881655,0.7806267806200975,0.999999999938518,0.057503276148409
39.05976494123531,1.0859226707576073,0.08735022868467629,0.7784090908823479,0.7806267806201258,0.9999999999424105,0.05750327614824716
39.0847711927982,1.0881100855832724,0.08757774551439344,0.7784090908830392,0.780626780620159,0.9999999999460683,0.057503276148084564
39.10977744436109,1.090301574769358,0.08767594709976213,0.7784090908837275,0.7806267806201967,0.9999999999495,0.05750327614792163
39.134783695923986,1.0924938950713403,0.08764409029885055,0.7784090908844109,0.780626780620239,0.9999999999527145,0.05750327614775876
39.15978994748687,1.0946837863580723,0.08748162327447358,0.7784090908850883,0.7806267806202855,0.9999999999557212,0.05750327614759635
39.184796199049764,1.096867978276879,0.08718819120335075,0.7784090908857583,0.780626780620336,0.9999999999585295,0.05750327614743468
39.209802450612656,1.0990431931426248,0.086763640204755,0.77840909088642,0.7806267806203901,0.9999999999611493,0.057503276147274025
39.23480870217555,1.101206152429805,0.086208022975835,0.7784090908870722,0.7806267806204478,0.9999999999635902,0.05750327614711476
39.259814953738434,1.1033535818006293,0.08552160243279319,0.7784090908877142,0.7806267806205088,0.999999999965862,0.057503276146956994
39.28482120530133,1.1054822154578912,0.08470485588537355,0.7784090908883451,0.7806267806205729,0.9999999999679738,0.057503276146801036
39.30982745686422,1.1075888030495422,0.0837584785951052,0.7784090908889644,0.7806267806206398,0.9999999999699352,0.057503276146647075
39.334833708427105,1.1096701136838378,0.08268338670306136,0.7784090908895713,0.7806267806207094,0.999999999971755,0.057503276146495266
39.35983995999,1.1117229427094655,0.08148071996053695,0.7784090908901655,0.7806267806207815,0.9999999999734419,0.057503276146345775
39.38484621155289,1.1137441163733943,0.0801518436966055,0.7784090908907465,0.7806267806208559,0.9999999999750044,0.05750327614619874
39.40985246311578,1.1157304982328593,0.07869835042393843,0.7784090908913142,0.7806267806209322,0.9999999999764504,0.05750327614605428
39.43485871467867,1.1176789942430998,0.07712206077339154,0.7784090908918679,0.7806267806210104,0.9999999999777875,0.05750327614591244
39.45986496624156,1.1195865589907363,0.07542502383206448,0.778409090892408,0.7806267806210901,0.999999999979023,0.0575032761457734
39.484871217804454,1.1214502009182898,0.07360951695996325,0.7784090908929339,0.7806267806211715,0.9999999999801636,0.05750327614563716
39.509877469367346,1.1232669885011901,0.07167804472919562,0.7784090908934458,0.7806267806212541,0.9999999999812159,0.05750327614550378
39.53488372093023,1.1250340554283258,0.06963333756459,0.7784090908939436,0.7806267806213378,0.9999999999821858,0.05750327614537329
39.559889972493124,1.1267486067044605,0.06747834918675644,0.7784090908944273,0.7806267806214224,0.9999999999830789,0.057503276145245814
39.58489622405602,1.1284079237381568,0.06521625399163603,0.7784090908948971,0.7806267806215078,0.9999999999839005,0.057503276145121275
39.60990247561891,1.1300093702248577,0.06285044301636666,0.7784090908953529,0.780626780621594,0.9999999999846558,0.057503276144999664
39.634908727181795,1.131550397191575,0.06038451987161141,0.778409090895795,0.7806267806216804,0.999999999985349,0.0575032761448811
39.65991497874469,1.1330285484349147,0.05782229543383823,0.7784090908962235,0.7806267806217674,0.9999999999859845,0.05750327614476549
39.68492123030758,1.1344414656046062,0.05516778204382868,0.7784090908966383,0.7806267806218546,0.9999999999865661,0.05750327614465282
39.70992748187047,1.1357868930556594,0.0524251871352878,0.7784090908970402,0.7806267806219419,0.9999999999870977,0.05750327614454309
39.73493373343336,1.1370626828185777,0.049598905707950426,0.778409090897429,0.7806267806220292,0.9999999999875822,0.0575032761444363
39.75993998499625,1.1382667990147919,0.046693512699539676,0.7784090908978051,0.7806267806221163,0.9999999999880227,0.0575032761443324
39.78494623655914,1.1393973223490441,0.04371375423151559,0.7784090908981685,0.7806267806222031,0.999999999988422,0.05750327614423142
39.80995248812203,1.140452454282807,0.040664538312045286,0.7784090908985196,0.7806267806222897,0.9999999999887828,0.057503276144133204
39.83495873968492,1.1414305208854687,0.03755092516104976,0.7784090908988587,0.7806267806223759,0.9999999999891072,0.05750327614403783
39.859964991247814,1.1423299765833679,0.034378116580035444,0.778409090899186,0.7806267806224616,0.9999999999893971,0.05750327614394521
39.88497124281071,1.143149407542583,0.031151444955555455,0.7784090908995016,0.7806267806225466,0.9999999999896546,0.05750327614385532
39.90997749437359,1.1438875347647037,0.027876361826535797,0.7784090908998061,0.7806267806226311,0.9999999999898812,0.057503276143768066
39.934983745936485,1.144543216948646,0.02455842576806121,0.7784090909000995,0.7806267806227147,0.9999999999900783,0.05750327614368351
39.95998999749938,1.1451154530084942,0.021203289912535936,0.7784090909003822,0.7806267806227977,0.9999999999902471,0.05750327614360149
39.98499624906227,1.145603384261153,0.017816689200714414,0.7784090909006545,0.7806267806228797,0.9999999999903889,0.05750327614352202
40.010002500625156,1.1460062963197684,0.014404427153686086,0.7784090909009165,0.7806267806229608,0.9999999999905044,0.057503276143445074
40.03500875218805,1.1463236206421374,0.01097236238571365,0.7784090909011685,0.7806267806230409,0.9999999999905943,0.057503276143370585
40.06001500375094,1.1465549357341405,0.007526394912776161,0.7784090909014107,0.7806267806231201,0.9999999999906594,0.0575032761432985
40.08502125531383,1.1466999680110592,0.004072452303552951,0.7784090909016435,0.7806267806231982,0.9999999999906999,0.057503276143228754
40.11002750687672,1.1467585923132222,0.0006164756703073114,0.7784090909018668,0.7806267806232753,0.9999999999907163,0.05750327614316139
40.13503375843961,1.1467308320692529,-0.0028355943863250833,0.7784090909020812,0.7806267806233512,0.9999999999907085,0.05750327614309627
40.160040010002504,1.1466168591068908,-0.0062778318259253466,0.7784090909022867,0.7806267806234258,0.9999999999906767,0.05750327614303348
40.18504626156539,1.1464169931140475,-0.009704339163584678,0.7784090909024834,0.7806267806234993,0.9999999999906206,0.05750327614297285
40.21005251312828,1.1461317007508462,-0.013109261352054691,0.7784090909026717,0.7806267806235716,0.99999999999054,0.057503276142914395
40.235058764691175,1.1457615944163988,-0.01648679949026971,0.7784090909028517,0.7806267806236427,0.9999999999904343,0.05750327614285812
40.26006501625407,1.1453074306758042,-0.01983122429873853,0.7784090909030235,0.7806267806237125,0.9999999999903031,0.05750327614280393
40.28507126781695,1.1447701083533013,-0.023136889311934923,0.7784090909031873,0.780626780623781,0.9999999999901457,0.05750327614275184
40.310077519379846,1.1441506663022964,-0.02639824372605775,0.7784090909033432,0.7806267806238482,0.9999999999899607,0.05750327614270181
40.33508377094274,1.1434502808551406,-0.029609844882190605,0.7784090909034914,0.780626780623914,0.9999999999897475,0.057503276142653825
40.36009002250563,1.1426702629595817,-0.03276637032567093,0.778409090903632,0.7806267806239786,0.9999999999895048,0.057503276142607807
40.385096274068516,1.1418120550386626,-0.03586262930437833,0.778409090903765,0.7806267806240418,0.9999999999892311,0.0575032761425638
40.41010252563141,1.1408772275624701,-0.038893573805942765,0.7784090909038905,0.7806267806241036,0.9999999999889249,0.057503276142521806
40.4351087771943,1.139867475328929,-0.041854309097169744,0.7784090909040086,0.780626780624164,0.9999999999885842,0.05750327614248178
40.460115028757194,1.1387846135065423,-0.04474010357098727,0.7784090909041194,0.7806267806242231,0.9999999999882072,0.05750327614244371
40.48512128032008,1.1376305734701702,-0.0475463979243779,0.7784090909042228,0.7806267806242808,0.9999999999877918,0.05750327614240754
40.51012753188297,1.136407398350156,-0.05026881388080143,0.778409090904319,0.7806267806243371,0.9999999999873355,0.05750327614237338
40.535133783445865,1.135117238391295,-0.05290316209474865,0.7784090909044077,0.7806267806243921,0.9999999999868358,0.05750327614234118
40.56014003500876,1.1337623462089628,-0.05544544926413457,0.7784090909044891,0.7806267806244455,0.9999999999862896,0.05750327614231095
40.58514628657164,1.1323450717138106,-0.057891884864743885,0.778409090904563,0.7806267806244975,0.9999999999856941,0.057503276142282705
40.610152538134535,1.1308678570057624,-0.06023888681721844,0.7784090909046294,0.7806267806245482,0.999999999985046,0.057503276142256476
40.63515878969743,1.1293332311596698,-0.0624830865668679,0.7784090909046882,0.7806267806245973,0.9999999999843414,0.05750327614223227
40.66016504126031,1.1277438046670283,-0.06462133363904378,0.7784090909047394,0.7806267806246452,0.9999999999835766,0.057503276142210055
40.685171292823206,1.1261022641362508,-0.0666506989930504,0.7784090909047827,0.7806267806246914,0.9999999999827476,0.05750327614219
40.7101775443861,1.124411366561806,-0.06856847823977014,0.7784090909048179,0.7806267806247361,0.9999999999818499,0.0575032761421721
40.73518379594899,1.1226739337230067,-0.07037219366357589,0.778409090904845,0.7806267806247795,0.9999999999808786,0.05750327614215629
40.76019004751188,1.1208928465930204,-0.07205959582468043,0.7784090909048635,0.7806267806248213,0.9999999999798292,0.05750327614214278
40.78519629907477,1.1190710393771144,-0.07362866446965206,0.7784090909048733,0.7806267806248616,0.9999999999786962,0.057503276142131576
40.81020255063766,1.117211494133226,-0.07507760855408256,0.7784090909048742,0.7806267806249004,0.9999999999774738,0.05750327614212269
40.835208802200555,1.115317234612778,-0.0764048660554336,0.7784090909048657,0.7806267806249376,0.9999999999761566,0.057503276142116276
40.86021505376344,1.1133913210240325,-0.07760910260909837,0.7784090909048474,0.7806267806249733,0.9999999999747384,0.0575032761421124
40.88522130532633,1.1114368438505449,-0.07868921021524213,0.7784090909048192,0.7806267806250073,0.999999999973213,0.0575032761421111
40.910227556889225,1.1094569187489063,-0.07964430468820723,0.7784090909047804,0.7806267806250399,0.9999999999715737,0.05750327614211252
40.93523380845212,1.107454680426098,-0.08047372330301522,0.7784090909047308,0.7806267806250706,0.9999999999698139,0.05750327614211678
40.960240060015,1.1054332777392117,-0.08117702122788571,0.7784090909046697,0.7806267806250998,0.9999999999679268,0.057503276142123964
40.985246311577896,1.1033958676284383,-0.08175396820249066,0.7784090909045968,0.7806267806251271,0.9999999999659052,0.05750327614213423
41.01025256314079,1.1013456105609896,-0.08220454413200548,0.7784090909045113,0.7806267806251528,0.9999999999637423,0.05750327614214766
41.03525881470368,1.0992856644469897,-0.0825289348578039,0.7784090909044128,0.7806267806251767,0.9999999999614309,0.05750327614216441
41.06026506626657,1.0972191805777813,-0.08272752719021212,0.7784090909043008,0.7806267806251986,0.9999999999589642,0.05750327614218464
41.08527131782946,1.0951492975020733,-0.08280090367774054,0.7784090909041745,0.7806267806252187,0.9999999999563352,0.05750327614220846
41.11027756939235,1.0930791374122202,-0.0827498375426671,0.7784090909040333,0.7806267806252369,0.9999999999535374,0.0575032761422361
41.13528382095524,1.0910118004007736,-0.08257528630330459,0.7784090909038766,0.7806267806252531,0.9999999999505645,0.057503276142267655
41.16029007251813,1.0889503603920014,-0.08227838671084785,0.7784090909037035,0.7806267806252672,0.9999999999474107,0.05750327614230336
41.18529632408102,1.086897861301122,-0.08186044808164153,0.7784090909035135,0.7806267806252792,0.9999999999440708,0.057503276142343296
41.210302575643915,1.0848573110947977,-0.08132294593196665,0.7784090909033059,0.7806267806252891,0.9999999999405401,0.05750327614238768
41.2353088272068,1.0828316798602826,-0.08066751673036343,0.77840909090308,0.7806267806252968,0.9999999999368148,0.057503276142436686
41.26031507876969,1.080823894908207,-0.07989595000356223,0.7784090909028348,0.780626780625302,0.9999999999328919,0.057503276142490546
41.285321330332586,1.078836835695018,-0.07901018238578475,0.77840909090257,0.7806267806253049,0.9999999999287699,0.05750327614254933
41.31032758189548,1.0768733325199162,-0.07801229202240005,0.7784090909022847,0.7806267806253052,0.999999999924448,0.057503276142613295
41.335333833458364,1.074936161941612,-0.07690449065352642,0.7784090909019783,0.7806267806253031,0.9999999999199272,0.057503276142682525
41.36034008502126,1.073028043113456,-0.07568911785052135,0.7784090909016502,0.7806267806252982,0.9999999999152098,0.05750327614275727
41.38534633658415,1.0711516358457898,-0.07436863481931423,0.7784090909013,0.7806267806252907,0.9999999999102999,0.05750327614283758
41.41035258814704,1.0693095362926104,-0.07294561709651902,0.7784090909009269,0.7806267806252803,0.9999999999052032,0.057503276142923616
41.43535883970993,1.0675042752461104,-0.0714227493977241,0.7784090909005308,0.780626780625267,0.9999999998999276,0.0575032761430155
41.46036509127282,1.0657383149379422,-0.06980281847258385,0.7784090909001111,0.7806267806252508,0.9999999998944831,0.057503276143113305
41.48537134283571,1.064014046624585,-0.06808870761337082,0.7784090908996677,0.7806267806252315,0.9999999998888812,0.057503276143217166
41.5103775943986,1.0623337885117716,-0.06628339053605292,0.7784090908992005,0.780626780625209,0.9999999998831364,0.057503276143327044
41.53538384596149,1.060699783127691,-0.06438992546900818,0.7784090908987096,0.7806267806251832,0.999999999877265,0.057503276143443006
41.56039009752438,1.0591141957843866,-0.062411449840055415,0.7784090908981948,0.7806267806251541,0.9999999998712856,0.05750327614356507
41.585396349087276,1.0575791121598832,-0.06035117438771732,0.7784090908976565,0.7806267806251217,0.9999999998652194,0.05750327614369313
41.61040260065016,1.0560965370066673,-0.05821237832962305,0.7784090908970953,0.7806267806250857,0.9999999998590895,0.05750327614382715
41.635408852213054,1.0546683920740718,-0.05599840378438231,0.7784090908965117,0.7806267806250463,0.999999999852921,0.05750327614396696
41.66041510377595,1.05329651497577,-0.05371265127363017,0.7784090908959064,0.7806267806250033,0.9999999998467415,0.05750327614411242
41.68542135533884,1.0519826574651978,-0.05135857458146004,0.7784090908952803,0.7806267806249567,0.9999999998405802,0.05750327614426337
41.710427606901725,1.0507284844275162,-0.04893967651475807,0.7784090908946347,0.7806267806249064,0.9999999998344676,0.057503276144419524
41.73543385846462,1.0495355725039297,-0.046459504280447476,0.7784090908939708,0.7806267806248525,0.9999999998284363,0.0575032761445806
41.76044011002751,1.048405409174356,-0.0439216454281624,0.7784090908932901,0.7806267806247948,0.9999999998225197,0.05750327614474629
41.7854463615904,1.0473393917251066,-0.041329723801977566,0.7784090908925946,0.7806267806247336,0.9999999998167521,0.05750327614491611
41.81045261315329,1.0463388264008349,-0.03868739561414049,0.7784090908918858,0.7806267806246686,0.9999999998111683,0.05750327614508971
41.83545886471618,1.0454049276842823,-0.03599834595144986,0.778409090891166,0.7806267806246001,0.9999999998058029,0.057503276145266624
41.86046511627907,1.0445388175370334,-0.03326628501736646,0.7784090908904373,0.7806267806245281,0.999999999800691,0.05750327614544627
41.885471367841966,1.0437415249119377,-0.030494945045590787,0.7784090908897022,0.7806267806244525,0.9999999997958662,0.057503276145628196
41.91047761940485,1.0430139851537779,-0.02768807686900707,0.7784090908889634,0.7806267806243734,0.9999999997913618,0.0575032761458117
41.935483870967744,1.042357039630247,-0.02484944698028512,0.7784090908882233,0.7806267806242911,0.9999999997872091,0.057503276145996235
41.960490122530636,1.04177143535983,-0.021982834591030065,0.7784090908874849,0.7806267806242058,0.9999999997834377,0.057503276146181066
41.98549637409352,1.0412578247133848,-0.019092028712920307,0.7784090908867511,0.7806267806241174,0.999999999780075,0.05750327614636551
42.010502625656414,1.0408167652338622,-0.01618082558551162,0.778409090886025,0.7806267806240262,0.9999999997771457,0.05750327614654892
42.03550887721931,1.0404487194642913,-0.013253025977932351,0.7784090908853094,0.7806267806239323,0.9999999997746715,0.057503276146730536
42.0605151287822,1.0401540548726271,-0.010312432654646587,0.7784090908846073,0.7806267806238361,0.9999999997726707,0.05750327614690968
42.085521380345085,1.039933043839417,-0.007362847985749434,0.7784090908839221,0.7806267806237376,0.9999999997711584,0.057503276147085496
42.11052763190798,1.0397858636897637,-0.004408071509963707,0.7784090908832564,0.7806267806236371,0.9999999997701458,0.05750327614725741
42.13553388347087,1.0397125967960643,-0.0014518975901679707,0.7784090908826133,0.780626780623535,0.99999999976964,0.057503276147424565
42.16054013503376,1.0397132307373862,0.0015018868775490725,0.7784090908819958,0.7806267806234315,0.9999999997696444,0.05750327614758632
42.18554638659665,1.0397876585137962,0.00444950474804451,0.7784090908814064,0.7806267806233267,0.9999999997701581,0.057503276147742095
42.21055263815954,1.039935678818613,0.0073871909040861515,0.7784090908808479,0.7806267806232212,0.9999999997711766,0.05750327614789104
42.235558889722434,1.040156996367889,0.010311194530775565,0.7784090908803227,0.7806267806231151,0.9999999997726907,0.05750327614803267
42.260565141285326,1.0404512222865474,0.013217781399967543,0.778409090879833,0.7806267806230087,0.9999999997746883,0.05750327614816638
42.28557139284821,1.0408178745517092,0.01610323617869676,0.7784090908793809,0.7806267806229025,0.9999999997771531,0.057503276148291635
42.310577644411104,1.0412563784932571,0.01896386477911824,0.7784090908789683,0.7806267806227967,0.9999999997800655,0.05750327614840793
42.335583895974,1.0417660673595668,0.021795996781224656,0.7784090908785966,0.7806267806226916,0.9999999997834028,0.05750327614851485
42.36059014753689,1.042346182936368,0.024595987865103832,0.7784090908782673,0.7806267806225877,0.9999999997871398,0.057503276148612024
42.385596399099775,1.0429958762254747,0.02736022232501424,0.7784090908779814,0.7806267806224853,0.9999999997912484,0.05750327614869913
42.41060265066267,1.043714208206447,0.030085115742512693,0.7784090908777397,0.7806267806223844,0.9999999997956989,0.057503276148775914
42.43560890222556,1.0445001506449028,0.032767117641346044,0.7784090908775427,0.7806267806222857,0.9999999998004596,0.05750327614884223
42.460615153788446,1.0453525869612879,0.035402714249694205,0.778409090877391,0.7806267806221894,0.9999999998054978,0.05750327614889785
42.48562140535134,1.0462703132247633,0.03798843153486787,0.7784090908772842,0.7806267806220957,0.9999999998107798,0.057503276148942795
42.51062765691423,1.0472520391373343,0.040520838070432975,0.7784090908772223,0.780626780622005,0.9999999998162714,0.05750327614897699
42.535633908477124,1.0482963891620725,0.04299654826112475,0.7784090908772048,0.7806267806219175,0.9999999998219384,0.057503276149000505
42.56064016004001,1.049401903732943,0.04541222565857439,0.7784090908772309,0.7806267806218334,0.9999999998277471,0.05750327614901345
42.5856464116029,1.0505670404508793,0.04776458617656362,0.7784090908772997,0.7806267806217531,0.9999999998336639,0.057503276149015986
42.610652663165794,1.051790175554469,0.05005040189774944,0.7784090908774101,0.7806267806216766,0.9999999998396569,0.057503276149008346
42.63565891472869,1.053069605230012,0.0522665044307455,0.7784090908775607,0.7806267806216042,0.9999999998456948,0.05750327614899073
42.66066516629157,1.0544035472832625,0.05440978899488397,0.77840909087775,0.7806267806215361,0.9999999998517478,0.05750327614896347
42.685671417854465,1.0557901426728165,0.05647721816456392,0.7784090908779764,0.7806267806214726,0.9999999998577882,0.05750327614892689
42.71067766941736,1.0572274573029028,0.05846582603247822,0.778409090878238,0.7806267806214136,0.9999999998637901,0.057503276148881385
42.73568392098025,1.0587134838659311,0.060372722459366965,0.7784090908785329,0.7806267806213593,0.9999999998697291,0.05750327614882732
42.760690172543136,1.060246143726968,0.062195097261185626,0.7784090908788592,0.7806267806213097,0.9999999998755833,0.05750327614876519
42.78569642410603,1.0618232891028732,0.06393022493114187,0.778409090879215,0.7806267806212651,0.9999999998813328,0.057503276148695326
42.81070267566892,1.0634427050582493,0.06557546888455874,0.7784090908795978,0.7806267806212254,0.9999999998869602,0.057503276148618304
42.835708927231806,1.0651021120123456,0.0671282865579322,0.7784090908800056,0.7806267806211906,0.9999999998924498,0.057503276148534545
42.8607151787947,1.0667991678903062,0.06858623375264714,0.7784090908804365,0.7806267806211609,0.9999999998977882,0.0575032761484445
42.88572143035759,1.0685314709210434,0.06994696999502786,0.778409090880888,0.7806267806211361,0.9999999999029645,0.057503276148348687
42.910727681920484,1.07029656202486,0.0712082630283876,0.7784090908813582,0.7806267806211162,0.9999999999079692,0.05750327614824759
42.93573393348337,1.0720919277986678,0.0723679942591344,0.778409090881845,0.7806267806211012,0.9999999999127949,0.05750327614814171
42.96074018504626,1.0739150033219453,0.0734241635248212,0.7784090908823461,0.7806267806210911,0.9999999999174363,0.057503276148031496
42.985746436609155,1.0757631750771297,0.07437489430471743,0.7784090908828596,0.7806267806210857,0.9999999999218894,0.057503276147917476
43.01075268817205,1.0776337845202952,0.07521843903594144,0.7784090908833836,0.7806267806210849,0.9999999999261521,0.05750327614780003
43.03575893973493,1.0795241305655752,0.07595318364727185,0.7784090908839162,0.7806267806210888,0.9999999999302235,0.057503276147679624
43.060765191297826,1.0814314741564655,0.07657765360470682,0.7784090908844556,0.7806267806210971,0.999999999934104,0.057503276147556695
43.08577144286072,1.0833530404555776,0.0770905177293857,0.7784090908850002,0.7806267806211098,0.9999999999377953,0.057503276147431615
43.11077769442361,1.0852860236380812,0.07749059436580938,0.7784090908855482,0.7806267806211267,0.9999999999413,0.057503276147304855
43.135783945986496,1.087227590525325,0.07777685565854427,0.7784090908860982,0.7806267806211477,0.9999999999446214,0.057503276147176714
43.16079019754939,1.0891748829849786,0.07794843165644444,0.7784090908866488,0.7806267806211725,0.9999999999477638,0.057503276147047575
43.18579644911228,1.0911250245433686,0.07800461667545583,0.7784090908871986,0.7806267806212012,0.9999999999507322,0.05750327614691777
43.210802700675174,1.0930751227952171,0.07794487208064879,0.7784090908877463,0.7806267806212334,0.9999999999535318,0.05750327614678763
43.23580895223806,1.0950222732809916,0.07776883101364603,0.7784090908882909,0.780626780621269,0.9999999999561684,0.05750327614665742
43.26081520380095,1.0969635656198151,0.07747630294193115,0.7784090908888314,0.780626780621308,0.9999999999586482,0.05750327614652739
43.285821455363845,1.0988960860976709,0.07706727653543774,0.7784090908893666,0.7806267806213499,0.9999999999609774,0.05750327614639787
43.31082770692673,1.1008169232480727,0.07654192388089968,0.7784090908898957,0.7806267806213949,0.9999999999631626,0.057503276146269065
43.33583395848962,1.1027231725980133,0.07590060321243929,0.7784090908904181,0.7806267806214426,0.99999999996521,0.057503276146141126
43.360840210052515,1.1046119402768229,0.07514386184926401,0.778409090890933,0.780626780621493,0.9999999999671266,0.05750327614601428
43.38584646161541,1.1064803492126452,0.07427243872190924,0.7784090908914398,0.7806267806215458,0.9999999999689186,0.05750327614588872
43.41085271317829,1.1083255426551422,0.07328726631409319,0.778409090891938,0.7806267806216007,0.9999999999705924,0.057503276145764615
43.435858964741186,1.1101446900236316,0.0721894724233346,0.7784090908924269,0.7806267806216579,0.9999999999721543,0.05750327614564209
43.46086521630408,1.1119349911063015,0.07098038128133344,0.7784090908929064,0.780626780621717,0.9999999999736103,0.057503276145521254
43.48587146786697,1.1136936814724137,0.06966151435803955,0.7784090908933761,0.7806267806217778,0.9999999999749666,0.057503276145402196
43.51087771942986,1.1154180370523308,0.06823459058154688,0.7784090908938355,0.7806267806218403,0.9999999999762287,0.05750327614528511
43.53588397099275,1.1171053793624415,0.0667015260950175,0.7784090908942846,0.7806267806219042,0.9999999999774021,0.05750327614517004
43.56089022255564,1.1187530801565198,0.06506443351652594,0.778409090894723,0.7806267806219694,0.9999999999784919,0.05750327614505704
43.585896474118535,1.1203585666101854,0.06332562053916307,0.7784090908951506,0.7806267806220358,0.9999999999795033,0.057503276144946165
43.61090272568142,1.121919325858972,0.06148758821545405,0.7784090908955675,0.7806267806221033,0.9999999999804409,0.05750327614483751
43.63590897724431,1.1234329101539022,0.059553028303895555,0.7784090908959737,0.7806267806221716,0.9999999999813092,0.057503276144731066
43.660915228807205,1.1248969412264738,0.057524820550371315,0.7784090908963688,0.7806267806222407,0.9999999999821123,0.05750327614462696
43.6859214803701,1.1263091153063423,0.05540602877526415,0.778409090896753,0.7806267806223105,0.9999999999828543,0.057503276144525065
43.71092773193298,1.1276672073559397,0.05319989703637048,0.7784090908971265,0.7806267806223808,0.9999999999835388,0.0575032761444255
43.735933983495876,1.128969075751079,0.0509098446194618,0.7784090908974891,0.7806267806224515,0.9999999999841693,0.057503276144328305
43.76094023505877,1.1302126664840444,0.04853946084305322,0.778409090897841,0.7806267806225226,0.9999999999847491,0.057503276144233416
43.785946486621654,1.131396017331206,0.04609249920067778,0.7784090908981824,0.7806267806225937,0.999999999985281,0.057503276144140865
43.81095273818455,1.1325172619884658,0.04357287070536189,0.7784090908985132,0.7806267806226651,0.9999999999857678,0.057503276144050645
43.83595898974744,1.1335746337768202,0.040984637142508114,0.7784090908988337,0.7806267806227365,0.9999999999862121,0.05750327614396272
43.86096524131033,1.1345664694332396,0.038332003323952465,0.7784090908991439,0.7806267806228078,0.9999999999866165,0.05750327614387715
43.88597149287322,1.135491212549682,0.03561930907697072,0.778409090899444,0.7806267806228788,0.9999999999869826,0.0575032761437939
43.91097774443611,1.1363474168090462,0.03285102080478117,0.7784090908997343,0.7806267806229498,0.9999999999873127,0.057503276143712874
43.935983995999,1.137133749102356,0.030031722297393728,0.7784090909000149,0.7806267806230203,0.9999999999876086,0.057503276143634124
43.960990247561895,1.1378489923047261,0.02716610537572118,0.7784090909002858,0.7806267806230904,0.9999999999878716,0.057503276143557616
43.98599649912478,1.1384920478527214,0.024258960062251384,0.7784090909005474,0.7806267806231602,0.9999999999881033,0.05750327614348327
44.01100275068767,1.1390619380979767,0.02131516424822161,0.7784090909007997,0.7806267806232293,0.9999999999883049,0.057503276143411185
44.036009002250566,1.1395578083581648,0.018339673155911264,0.7784090909010429,0.780626780623298,0.9999999999884777,0.05750327614334121
44.06101525381346,1.1399789287096533,0.015337508508248745,0.7784090909012774,0.7806267806233661,0.9999999999886223,0.057503276143273344
44.086021505376344,1.1403246955215962,0.012313747356275218,0.7784090909015032,0.7806267806234334,0.9999999999887397,0.05750327614320761
44.11102775693924,1.1405946326970096,0.009273510711061049,0.7784090909017204,0.7806267806234999,0.9999999999888305,0.057503276143143996
44.13603400850213,1.1407883926247544,0.006221952044692155,0.7784090909019293,0.7806267806235657,0.9999999999888953,0.05750327614308236
44.161040260065015,1.1409057568465235,0.003164245641874473,0.7784090909021301,0.7806267806236308,0.9999999999889343,0.05750327614302275
44.18604651162791,1.1409466364317733,0.00010557484892279772,0.7784090909023227,0.780626780623695,0.999999999988948,0.05750327614296514
44.2110527631908,1.1409110720569164,-0.0029488797051330905,0.7784090909025074,0.7806267806237581,0.9999999999889361,0.057503276142909544
44.23605901475369,1.1407992337896455,-0.0059939518668614584,0.7784090909026845,0.7806267806238205,0.9999999999888989,0.057503276142855844
44.26106526631658,1.1406114205807085,-0.00902450167480471,0.7784090909028539,0.7806267806238819,0.9999999999888362,0.05750327614280408
44.28607151787947,1.1403480594634727,-0.012035426970982376,0.778409090903016,0.7806267806239423,0.9999999999887477,0.05750327614275418
44.31107776944236,1.1400097044646993,-0.01502167486733259,0.7784090909031706,0.7806267806240016,0.9999999999886329,0.05750327614270622
44.336084021005256,1.1395970352309184,-0.0179782530195166,0.778409090903318,0.7806267806240601,0.9999999999884912,0.05750327614266003
44.36109027256814,1.13911085537704,-0.020900240662583565,0.7784090909034582,0.7806267806241174,0.9999999999883221,0.057503276142615745
44.386096524131034,1.1385520905619224,-0.023782799380062225,0.7784090909035916,0.7806267806241738,0.9999999999881247,0.05750327614257318
44.41110277569393,1.1379217862916378,-0.02662118358194356,0.7784090909037179,0.780626780624229,0.999999999987898,0.057503276142532506
44.43610902725682,1.1372211054763082,-0.02941075057185686,0.7784090909038374,0.780626780624283,0.999999999987641,0.057503276142493585
44.461115278819705,1.1364513257389386,-0.03214697024502416,0.7784090909039499,0.780626780624336,0.9999999999873522,0.05750327614245645
44.4861215303826,1.1356138364807267,-0.034825434406658876,0.7784090909040557,0.7806267806243878,0.9999999999870304,0.05750327614242111
44.51112778194549,1.1347101357021756,-0.037441865650449865,0.7784090909041548,0.7806267806244385,0.999999999986674,0.05750327614238755
44.53613403350838,1.133741826657274,-0.03999212561525112,0.778409090904247,0.7806267806244881,0.9999999999862812,0.05750327614235574
44.56114028507127,1.1327106142745162,-0.04247222289115102,0.7784090909043326,0.7806267806245365,0.9999999999858502,0.05750327614232568
44.58614653663416,1.1316183013429908,-0.04487832043499802,0.7784090909044115,0.7806267806245836,0.9999999999853788,0.05750327614229746
44.61115278819705,1.1304667846310976,-0.04720674219133464,0.7784090909044836,0.7806267806246296,0.9999999999848649,0.05750327614227095
44.63615903975994,1.1292580507596726,-0.04945397942716644,0.7784090909045488,0.7806267806246744,0.999999999984306,0.057503276142246304
44.66116529132283,1.1279941718899298,-0.051616696437470536,0.7784090909046072,0.7806267806247179,0.9999999999836995,0.05750327614222346
44.686171542885724,1.1266773014458686,-0.05369173543594919,0.7784090909046586,0.7806267806247602,0.9999999999830427,0.05750327614220244
44.711177794448616,1.125309669493146,-0.05567612127620517,0.7784090909047029,0.7806267806248013,0.9999999999823324,0.05750327614218334
44.7361840460115,1.1238935781751915,-0.057567065188595494,0.7784090909047401,0.7806267806248411,0.9999999999815656,0.05750327614216605
44.761190297574394,1.1224313970631419,-0.05936196813041094,0.77840909090477,0.7806267806248797,0.9999999999807391,0.05750327614215073
44.78619654913729,1.1209255582099886,-0.06105842363731935,0.7784090909047923,0.780626780624917,0.999999999979849,0.05750327614213739
44.81120280070018,1.119378551551527,-0.06265421974039775,0.7784090909048069,0.7806267806249529,0.9999999999788918,0.05750327614212604
44.836209052263065,1.1177929197455516,-0.06414734085742382,0.7784090909048137,0.7806267806249876,0.9999999999778634,0.05750327614211676
44.86121530382596,1.11617125350832,-0.06553596850304487,0.7784090909048125,0.780626780625021,0.9999999999767598,0.057503276142109566
44.88622155538885,1.1145161864790654,-0.06681848207592098,0.7784090909048029,0.780626780625053,0.9999999999755768,0.057503276142104556
44.91122780695174,1.1128303903749999,-0.06799345856371386,0.7784090909047847,0.7806267806250835,0.9999999999743098,0.057503276142101795
44.93623405851463,1.111116570059443,-0.06905967221219646,0.7784090909047576,0.7806267806251127,0.9999999999729544,0.057503276142101364
44.96124031007752,1.109377458514653,-0.07001609330744529,0.7784090909047213,0.7806267806251405,0.9999999999715059,0.05750327614210328
44.986246561640414,1.1076158121525113,-0.07086188684934326,0.7784090909046756,0.7806267806251669,0.9999999999699595,0.057503276142107616
45.011252813203306,1.1058344057059148,-0.07159641042978304,0.7784090909046198,0.7806267806251918,0.9999999999683105,0.0575032761421146
45.03625906476619,1.1040360277458685,-0.07221921208559098,0.7784090909045539,0.7806267806252152,0.9999999999665536,0.057503276142124124
45.061265316329084,1.102223475642306,-0.07273002728473739,0.7784090909044772,0.7806267806252369,0.9999999999646847,0.057503276142136475
45.08627156789198,1.1003995511806701,-0.07312877614023719,0.7784090909043895,0.7806267806252573,0.9999999999626985,0.05750327614215162
45.11127781945486,1.0985670558418463,-0.07341555955747227,0.7784090909042902,0.780626780625276,0.9999999999605904,0.0575032761421697
45.136284071017755,1.096728786247039,-0.07359065590585219,0.778409090904179,0.7806267806252931,0.999999999958356,0.05750327614219082
45.16129032258065,1.0948875301909562,-0.07365451655506318,0.7784090909040553,0.7806267806253084,0.999999999955991,0.05750327614221518
45.18629657414354,1.0930460615282853,-0.07360776186489083,0.7784090909039187,0.7806267806253221,0.9999999999534912,0.05750327614224276
45.211302825706426,1.091207137263975,-0.07345117663593974,0.7784090909037688,0.7806267806253341,0.9999999999508534,0.05750327614227373
45.23630907726932,1.0893734920274922,-0.07318570495507108,0.7784090909036049,0.7806267806253441,0.9999999999480742,0.05750327614230829
45.26131532883221,1.0875478352625743,-0.07281244609084712,0.7784090909034266,0.7806267806253523,0.9999999999451509,0.05750327614234647
45.286321580395104,1.0857328474698145,-0.07233264870118626,0.7784090909032334,0.7806267806253586,0.9999999999420816,0.05750327614238842
45.31132783195799,1.0839311750594094,-0.07174770573595508,0.7784090909030249,0.780626780625363,0.9999999999388649,0.05750327614243423
45.33633408352088,1.0821454287071128,-0.07105914991384096,0.7784090909028005,0.7806267806253652,0.9999999999355005,0.057503276142484086
45.361340335083774,1.0803781789906388,-0.07026864731830441,0.77840909090256,0.7806267806253654,0.9999999999319886,0.057503276142538015
45.38634658664667,1.0786319526590116,-0.06937799262071893,0.7784090909023028,0.7806267806253635,0.9999999999283307,0.05750327614259616
45.41135283820955,1.076909230752141,-0.06838910379306014,0.7784090909020285,0.7806267806253594,0.9999999999245293,0.057503276142658676
45.436359089772445,1.0752124443206799,-0.06730401596903489,0.7784090909017367,0.7806267806253528,0.9999999999205882,0.05750327614272563
45.46136534133534,1.0735439723974025,-0.06612487690023718,0.7784090909014272,0.7806267806253441,0.9999999999165121,0.05750327614279706
45.48637159289822,1.0719061389431668,-0.06485394085000644,0.7784090909010998,0.7806267806253329,0.9999999999123075,0.05750327614287305
45.511377844461116,1.0703012100398157,-0.06349356356204446,0.7784090909007542,0.7806267806253193,0.9999999999079819,0.05750327614295365
45.53638409602401,1.0687313920158221,-0.06204619709131773,0.7784090909003903,0.7806267806253031,0.9999999999035447,0.05750327614303894
45.5613903475869,1.0671988283478704,-0.06051438413923865,0.7784090909000082,0.7806267806252843,0.9999999998990065,0.05750327614312891
45.586396599149786,1.0657055981949564,-0.05890075352151466,0.7784090908996079,0.780626780625263,0.9999999998943794,0.05750327614322354
45.61140285071268,1.064253713661847,-0.0572080144908781,0.7784090908991893,0.780626780625239,0.9999999998896774,0.05750327614332283
45.63640910227557,1.0628451183953154,-0.05543895244270824,0.7784090908987531,0.7806267806252123,0.9999999998849154,0.057503276143426714
45.661415353838464,1.0614816852824418,-0.05359642349712169,0.7784090908982993,0.7806267806251826,0.9999999998801105,0.05750327614353519
45.68642160540135,1.0601652151314533,-0.05168335036814367,0.7784090908978286,0.7806267806251503,0.9999999998752809,0.05750327614364809
45.71142785696424,1.058897434722114,-0.049702717271981216,0.7784090908973416,0.780626780625115,0.999999999870446,0.0575032761437653
45.736434108527135,1.0576799956310978,-0.0476575659810619,0.778409090896839,0.780626780625077,0.9999999998656268,0.05750327614388663
45.76144036009003,1.0565144725641853,-0.04555099106088641,0.7784090908963216,0.7806267806250359,0.9999999998608452,0.05750327614401196
45.78644661165291,1.055402362349654,-0.04338613613251223,0.7784090908957905,0.780626780624992,0.9999999998561242,0.057503276144140976
45.811452863215806,1.0543450825244705,-0.041166189446016126,0.7784090908952467,0.7806267806249452,0.9999999998514876,0.05750327614427351
45.8364591147787,1.0533439704745842,-0.03889438033083962,0.7784090908946916,0.7806267806248953,0.9999999998469595,0.057503276144409234
45.86146536634159,1.052400282289803,-0.03657397516320914,0.7784090908941264,0.7806267806248428,0.999999999842565,0.05750327614454787
45.886471617904476,1.051515191995143,-0.03420827390265146,0.7784090908935528,0.7806267806247873,0.9999999998383287,0.05750327614468901
45.91147786946737,1.0506897907012056,-0.031800606544076196,0.7784090908929724,0.7806267806247291,0.9999999998342755,0.05750327614483232
45.93648412103026,1.0499250858941962,-0.029354329665890147,0.778409090892387,0.7806267806246682,0.9999999998304295,0.05750327614497735
45.96149037259315,1.049222000855879,-0.026872823334127067,0.7784090908917983,0.7806267806246044,0.9999999998268149,0.057503276145123725
45.98649662415604,1.0485813740513248,-0.02435948775329765,0.7784090908912085,0.7806267806245383,0.9999999998234543,0.05750327614527094
46.01150287571893,1.0480039587245518,-0.021817740403772108,0.7784090908906195,0.7806267806244696,0.9999999998203695,0.057503276145418496
46.036509127281825,1.0474904224662993,-0.019251013012086662,0.7784090908900334,0.7806267806243985,0.9999999998175806,0.05750327614556593
46.06151537884471,1.0470413468989006,-0.01666274867851691,0.7784090908894525,0.7806267806243251,0.9999999998151063,0.05750327614571275
46.0865216304076,1.0466572274440071,-0.014056399208546788,0.778409090888879,0.7806267806242496,0.9999999998129634,0.05750327614585836
46.111527881970495,1.0463384731179128,-0.011435422337134963,0.778409090888315,0.7806267806241722,0.9999999998111663,0.05750327614600226
46.13653413353339,1.0460854064255876,-0.008803279123544668,0.7784090908877628,0.7806267806240932,0.9999999998097271,0.05750327614614388
46.161540385096274,1.0458982633125724,-0.006163431426587407,0.7784090908872247,0.7806267806240124,0.999999999808656,0.057503276146282756
46.186546636659166,1.045777193170218,-0.003519339347930448,0.7784090908867026,0.7806267806239303,0.9999999998079596,0.0575032761464183
46.21155288822206,1.0457222589136483,-0.0008744587568456135,0.7784090908861991,0.7806267806238469,0.999999999807643,0.057503276146549966
46.23655913978495,1.0457334371185756,0.0017677611463509757,0.7784090908857161,0.7806267806237626,0.9999999998077074,0.05750327614667724
46.26156539134784,1.0458106182177704,0.004403880263719453,0.7784090908852555,0.7806267806236775,0.9999999998081521,0.05750327614679966
46.28657164291073,1.0459536067590667,0.007030470024025815,0.7784090908848191,0.7806267806235919,0.9999999998089734,0.05750327614691675
46.31157789447362,1.046162121723947,0.00964411580296469,0.7784090908844089,0.780626780623506,0.9999999998101645,0.05750327614702806
46.336584146036515,1.0464357969067766,0.012241419350632237,0.7784090908840264,0.78062678062342,0.9999999998117168,0.05750327614713317
46.3615903975994,1.046774181354044,0.014819001235314684,0.7784090908836733,0.7806267806233342,0.9999999998136184,0.05750327614723161
46.38659664916229,1.0471767398657188,0.01737350332372289,0.7784090908833505,0.7806267806232489,0.9999999998158557,0.05750327614732316
46.411602900725185,1.0476428535634306,0.019901591310618888,0.7784090908830594,0.7806267806231643,0.9999999998184128,0.05750327614740744
46.43660915228807,1.0481718205116741,0.022399957235620816,0.778409090882801,0.7806267806230806,0.9999999998212717,0.05750327614748417
46.46161540385096,1.0487628564081743,0.024865322101186332,0.778409090882576,0.780626780622998,0.9999999998244129,0.05750327614755314
46.486621655413856,1.0494150953556207,0.027294438593433636,0.7784090908823852,0.7806267806229169,0.9999999998278152,0.05750327614761413
46.51162790697675,1.0501275906701275,0.029684093737814544,0.7784090908822288,0.7806267806228375,0.9999999998314566,0.05750327614766699
46.536634158539634,1.050899315775841,0.03203111172750059,0.7784090908821071,0.78062678062276,0.9999999998353137,0.057503276147711654
46.56164041010253,1.0517291651986893,0.03433235688907736,0.7784090908820201,0.7806267806226846,0.9999999998393632,0.05750327614774804
46.58664666166542,1.0526159555580274,0.03658473650070101,0.7784090908819677,0.7806267806226117,0.9999999998435803,0.05750327614777611
46.61165291322831,1.0535584267225295,0.0387852039852068,0.7784090908819497,0.7806267806225413,0.999999999847941,0.05750327614779592
46.6366591647912,1.0545552429909177,0.040930762009232076,0.7784090908819654,0.7806267806224736,0.9999999998524209,0.05750327614780754
46.66166541635409,1.055604994328081,0.043018465647181044,0.7784090908820143,0.7806267806224089,0.9999999998569962,0.05750327614781106
46.68667166791698,1.0567061978033567,0.04504542591259959,0.7784090908820955,0.7806267806223471,0.9999999998616433,0.05750327614780664
46.711677919479875,1.0578572989060164,0.047008812915792474,0.7784090908822081,0.7806267806222887,0.9999999998663396,0.05750327614779444
46.73668417104276,1.0590566732148767,0.04890585969692877,0.7784090908823511,0.7806267806222337,0.9999999998710634,0.05750327614777467
46.76169042260565,1.060302627867655,0.05073386556288629,0.7784090908825232,0.7806267806221822,0.9999999998757938,0.057503276147747584
46.786696674168546,1.0615934033931491,0.0524902000306496,0.7784090908827233,0.7806267806221343,0.9999999998805116,0.05750327614771338
46.81170292573143,1.0629271754238883,0.054172306494740106,0.7784090908829497,0.7806267806220901,0.9999999998851983,0.05750327614767242
46.836709177294324,1.0643020566354444,0.055777706161738314,0.7784090908832014,0.7806267806220497,0.9999999998898372,0.057503276147625
46.86171542885722,1.0657160987466738,0.05730400206902273,0.7784090908834767,0.7806267806220132,0.9999999998944127,0.057503276147571405
46.88672168042011,1.0671672945671802,0.0587488830065022,0.778409090883774,0.7806267806219805,0.9999999998989109,0.05750327614751195
46.911727931982995,1.0686535802776853,0.060110127808878075,0.7784090908840918,0.7806267806219519,0.9999999999033193,0.05750327614744704
46.93673418354589,1.0701728376269484,0.06138560930634273,0.7784090908844284,0.780626780621927,0.9999999999076269,0.05750327614737707
46.96174043510878,1.0717228964436232,0.06257329876699594,0.7784090908847825,0.7806267806219063,0.9999999999118241,0.057503276147302246
46.98674668667167,1.0733015370695986,0.06367126994466434,0.7784090908851522,0.7806267806218893,0.9999999999159026,0.05750327614722306
47.01175293823456,1.074906492987482,0.06467770348990548,0.778409090885536,0.7806267806218763,0.9999999999198559,0.057503276147139834
47.03675918979745,1.076535453665539,0.06559089122533628,0.7784090908859324,0.7806267806218672,0.9999999999236783,0.05750327614705291
47.06176544136034,1.0781860670755725,0.06640924025097972,0.7784090908863398,0.7806267806218617,0.9999999999273655,0.057503276146962684
47.086771692923236,1.0798559432026038,0.06713127762107154,0.7784090908867567,0.7806267806218603,0.9999999999309146,0.057503276146869425
47.11177794448612,1.081542656236262,0.06775565389263426,0.7784090908871816,0.7806267806218623,0.9999999999343234,0.05750327614677362
47.136784196049014,1.0832437488035709,0.06828114821247189,0.7784090908876133,0.780626780621868,0.999999999937591,0.057503276146675456
47.16179044761191,1.0849567341116224,0.06870667141033915,0.7784090908880503,0.7806267806218773,0.9999999999407172,0.05750327614657527
47.1867966991748,1.0866791000533607,0.06903127084412354,0.7784090908884914,0.7806267806218898,0.9999999999437026,0.057503276146473485
47.211802950737685,1.0884083128902406,0.0692541340941433,0.7784090908889354,0.7806267806219058,0.9999999999465486,0.05750327614637024
47.23680920230058,1.0901418191611927,0.06937459193305608,0.7784090908893812,0.7806267806219249,0.9999999999492574,0.05750327614626592
47.26181545386347,1.0918770516416223,0.06939212347569894,0.7784090908898275,0.7806267806219472,0.9999999999518312,0.057503276146160756
47.286821705426355,1.0936114318890164,0.0693063584451777,0.7784090908902734,0.7806267806219724,0.9999999999542735,0.05750327614605502
47.31182795698925,1.09534237327436,0.06911708054575334,0.778409090890718,0.7806267806220005,0.9999999999565874,0.05750327614594896
47.33683420855214,1.097067286657215,0.06882423112805891,0.7784090908911604,0.7806267806220313,0.9999999999587768,0.05750327614584278
47.36184046011503,1.0987835829129586,0.0684279112821637,0.7784090908915998,0.7806267806220646,0.9999999999608455,0.0575032761457367
47.38684671167792,1.1004886774074918,0.06792838484799561,0.7784090908920355,0.7806267806221004,0.999999999962798,0.05750327614563091
47.41185296324081,1.1021799947003923,0.06732608049924656,0.7784090908924666,0.7806267806221386,0.9999999999646385,0.05750327614552559
47.436859214803704,1.1038549714498676,0.06662159368157772,0.7784090908928928,0.7806267806221789,0.9999999999663716,0.05750327614542092
47.461865466366596,1.1055110619105817,0.06581568835056018,0.7784090908933133,0.7806267806222214,0.9999999999680015,0.057503276145317035
47.48687171792948,1.1071457411450758,0.06490929815775794,0.7784090908937278,0.7806267806222658,0.9999999999695328,0.05750327614521407
47.511877969492375,1.1087565099415346,0.06390352747711434,0.7784090908941357,0.7806267806223119,0.9999999999709701,0.05750327614511218
47.53688422105527,1.1103408987184413,0.06279965187507168,0.7784090908945366,0.7806267806223598,0.9999999999723177,0.05750327614501149
47.56189047261816,1.1118964719878761,0.061599118341937625,0.7784090908949303,0.7806267806224091,0.9999999999735798,0.05750327614491212
47.586896724181045,1.113420832567417,0.06030354496086865,0.7784090908953163,0.7806267806224599,0.9999999999747609,0.0575032761448141
47.61190297574394,1.1149116258822633,0.05891472028458715,0.7784090908956945,0.7806267806225121,0.9999999999758648,0.057503276144717515
47.63690922730683,1.116366544177225,0.05743460217156601,0.7784090908960647,0.7806267806225654,0.9999999999768956,0.057503276144622514
47.66191547886972,1.1177833308069842,0.05586531620860822,0.7784090908964266,0.7806267806226197,0.999999999977857,0.05750327614452913
47.68692173043261,1.119159784275045,0.054209153734150625,0.7784090908967801,0.7806267806226751,0.9999999999787528,0.05750327614443738
47.7119279819955,1.1204937625394258,0.05246856920696118,0.7784090908971252,0.7806267806227313,0.9999999999795863,0.05750327614434736
47.736934233558394,1.12178318681218,0.05064617743543187,0.7784090908974617,0.7806267806227881,0.9999999999803608,0.057503276144259104
47.76194048512128,1.1230260458020849,0.04874474986349052,0.7784090908977895,0.7806267806228456,0.9999999999810796,0.057503276144172666
47.78694673668417,1.1242203993077486,0.04676721094787624,0.7784090908981088,0.7806267806229037,0.9999999999817455,0.05750327614408801
47.811952988247064,1.1253643822295205,0.0447166334772459,0.7784090908984195,0.7806267806229622,0.9999999999823614,0.05750327614400519
47.83695923980996,1.1264562080515614,0.04259623392081648,0.7784090908987213,0.780626780623021,0.9999999999829298,0.05750327614392427
47.86196549137284,1.1274941724356125,0.04040936702979413,0.7784090908990148,0.7806267806230801,0.9999999999834531,0.05750327614384518
47.886971742935735,1.1284766566436344,0.03815951997482595,0.7784090908992995,0.7806267806231394,0.9999999999839337,0.057503276143768
47.91197799449863,1.1294021306708615,0.035850306330984766,0.7784090908995759,0.7806267806231988,0.9999999999843736,0.0575032761436927
47.93698424606152,1.130269156434287,0.0334854592208188,0.7784090908998438,0.7806267806232582,0.9999999999847748,0.05750327614361926
47.961990497624406,1.1310763906064354,0.031068824391874673,0.7784090909001034,0.7806267806233176,0.9999999999851392,0.057503276143547735
47.9869967491873,1.1318225873436865,0.02860435279985975,0.7784090909003547,0.7806267806233768,0.9999999999854681,0.05750327614347807
48.01200300075019,1.132506600864406,0.02609609266124127,0.7784090909005978,0.7806267806234358,0.9999999999857633,0.05750327614341027
48.037009252313084,1.133127387731201,0.023548181440790076,0.7784090909008331,0.7806267806234947,0.999999999986026,0.0575032761433443
48.06201550387597,1.133684008994127,0.020964837353400767,0.7784090909010603,0.7806267806235531,0.9999999999862574,0.05750327614328024
48.08702175543886,1.134175632116039,0.018350350526748938,0.7784090909012797,0.7806267806236111,0.9999999999864586,0.057503276143218006
48.112028007001754,1.1346015326394738,0.015709074052248966,0.7784090909014915,0.7806267806236689,0.9999999999866305,0.05750327614315756
48.13703425856464,1.134961095649323,0.013045414733246774,0.7784090909016955,0.780626780623726,0.9999999999867739,0.05750327614309895
48.16204051012753,1.1352538170046196,0.010363823602803069,0.7784090909018923,0.7806267806237828,0.9999999999868896,0.057503276143042105
48.187046761690425,1.1354793043219766,0.007668786303644984,0.7784090909020815,0.7806267806238388,0.999999999986978,0.05750327614298707
48.21205301325332,1.135637277716943,0.004964813376694523,0.7784090909022636,0.7806267806238945,0.9999999999870395,0.057503276142933754
48.2370592648162,1.135727570305493,0.002256430411132886,0.7784090909024385,0.7806267806239494,0.9999999999870746,0.057503276142882226
48.262065516379096,1.1357501284571538,-0.00045183185160528193,0.7784090909026063,0.7806267806240036,0.9999999999870833,0.057503276142832405
48.28707176794199,1.135705011799497,-0.003155447436792522,0.7784090909027673,0.7806267806240571,0.9999999999870659,0.05750327614278429
48.31207801950488,1.1355923929748302,-0.005849905023559182,0.7784090909029215,0.78062678062411,0.999999999987022,0.05750327614273786
48.337084271067766,1.1354125571508793,-0.008530717794091293,0.778409090903069,0.7806267806241619,0.9999999999869519,0.05750327614269315
48.36209052263066,1.1351659012857247,-0.011193433188345772,0.7784090909032098,0.7806267806242131,0.999999999986855,0.05750327614265009
48.38709677419355,1.1348529331502581,-0.013833642532826998,0.7784090909033439,0.7806267806242635,0.999999999986731,0.0575032761426087
48.412103025756444,1.13447427011236,-0.016446990505380683,0.7784090909034717,0.7806267806243131,0.9999999999865794,0.057503276142568914
48.43710927731933,1.1340306376875682,-0.019029184405542018,0.778409090903593,0.7806267806243617,0.9999999999863995,0.05750327614253081
48.46211552888222,1.1335228678571918,-0.021576003215013483,0.778409090903708,0.7806267806244096,0.9999999999861908,0.057503276142494265
48.487121780445115,1.1329518971636223,-0.024083306385958007,0.7784090909038167,0.7806267806244565,0.9999999999859522,0.057503276142459384
48.51212803200801,1.132318764596388,-0.026547042308961707,0.7784090909039191,0.7806267806245024,0.9999999999856828,0.05750327614242614
48.53713428357089,1.1316246092689666,-0.028963256497148593,0.7784090909040151,0.7806267806245474,0.9999999999853816,0.05750327614239452
48.562140535133786,1.1308706678744278,-0.03132809947924588,0.778409090904105,0.7806267806245915,0.9999999999850472,0.05750327614236447
48.58714678669668,1.1300582719759553,-0.03363783421380969,0.7784090909041887,0.7806267806246345,0.9999999999846783,0.05750327614233602
48.612153038259564,1.129188845122014,-0.03588884313914385,0.7784090909042662,0.7806267806246766,0.9999999999842734,0.05750327614230923
48.637159289822456,1.128263899742362,-0.03807763494122306,0.7784090909043374,0.7806267806247177,0.9999999999838309,0.05750327614228408
48.66216554138535,1.1272850339225031,-0.04020085073316325,0.7784090909044025,0.7806267806247578,0.999999999983349,0.05750327614226049
48.68717179294824,1.1262539280572808,-0.042255269801674246,0.778409090904461,0.7806267806247968,0.999999999982826,0.05750327614223862
48.71217804451113,1.125172341252657,-0.044237815110747744,0.7784090909045134,0.7806267806248348,0.9999999999822595,0.05750327614221837
48.73718429607402,1.1240421077329932,-0.04614555802238436,0.7784090909045592,0.7806267806248717,0.9999999999816476,0.05750327614219981
48.76219054763691,1.12286513308013,-0.04797572276301271,0.7784090909045985,0.7806267806249075,0.9999999999809881,0.05750327614218298
48.787196799199805,1.1216433902675538,-0.049725690450806284,0.7784090909046313,0.7806267806249423,0.9999999999802782,0.05750327614216784
48.81220305076269,1.1203789158432538,-0.051393002338819306,0.7784090909046573,0.7806267806249759,0.9999999999795157,0.05750327614215448
48.83720930232558,1.1190738057315666,-0.05297536303758017,0.7784090909046765,0.7806267806250085,0.9999999999786979,0.05750327614214289
48.862215553888475,1.1177302112250347,-0.05447064279274003,0.7784090909046887,0.7806267806250399,0.9999999999778217,0.05750327614213313
48.88722180545137,1.1163503347993076,-0.055876879639268504,0.7784090909046938,0.7806267806250701,0.9999999999768843,0.05750327614212521
48.912228057014254,1.114936425798651,-0.057192280930453296,0.7784090909046915,0.7806267806250992,0.9999999999758827,0.05750327614211922
48.937234308577146,1.1134907763942183,-0.058415224356396796,0.7784090909046818,0.780626780625127,0.9999999999748137,0.05750327614211515
48.96224056014004,1.112015717021334,-0.05954425874809085,0.7784090909046644,0.7806267806251537,0.9999999999736742,0.05750327614211311
48.98724681170293,1.110513612455501,-0.06057810407152138,0.778409090904639,0.7806267806251791,0.9999999999724607,0.05750327614211314
49.01225306326582,1.1089868571279586,-0.061515651470518226,0.7784090909046054,0.7806267806252033,0.99999999997117,0.05750327614211523
49.03725931482871,1.107437871297553,-0.06235596236938968,0.7784090909045634,0.7806267806252263,0.9999999999697987,0.057503276142119523
49.0622655663916,1.1058690963212119,-0.06309826775105047,0.7784090909045128,0.7806267806252478,0.9999999999683433,0.05750327614212606
49.08727181795449,1.1042829909577139,-0.06374196648694183,0.7784090909044531,0.7806267806252681,0.9999999999668006,0.05750327614213489
49.11227806951738,1.102682026607878,-0.06428662387476607,0.7784090909043841,0.7806267806252871,0.9999999999651672,0.05750327614214613
49.13728432108027,1.1010686838301156,-0.06473196932381489,0.7784090909043058,0.7806267806253047,0.9999999999634398,0.05750327614215979
49.162290572643165,1.0994454475323587,-0.0650778941555187,0.7784090909042173,0.7806267806253208,0.9999999999616154,0.05750327614217606
49.18729682420605,1.0978148037706779,-0.06532444884178043,0.7784090909041187,0.7806267806253355,0.9999999999596909,0.05750327614219488
49.21230307576894,1.096179234943144,-0.06547183998886486,0.7784090909040096,0.7806267806253488,0.9999999999576636,0.057503276142216384
49.237309327331836,1.0945412167400568,-0.0655204273996927,0.7784090909038895,0.7806267806253606,0.9999999999555313,0.0575032761422407
49.26231557889473,1.0929032137802388,-0.06547072020753257,0.7784090909037582,0.7806267806253708,0.9999999999532916,0.05750327614226789
49.287321830457614,1.0912676759484166,-0.06532337373543738,0.7784090909036153,0.7806267806253795,0.9999999999509426,0.057503276142298027
49.31232808202051,1.089637035589699,-0.06507918540044465,0.7784090909034606,0.7806267806253865,0.9999999999484831,0.057503276142331194
49.3373343335834,1.0880137024440102,-0.06473909052565835,0.7784090909032935,0.7806267806253919,0.9999999999459122,0.05750327614236746
49.36234058514629,1.0864000618251206,-0.06430415897496031,0.7784090909031138,0.7806267806253956,0.9999999999432294,0.05750327614240696
49.38734683670918,1.084798471087157,-0.06377559013186954,0.7784090909029213,0.7806267806253975,0.999999999940435,0.05750327614244974
49.41235308827207,1.0832112547626402,-0.0631547084959087,0.7784090909027156,0.7806267806253977,0.9999999999375302,0.05750327614249588
49.43735933983496,1.0816407034808013,-0.06244296029053411,0.7784090909024964,0.7806267806253959,0.9999999999345164,0.05750327614254547
49.46236559139785,1.080089070456148,-0.06164190788322059,0.7784090909022635,0.7806267806253924,0.9999999999313961,0.057503276142598536
49.48737184296074,1.0785585678382015,-0.06075322558641091,0.7784090909020167,0.7806267806253868,0.9999999999281728,0.05750327614265518
49.51237809452363,1.0770513651474694,-0.05977869551870635,0.7784090909017558,0.7806267806253794,0.9999999999248504,0.05750327614271539
49.537384346086526,1.0755695855966307,-0.05872020223543721,0.7784090909014807,0.7806267806253699,0.9999999999214344,0.05750327614277925
49.56239059764941,1.0741153042037346,-0.057579728934454816,0.7784090909011913,0.7806267806253584,0.9999999999179309,0.0575032761428468
49.587396849212304,1.0726905452965065,-0.0563593524126088,0.7784090909008875,0.7806267806253447,0.999999999914347,0.05750327614291803
49.6124031007752,1.0712972799172764,-0.055061238636819554,0.7784090909005694,0.7806267806253289,0.999999999910691,0.05750327614299298
49.63740935233809,1.069937424162181,-0.053687638456056105,0.7784090909002371,0.7806267806253109,0.9999999999069722,0.05750327614307158
49.662415603900975,1.068612836542467,-0.052240882776755794,0.778409090899891,0.7806267806252908,0.999999999903201,0.05750327614315378
49.68742185546387,1.0673253165867853,-0.05072337864376101,0.7784090908995308,0.7806267806252682,0.9999999998993889,0.05750327614323966
49.71242810702676,1.066076602494887,-0.049137604445992585,0.7784090908991572,0.7806267806252436,0.9999999998955484,0.05750327614332901
49.73743435858965,1.064868369846611,-0.04748610615670341,0.7784090908987706,0.7806267806252166,0.999999999891693,0.057503276143421836
49.76244061015254,1.0637022295755911,-0.045771492720229234,0.7784090908983713,0.7806267806251872,0.9999999998878368,0.05750327614351803
49.78744686171543,1.0625797267896022,-0.043996432417545916,0.7784090908979601,0.7806267806251556,0.9999999998839955,0.057503276143617416
49.81245311327832,1.0615023390318448,-0.04216364848640164,0.7784090908975376,0.7806267806251216,0.9999999998801847,0.05750327614371985
49.837459364841216,1.0604714752226163,-0.04027591560697037,0.7784090908971045,0.7806267806250852,0.9999999998764215,0.05750327614382519
49.8624656164041,1.059488474193938,-0.03833605579813212,0.7784090908966618,0.7806267806250464,0.9999999998727229,0.05750327614393323
49.887471867966994,1.0585546037319111,-0.03634693498258364,0.7784090908962105,0.7806267806250055,0.9999999998691066,0.0575032761440437
49.91247811952989,1.0576710593976368,-0.034311459234297514,0.7784090908957514,0.780626780624962,0.9999999998655907,0.05750327614415644
49.93748437109277,1.05683896363553,-0.0322325713474593,0.7784090908952858,0.7806267806249164,0.9999999998621932,0.057503276144271157
49.962490622655665,1.056059364885141,-0.03011324748987126,0.7784090908948149,0.7806267806248685,0.9999999998589322,0.05750327614438758
49.98749687421856,1.0553332367534376,-0.027956493765113877,0.7784090908943402,0.7806267806248184,0.9999999998558255,0.05750327614450535
50.01250312578145,1.0546614773720893,-0.025765343201174646,0.7784090908938628,0.7806267806247662,0.9999999998528906,0.057503276144624145
50.037509377344335,1.0540449086890271,-0.023542852429457008,0.7784090908933844,0.7806267806247119,0.9999999998501441,0.05750327614474368
50.06251562890723,1.053484275977137,-0.02129209880582492,0.7784090908929064,0.7806267806246555,0.9999999998476023,0.05750327614486358
50.08752188047012,1.0529802473217016,-0.019016177397111263,0.7784090908924305,0.7806267806245973,0.9999999998452804,0.05750327614498343
50.11252813203301,1.052533413212194,-0.016718198057077343,0.7784090908919582,0.7806267806245373,0.9999999998431925,0.05750327614510285
50.1375343835959,1.0521442862302253,-0.014401282723020003,0.7784090908914912,0.7806267806244755,0.9999999998413512,0.0575032761452215
50.16254063515879,1.051813300758511,-0.01206856258325861,0.7784090908910312,0.7806267806244123,0.9999999998397682,0.057503276145338914
50.187546886721684,1.0515408127930215,-0.009723175405515313,0.7784090908905797,0.7806267806243476,0.9999999998384529,0.057503276145454675
50.21255313828458,1.051327099815417,-0.007368262943189956,0.7784090908901388,0.7806267806242816,0.9999999998374138,0.05750327614556844
50.23755938984746,1.0511723607181396,-0.005006968299717086,0.7784090908897098,0.7806267806242144,0.9999999998366573,0.05750327614567975
50.262565641410355,1.0510767158063266,-0.0026424333761252655,0.7784090908892943,0.7806267806241461,0.9999999998361879,0.05750327614578828
50.28757189297325,1.0510402068600022,-0.00027779636656066406,0.778409090888894,0.7806267806240771,0.9999999998360085,0.057503276145893595
50.31257814453614,1.0510627972569808,0.0020838107576475542,0.7784090908885104,0.7806267806240074,0.9999999998361195,0.057503276145995305
50.337584396099025,1.0511443721599303,0.004439264733281904,0.7784090908881451,0.7806267806239371,0.9999999998365201,0.05750327614609301
50.36259064766192,1.0512847387651465,0.0067854534841878655,0.7784090908877993,0.7806267806238666,0.9999999998372071,0.0575032761461864
50.38759689922481,1.0514836266132939,0.009119278596573115,0.7784090908874745,0.7806267806237959,0.9999999998381754,0.057503276146275144
50.412603150787696,1.0517406879616298,0.011437657800146876,0.7784090908871718,0.7806267806237254,0.9999999998394187,0.05750327614635885
50.43760940235059,1.052055498218956,0.013737527467147603,0.7784090908868921,0.780626780623655,0.9999999998409281,0.05750327614643737
50.46261565391348,1.052427556445581,0.016015845138090293,0.7784090908866367,0.7806267806235851,0.9999999998426938,0.05750327614651033
50.487621905476374,1.0528562859106492,0.018269592036320344,0.7784090908864062,0.7806267806235158,0.999999999844704,0.05750327614657759
50.51262815703926,1.0533410347151377,0.020495775643895257,0.7784090908862015,0.7806267806234474,0.9999999998469461,0.05750327614663886
50.53763440860215,1.0538810764901796,0.022691432349776365,0.778409090886023,0.78062678062338,0.9999999998494058,0.05750327614669399
50.562640660165044,1.0544756111448426,0.024853630056770517,0.7784090908858712,0.7806267806233139,0.9999999998520679,0.057503276146742846
50.58764691172794,1.0551237656808399,0.02697947086788529,0.7784090908857465,0.7806267806232491,0.9999999998549167,0.05750327614678536
50.61265316329082,1.0558245951079315,0.02906609392276707,0.778409090885649,0.7806267806231859,0.9999999998579352,0.057503276146821374
50.637659414853715,1.05657708337481,0.031110678096666764,0.7784090908855789,0.7806267806231244,0.9999999998611063,0.057503276146850864
50.66266566641661,1.0573801444079267,0.03311044491078565,0.7784090908855359,0.7806267806230649,0.9999999998644125,0.057503276146873845
50.6876719179795,1.0582326232424117,0.035062661521296445,0.7784090908855198,0.7806267806230075,0.9999999998678362,0.05750327614689029
50.712678169542386,1.05913329713718,0.03696464354891892,0.7784090908855303,0.7806267806229523,0.9999999998713593,0.057503276146900276
50.73768442110528,1.060080876907026,0.03881375833479767,0.7784090908855671,0.7806267806228995,0.9999999998749649,0.05750327614690385
50.76269067266817,1.0610740081774883,0.040607427874805764,0.7784090908856294,0.7806267806228491,0.9999999998786352,0.05750327614690114
50.78769692423106,1.062111272836693,0.042343132107204716,0.7784090908857165,0.7806267806228013,0.9999999998823537,0.05750327614689228
50.81270317579395,1.0631911905316398,0.04401841216778232,0.7784090908858279,0.7806267806227563,0.999999999886104,0.05750327614687739
50.83770942735684,1.0643122201728126,0.04563087356974538,0.7784090908859624,0.7806267806227141,0.9999999998898708,0.05750327614685661
50.862715678919734,1.0654727617116098,0.04717818980018859,0.7784090908861194,0.7806267806226748,0.9999999998936391,0.05750327614683018
50.88772193048262,1.066671157704141,0.0486581054316928,0.7784090908862978,0.7806267806226385,0.999999999897395,0.05750327614679826
50.91272818204551,1.0679056953570236,0.05006843996252012,0.7784090908864965,0.7806267806226052,0.9999999999011255,0.05750327614676113
50.937734433608405,1.0691746081790083,0.051407090926123576,0.7784090908867142,0.7806267806225751,0.9999999999048188,0.05750327614671902
50.9627406851713,1.0704760782809526,0.05267203788699644,0.7784090908869501,0.7806267806225481,0.9999999999084634,0.05750327614667208
50.98774693673418,1.0718082381290233,0.05386134556535974,0.7784090908872029,0.7806267806225241,0.9999999999120495,0.05750327614662072
51.012753188297076,1.073169173104015,0.05497316794177231,0.7784090908874712,0.7806267806225035,0.999999999915568,0.05750327614656511
51.03775943985997,1.0745569233470889,0.05600575136366231,0.7784090908877541,0.7806267806224859,0.999999999919011,0.05750327614650556
51.06276569142286,1.0759694865984852,0.056957438736848304,0.7784090908880503,0.7806267806224716,0.9999999999223713,0.057503276146442274
51.087771942985746,1.0774048201208684,0.05782667255811506,0.7784090908883585,0.7806267806224604,0.999999999925643,0.057503276146375605
51.11277819454864,1.0788608438147045,0.05861199915486606,0.7784090908886776,0.7806267806224524,0.9999999999288212,0.057503276146305786
51.13778444611153,1.0803354422688614,0.05931207163228493,0.7784090908890063,0.7806267806224474,0.9999999999319014,0.05750327614623311
51.162790697674424,1.0818264680039196,0.05992565399996777,0.7784090908893435,0.7806267806224455,0.9999999999348803,0.057503276146157876
51.18779694923731,1.0833317439556978,0.06045162422279582,0.7784090908896882,0.7806267806224466,0.9999999999377556,0.05750327614608025
51.2128032008002,1.0848490663298824,0.060888977782939925,0.7784090908900392,0.7806267806224507,0.9999999999405254,0.057503276146000544
51.237809452363095,1.0863762081605757,0.06123683126471878,0.7784090908903953,0.7806267806224576,0.9999999999431888,0.05750327614591909
51.26281570392598,1.0879109212078657,0.06149442487245292,0.7784090908907557,0.7806267806224674,0.9999999999457451,0.05750327614583601
51.28782195548887,1.0894509405290385,0.06166112653292721,0.7784090908911194,0.7806267806224799,0.9999999999481947,0.05750327614575156
51.312828207051766,1.0909939869617287,0.06173643415334489,0.7784090908914854,0.780626780622495,0.9999999999505381,0.05750327614566607
51.33783445861466,1.0925377693197185,0.061719978164908804,0.7784090908918528,0.7806267806225128,0.9999999999527767,0.057503276145579596
51.362840710177544,1.0940799903261846,0.06161152548426084,0.7784090908922209,0.780626780622533,0.9999999999549117,0.05750327614549249
51.387846961740436,1.0956183482090442,0.06141098072732948,0.7784090908925887,0.7806267806225555,0.9999999999569453,0.0575032761454049
51.41285321330333,1.097150539913079,0.06111838882077189,0.7784090908929556,0.7806267806225804,0.9999999999588796,0.05750327614531696
51.43785946486622,1.0986742660588322,0.06073393736126868,0.778409090893321,0.7806267806226074,0.999999999960717,0.057503276145228904
51.46286571642911,1.1001872332248135,0.06025795804936929,0.7784090908936842,0.7806267806226366,0.99999999996246,0.057503276145140884
51.487871967992,1.1016871583285857,0.05969092854535737,0.7784090908940445,0.7806267806226675,0.9999999999641118,0.05750327614505306
51.51287821955489,1.103171772201964,0.059033473548472444,0.7784090908944015,0.7806267806227005,0.9999999999656752,0.05750327614496557
51.537884471117785,1.1046388227716364,0.05828636596336448,0.7784090908947546,0.7806267806227353,0.9999999999671532,0.05750327614487852
51.56289072268067,1.1060860795977776,0.05745052747342872,0.7784090908951035,0.7806267806227717,0.9999999999685487,0.05750327614479208
51.58789697424356,1.1075113367340421,0.05652702908274831,0.7784090908954475,0.7806267806228095,0.9999999999698652,0.057503276144706406
51.612903225806456,1.1089124172527534,0.05551709101939472,0.7784090908957866,0.780626780622849,0.9999999999711056,0.05750327614462147
51.63790947736935,1.1102871762839097,0.05442208264590809,0.7784090908961202,0.7806267806228897,0.9999999999722731,0.057503276144537485
51.662915728932234,1.1116335053364714,0.053243521637837396,0.778409090896448,0.7806267806229318,0.9999999999733706,0.057503276144454454
51.687921980495126,1.112949335468335,0.05198307321828268,0.77840909089677,0.7806267806229749,0.9999999999744014,0.05750327614437256
51.71292823205802,1.1142326414333525,0.050642548565185935,0.7784090908970858,0.780626780623019,0.9999999999753681,0.05750327614429182
51.737934483620904,1.1154814448784562,0.04922390334279564,0.7784090908973952,0.7806267806230642,0.9999999999762739,0.057503276144212245
51.7629407351838,1.1166938183255861,0.04772923530938567,0.7784090908976979,0.7806267806231102,0.9999999999771213,0.057503276144133995
51.78794698674669,1.1178678883412319,0.046160782105900036,0.7784090908979941,0.780626780623157,0.9999999999779131,0.05750327614405706
51.81295323830958,1.1190018393003285,0.04452091809234777,0.7784090908982836,0.7806267806232046,0.9999999999786517,0.057503276143981444
51.83795948987247,1.1200939165330668,0.04281215130413654,0.778409090898566,0.7806267806232526,0.9999999999793399,0.05750327614390731
51.86296574143536,1.121142429763066,0.04103711963979137,0.7784090908988416,0.7806267806233013,0.9999999999799797,0.05750327614383456
51.88797199299825,1.1221457562680044,0.03919858683829291,0.7784090908991103,0.7806267806233503,0.9999999999805733,0.057503276143763285
51.912978244561145,1.1231023439156387,0.03729943815054096,0.7784090908993717,0.7806267806233997,0.9999999999811229,0.05750327614369355
51.93798449612403,1.1240107142615434,0.03534267533851474,0.7784090908996263,0.7806267806234495,0.9999999999816304,0.05750327614362526
51.96299074768692,1.1248694652640596,0.0333314117412136,0.7784090908998738,0.7806267806234993,0.9999999999820975,0.05750327614355858
51.987996999249816,1.1256772741079795,0.03126886658313088,0.7784090909001141,0.7806267806235494,0.9999999999825262,0.05750327614349342
52.01300325081271,1.126432899741575,0.029158359166173733,0.7784090909003475,0.7806267806235996,0.9999999999829179,0.0575032761434298
52.038009502375594,1.1271351852781553,0.027003302770126733,0.778409090900574,0.7806267806236498,0.999999999983274,0.057503276143367754
52.06301575393849,1.127783060322925,0.024807198006367777,0.7784090909007936,0.7806267806237,0.9999999999835959,0.057503276143307226
52.08802200550138,1.1283755430239955,0.02257362615821792,0.7784090909010062,0.7806267806237499,0.9999999999838849,0.057503276143248336
52.113028257064265,1.1289117420140502,0.02030624211922322,0.778409090901212,0.7806267806237998,0.999999999984142,0.057503276143190986
52.13803450862716,1.1293908581799013,0.01800876700608441,0.7784090909014111,0.7806267806238494,0.9999999999843684,0.05750327614313519
52.16304076019005,1.1298121862019772,0.015684980712351144,0.7784090909016035,0.7806267806238988,0.9999999999845648,0.05750327614308095
52.18804701175294,1.1301751159331925,0.013338714174929552,0.7784090909017892,0.7806267806239479,0.9999999999847319,0.05750327614302829
52.21305326331583,1.1304791335843098,0.010973841428860454,0.7784090909019684,0.7806267806239966,0.9999999999848705,0.057503276142977136
52.23805951487872,1.130723822696667,0.00859427155804102,0.778409090902141,0.7806267806240449,0.9999999999849811,0.057503276142927606
52.26306576644161,1.1309088649138632,0.006203940550030092,0.7784090909023074,0.7806267806240929,0.9999999999850643,0.05750327614287954
52.288072018004506,1.131034040554554,0.003806803000846709,0.7784090909024673,0.7806267806241404,0.9999999999851202,0.05750327614283299
52.31307826956739,1.1310992289734119,0.0014068237762983556,0.778409090902621,0.7806267806241873,0.9999999999851493,0.05750327614278799
52.338084521130284,1.1311044087126456,-0.0009920303673228107,0.7784090909027684,0.7806267806242336,0.9999999999851517,0.05750327614274456
52.36309077269318,1.1310496574442548,-0.0033857991498142522,0.7784090909029098,0.7806267806242795,0.9999999999851272,0.05750327614270255
52.38809702425607,1.1309351517038733,-0.005770537138667646,0.778409090903045,0.7806267806243247,0.999999999985076,0.057503276142662096
52.413103275818955,1.1307611664153687,-0.008142322051415336,0.7784090909031742,0.7806267806243694,0.999999999984998,0.05750327614262308
52.43810952738185,1.1305280742090076,-0.010497262983755931,0.7784090909032975,0.7806267806244134,0.9999999999848928,0.05750327614258559
52.46311577894474,1.1302363445353394,-0.01283150852605957,0.7784090909034148,0.7806267806244566,0.9999999999847599,0.05750327614254958
52.48812203050763,1.1298865425765212,-0.01514125475101135,0.7784090909035263,0.7806267806244991,0.9999999999845991,0.057503276142515033
52.51312828207052,1.1294793279606816,-0.017422753028278733,0.7784090909036319,0.780626780624541,0.9999999999844098,0.057503276142481935
52.53813453363341,1.129015453284494,-0.019672317639582406,0.7784090909037316,0.780626780624582,0.9999999999841913,0.057503276142450405
52.5631407851963,1.1284957624496441,-0.021886333184783897,0.7784090909038256,0.7806267806246223,0.999999999983943,0.05750327614242027
52.58814703675919,1.1279211888085712,-0.024061261780772857,0.7784090909039139,0.7806267806246618,0.9999999999836637,0.05750327614239164
52.61315328832208,1.127292753136638,-0.026193649966886896,0.7784090909039963,0.7806267806247005,0.9999999999833529,0.05750327614236447
52.638159539884974,1.1266115614504246,-0.028280135284119656,0.7784090909040731,0.7806267806247383,0.9999999999830091,0.05750327614233877
52.66316579144787,1.1258788026479922,-0.030317452639008837,0.778409090904144,0.7806267806247754,0.9999999999826314,0.05750327614231454
52.68817204301075,1.1250957459761022,-0.032302440350230735,0.7784090909042092,0.7806267806248115,0.9999999999822187,0.057503276142291844
52.713178294573645,1.1242637384100935,-0.03423204571042092,0.7784090909042686,0.7806267806248469,0.9999999999817692,0.0575032761422706
52.73818454613654,1.1233842018457534,-0.036103330382841706,0.7784090909043221,0.7806267806248812,0.9999999999812819,0.057503276142250905
52.76319079769943,1.1224586301445054,-0.03791347539289016,0.7784090909043697,0.7806267806249146,0.9999999999807547,0.057503276142232725
52.788197049262315,1.1214885861603714,-0.03965978557796728,0.7784090909044115,0.7806267806249472,0.9999999999801865,0.05750327614221607
52.81320330082521,1.1204756985218938,-0.041339693955074794,0.7784090909044471,0.7806267806249788,0.9999999999795752,0.05750327614220101
52.8382095523881,1.119421658401436,-0.04295076544139638,0.7784090909044766,0.7806267806250095,0.9999999999789191,0.05750327614218753
52.86321580395099,1.1183282162245303,-0.0444907002622519,0.7784090909045001,0.7806267806250392,0.9999999999782161,0.0575032761421756
52.88822205551388,1.1171971781233079,-0.0459573371281119,0.778409090904517,0.7806267806250679,0.9999999999774642,0.05750327614216539
52.91322830707677,1.116030402603789,-0.04734865565195924,0.7784090909045277,0.7806267806250956,0.9999999999766613,0.05750327614215678
52.938234558639664,1.1148297968335719,-0.04866277883758586,0.7784090909045319,0.7806267806251223,0.9999999999758055,0.05750327614214986
52.96324081020256,1.1135973131481238,-0.04989797472556085,0.7784090909045294,0.7806267806251479,0.9999999999748941,0.0575032761421447
52.98824706176544,1.1123349453669067,-0.051052658009276795,0.7784090909045202,0.7806267806251725,0.9999999999739251,0.05750327614214125
53.013253313328335,1.1110447250520956,-0.05212539105742987,0.7784090909045038,0.780626780625196,0.9999999999728961,0.05750327614213967
53.03825956489123,1.1097287179622723,-0.053114884628702945,0.7784090909044805,0.7806267806252184,0.9999999999718046,0.0575032761421399
53.06326581645411,1.1083890200948827,-0.054019998287565915,0.7784090909044498,0.7806267806252396,0.9999999999706484,0.05750327614214205
53.088272068017005,1.10702775427865,-0.05483974030764092,0.7784090909044116,0.7806267806252598,0.9999999999694248,0.057503276142146106
53.1132783195799,1.1056470660825986,-0.05557326745537936,0.7784090909043657,0.7806267806252788,0.9999999999681317,0.05750327614215213
53.13828457114279,1.1042491205404712,-0.056219884197230126,0.7784090909043119,0.7806267806252967,0.9999999999667668,0.0575032761421602
53.163290822705676,1.1028360979899017,-0.05677904183239982,0.77840909090425,0.7806267806253133,0.9999999999653277,0.057503276142170365
53.18829707426857,1.1014101909384058,-0.05725033713252171,0.7784090909041798,0.7806267806253288,0.9999999999638125,0.0575032761421827
53.21330332583146,1.099973599891333,-0.05763351079735162,0.7784090909041008,0.780626780625343,0.9999999999622187,0.057503276142197204
53.238309577394354,1.0985285303316747,-0.057928445684293804,0.7784090909040131,0.7806267806253558,0.9999999999605448,0.05750327614221403
53.26331582895724,1.0970771886885535,-0.0581351645506922,0.7784090909039163,0.7806267806253675,0.999999999958789,0.05750327614223316
53.28832208052013,1.0956217792116991,-0.05825382801101986,0.7784090909038103,0.7806267806253777,0.9999999999569498,0.05750327614225466
53.313328332083024,1.094164500515059,-0.05828473164322609,0.7784090909036946,0.7806267806253867,0.999999999955026,0.05750327614227861
53.33833458364592,1.0927075418074237,-0.058228303576718966,0.7784090909035692,0.7806267806253943,0.9999999999530166,0.05750327614230507
53.3633408352088,1.091253080603593,-0.05808510142766365,0.7784090909034338,0.7806267806254004,0.999999999950921,0.05750327614233408
53.388347086771695,1.0898032781596116,-0.05785580897836941,0.7784090909032881,0.780626780625405,0.9999999999487393,0.05750327614236572
53.41335333833459,1.0883602774296,-0.05754123349862586,0.7784090909031319,0.7806267806254082,0.9999999999464715,0.05750327614240007
53.43835958989747,1.086926200224882,-0.057142301890113344,0.7784090909029651,0.7806267806254099,0.9999999999441184,0.057503276142437144
53.463365841460366,1.0855031426169528,-0.056660057022569675,0.7784090909027874,0.78062678062541,0.9999999999416811,0.05750327614247701
53.48837209302326,1.0840931737730422,-0.05609565497161036,0.7784090909025987,0.7806267806254086,0.9999999999391613,0.05750327614251968
53.51337834458615,1.0826983328178974,-0.05545036052536472,0.7784090909023987,0.7806267806254055,0.9999999999365614,0.05750327614256526
53.53838459614904,1.0813206253398484,-0.05472554363513258,0.7784090909021875,0.7806267806254008,0.9999999999338846,0.05750327614261373
53.56339084771193,1.0799620219695867,-0.05392267603563113,0.7784090909019649,0.7806267806253944,0.9999999999311342,0.057503276142665115
53.58839709927482,1.0786244549363329,-0.05304332668505427,0.7784090909017308,0.7806267806253863,0.9999999999283146,0.05750327614271945
53.613403350837714,1.077309816094041,-0.052089158513954216,0.7784090909014852,0.7806267806253764,0.9999999999254309,0.05750327614277678
53.6384096024006,1.076019954805135,-0.05106192427285434,0.7784090909012282,0.7806267806253648,0.9999999999224888,0.057503276142837075
53.66341585396349,1.0747566751923814,-0.049963462510887006,0.7784090909009599,0.7806267806253514,0.9999999999194948,0.0575032761429003
53.688422105526385,1.0735217347001864,-0.04879569405656398,0.7784090909006802,0.7806267806253362,0.9999999999164564,0.057503276142966464
53.71342835708928,1.0723168414623567,-0.04756061766129127,0.7784090909003895,0.7806267806253191,0.9999999999133813,0.05750327614303557
53.73843460865216,1.0711436529371332,-0.04626030666243667,0.7784090909000878,0.7806267806253001,0.9999999999102784,0.05750327614310751
53.763440860215056,1.0700037736465555,-0.04489690466698763,0.7784090908997756,0.7806267806252791,0.9999999999071572,0.05750327614318228
53.78844711177795,1.0688987538342714,-0.04347262224504348,0.7784090908994532,0.7806267806252564,0.9999999999040278,0.05750327614325973
53.81345336334084,1.0678300875261382,-0.041989732762893535,0.778409090899121,0.7806267806252315,0.999999999900901,0.05750327614333987
53.838459614903726,1.0667992112790212,-0.04045056911446222,0.7784090908987794,0.7806267806252049,0.9999999998977884,0.057503276143422474
53.86346586646662,1.065807502490155,-0.038857519716105085,0.778409090898429,0.7806267806251763,0.9999999998947018,0.05750327614350752
53.88847211802951,1.0648562782832491,-0.03721302531397275,0.7784090908980704,0.7806267806251458,0.9999999998916537,0.05750327614359484
53.9134783695924,1.0639467940284428,-0.03551957514321034,0.7784090908977044,0.7806267806251134,0.9999999998886568,0.05750327614368425
53.93848462115529,1.0630802423714818,-0.0337797038228921,0.7784090908973315,0.780626780625079,0.9999999998857243,0.05750327614377564
53.96349087271818,1.0622577519653116,-0.031995987711020836,0.7784090908969528,0.7806267806250428,0.9999999998828695,0.05750327614386873
53.988497124281075,1.061480386610639,-0.030171041847298,0.7784090908965691,0.7806267806250046,0.9999999998801058,0.05750327614396339
54.01350337584396,1.060749144229482,-0.028307516583583,0.7784090908961812,0.7806267806249646,0.9999999998774466,0.05750327614405941
54.03850962740685,1.06006495607086,-0.026408094482446187,0.7784090908957902,0.7806267806249229,0.9999999998749052,0.0575032761441565
54.063515878969746,1.0594286859431836,-0.02447548728979269,0.7784090908953972,0.7806267806248794,0.9999999998724943,0.057503276144254434
54.08852213053264,1.058841129485424,-0.022512432786687183,0.7784090908950034,0.7806267806248341,0.9999999998702269,0.05750327614435295
54.113528382095524,1.0583030136093445,-0.02052169200868041,0.7784090908946097,0.7806267806247874,0.9999999998681149,0.05750327614445175
54.138534633658416,1.0578149959014025,-0.018506046214378548,0.7784090908942176,0.7806267806247391,0.9999999998661699,0.05750327614455061
54.16354088522131,1.057377664183749,-0.01646829412732436,0.7784090908938281,0.7806267806246893,0.9999999998644025,0.05750327614464915
54.1885471367842,1.0569915361080378,-0.014411249182881114,0.7784090908934427,0.7806267806246381,0.9999999998628226,0.05750327614474711
54.21355338834709,1.0566570588069784,-0.012337736727310193,0.7784090908930624,0.7806267806245856,0.9999999998614392,0.05750327614484422
54.23855963990998,1.0563746086481458,-0.010250591423698116,0.7784090908926886,0.780626780624532,0.99999999986026,0.05750327614494011
54.26356589147287,1.0561444910248756,-0.008152654596936626,0.7784090908923227,0.7806267806244771,0.9999999998592921,0.057503276145034525
54.288572143035765,1.055966940220683,-0.0060467716138655064,0.7784090908919659,0.7806267806244214,0.9999999998585405,0.0575032761451271
54.31357839459865,1.0558421193450276,-0.003935789358104459,0.7784090908916192,0.7806267806243649,0.9999999998580098,0.057503276145217525
54.33858464616154,1.0557701203252443,-0.0018225536969734945,0.7784090908912843,0.7806267806243076,0.9999999998577028,0.057503276145305544
54.363590897724436,1.0557509639622333,0.00029009303806525847,0.7784090908909621,0.7806267806242496,0.999999999857621,0.05750327614539081
54.38859714928732,1.0557846000512345,0.002399314535896912,0.7784090908906537,0.7806267806241913,0.9999999998577647,0.057503276145473084
54.413603400850214,1.0558709075631711,0.004502282977646581,0.7784090908903604,0.7806267806241326,0.9999999998581324,0.05750327614555205
54.438609652413106,1.0560096948875088,0.006596181504669154,0.778409090890083,0.7806267806240739,0.9999999998587219,0.05750327614562746
54.463615903976,1.0562007001376439,0.008678206691033058,0.7784090908898227,0.780626780624015,0.9999999998595291,0.05750327614569906
54.488622155538884,1.0564435915175208,0.010745571008844478,0.7784090908895803,0.7806267806239563,0.999999999860549,0.057503276145766606
54.51362840710178,1.056737967749843,0.012795505300567698,0.7784090908893565,0.7806267806238979,0.999999999861775,0.05750327614582991
54.53863465866467,1.057083358565287,0.014825261267428473,0.7784090908891521,0.7806267806238399,0.9999999998631999,0.057503276145888745
54.56364091022756,1.057479225259619,0.016832113996553686,0.7784090908889678,0.7806267806237825,0.999999999864815,0.05750327614594296
54.58864716179045,1.0579249613072015,0.018813364466775895,0.7784090908888041,0.7806267806237259,0.9999999998666107,0.05750327614599238
54.61365341335334,1.058419893035136,0.020766342085049613,0.7784090908886613,0.7806267806236702,0.9999999998685766,0.05750327614603688
54.63865966491623,1.0589632803776616,0.022688407317990794,0.7784090908885399,0.7806267806236156,0.9999999998707017,0.05750327614607634
54.663665916479125,1.0595543176805855,0.02457695427284939,0.7784090908884401,0.780626780623562,0.999999999872974,0.057503276146110734
54.68867216804201,1.0601921345615013,0.026429413309407273,0.7784090908883621,0.78062678062351,0.9999999998753815,0.0575032761461399
54.7136784196049,1.0608757968825289,0.028243253826118718,0.7784090908883057,0.7806267806234592,0.9999999998779114,0.057503276146163934
54.738684671167796,1.0616043077258366,0.030015986872026394,0.778409090888271,0.7806267806234102,0.9999999998805507,0.057503276146182676
54.76369092273068,1.062376608481337,0.031745167958595194,0.7784090908882579,0.7806267806233628,0.9999999998832865,0.05750327614619623
54.788697174293574,1.0631915800212868,0.03342839992044348,0.7784090908882662,0.7806267806233173,0.9999999998861053,0.05750327614620458
54.81370342585647,1.0640480438524753,0.03506333560873266,0.7784090908882952,0.7806267806232736,0.9999999998889945,0.05750327614620783
54.83870967741936,1.0649447634961857,0.03664768098548347,0.7784090908883449,0.7806267806232321,0.9999999998919409,0.05750327614620596
54.863715928982245,1.0658804457524396,0.03817919783417682,0.7784090908884145,0.7806267806231927,0.999999999894932,0.05750327614619917
54.88872218054514,1.0668537422158952,0.039655706893015084,0.7784090908885036,0.7806267806231555,0.9999999998979555,0.05750327614618747
54.91372843210803,1.0678632507428865,0.041075090766458024,0.7784090908886115,0.7806267806231205,0.9999999999009996,0.057503276146171074
54.93873468367092,1.0689075170303803,0.042435296946837245,0.7784090908887376,0.780626780623088,0.999999999904053,0.057503276146150084
54.96374093523381,1.0699850363378351,0.04373434097934314,0.778409090888881,0.7806267806230579,0.999999999907105,0.057503276146124604
54.9887471867967,1.0710942551122313,0.04497030935795101,0.778409090889041,0.7806267806230303,0.9999999999101453,0.057503276146094906
55.01375343835959,1.0722335729666421,0.0461413628856827,0.7784090908892167,0.7806267806230052,0.9999999999131646,0.057503276146061065
55.038759689922486,1.073401344365681,0.047245739480719126,0.7784090908894075,0.7806267806229826,0.9999999999161541,0.057503276146023304
55.06376594148537,1.0745958808463505,0.04828175765265999,0.7784090908896121,0.7806267806229628,0.9999999999191056,0.05750327614598183
55.088772193048264,1.0758154527816257,0.04924781924115333,0.7784090908898298,0.7806267806229453,0.9999999999220117,0.05750327614593685
55.11377844461116,1.0770582918252025,0.05014241293736595,0.7784090908900597,0.7806267806229307,0.9999999999248661,0.05750327614588854
55.13878469617405,1.0783225927793096,0.0509641169648579,0.7784090908903009,0.7806267806229186,0.9999999999276624,0.05750327614583711
55.163790947736935,1.0796065162157802,0.05171160255934383,0.7784090908905522,0.780626780622909,0.9999999999303957,0.05750327614578284
55.18879719929983,1.0809081905313478,0.05238363663545348,0.778409090890813,0.780626780622902,0.9999999999330614,0.057503276145725875
55.21380345086272,1.082225714590717,0.052979085056191415,0.7784090908910823,0.7806267806228977,0.9999999999356556,0.057503276145666395
55.238809702425606,1.0835571602129368,0.053496915441371286,0.7784090908913591,0.7806267806228958,0.999999999938175,0.0575032761456047
55.2638159539885,1.084900574486218,0.05393619992291949,0.7784090908916426,0.7806267806228964,0.9999999999406173,0.05750327614554096
55.28882220555139,1.0862539830412195,0.054296118301814814,0.7784090908919318,0.7806267806228994,0.9999999999429801,0.05750327614547538
55.31382845711428,1.0876153918039058,0.05457596010272566,0.778409090892226,0.7806267806229048,0.9999999999452619,0.05750327614540812
55.33883470867717,1.0889827908815684,0.05477512792170207,0.7784090908925244,0.7806267806229126,0.999999999947462,0.057503276145339406
55.36384096024006,1.0903541567423107,0.0548931393119768,0.7784090908928261,0.7806267806229226,0.9999999999495796,0.057503276145269455
55.388847211802954,1.0917274546407574,0.054929629070590735,0.7784090908931304,0.7806267806229349,0.9999999999516146,0.05750327614519842
55.41385346336585,1.0931006432050114,0.054884352160146366,0.7784090908934365,0.7806267806229493,0.9999999999535674,0.05750327614512645
55.43885971492873,1.0944716759080573,0.05475718485401115,0.7784090908937439,0.7806267806229658,0.9999999999554385,0.0575032761450538
55.463865966491625,1.095838504430139,0.05454812698626419,0.7784090908940519,0.7806267806229843,0.9999999999572287,0.057503276144980534
55.48887221805452,1.09719908264159,0.0542573037202401,0.7784090908943596,0.7806267806230047,0.9999999999589394,0.057503276144906884
55.51387846961741,1.0985513685319757,0.05388496672387997,0.7784090908946668,0.7806267806230269,0.9999999999605718,0.057503276144832964
55.538884721180295,1.099893328354472,0.05343149566926311,0.7784090908949728,0.780626780623051,0.9999999999621276,0.057503276144758905
55.56389097274319,1.101222939317271,0.05289739908550786,0.7784090908952771,0.7806267806230767,0.9999999999636086,0.057503276144684846
55.58889722430608,1.1025381929010418,0.05228331526964408,0.7784090908955792,0.7806267806231041,0.9999999999650165,0.057503276144610926
55.61390347586897,1.103837098424342,0.051590012699800084,0.7784090908958787,0.7806267806231328,0.9999999999663536,0.05750327614453725
55.63890972743186,1.1051176857083622,0.050818390447240555,0.7784090908961752,0.7806267806231632,0.9999999999676217,0.05750327614446396
55.66391597899475,1.106378009043396,0.04996947801247856,0.7784090908964683,0.7806267806231948,0.9999999999688229,0.057503276144391074
55.688922230557644,1.1076161497694494,0.04904443523206834,0.7784090908967576,0.7806267806232277,0.9999999999699598,0.057503276144318785
55.71392848212053,1.1088302201392863,0.048044551501231804,0.7784090908970429,0.7806267806232619,0.9999999999710343,0.0575032761442471
55.73893473368342,1.1100183660069838,0.04697124512513366,0.7784090908973239,0.7806267806232969,0.9999999999720486,0.05750327614417616
55.763940985246315,1.1111787705181198,0.04582606190833233,0.7784090908976004,0.7806267806233331,0.9999999999730048,0.05750327614410601
55.78894723680921,1.1123096568499253,0.04461067391715507,0.778409090897872,0.7806267806233703,0.9999999999739053,0.057503276144036705
55.81395348837209,1.1134092917331564,0.04332687741850998,0.7784090908981387,0.7806267806234083,0.9999999999747521,0.05750327614396837
55.838959739934985,1.1144759881882094,0.04197659102345903,0.7784090908984003,0.780626780623447,0.9999999999755473,0.05750327614390101
55.86396599149788,1.1155081088517236,0.04056185298957596,0.7784090908986566,0.7806267806234866,0.9999999999762927,0.05750327614383461
55.88897224306077,1.1165040686952572,0.03908481868684577,0.7784090908989074,0.7806267806235268,0.9999999999769906,0.057503276143769336
55.913978494623656,1.1174623380800623,0.03754775734928085,0.7784090908991527,0.7806267806235674,0.9999999999776428,0.05750327614370519
55.93898474618655,1.118381445487173,0.035953048747374074,0.7784090908993924,0.7806267806236087,0.9999999999782507,0.05750327614364214
55.96399099774944,1.1192599802233654,0.03430317951252628,0.7784090908996263,0.7806267806236503,0.9999999999788165,0.05750327614358031
55.988997249312334,1.1200965951262856,0.03260073897434114,0.7784090908998545,0.7806267806236923,0.9999999999793416,0.05750327614351969
56.01400350087522,1.1208900089594234,0.030848415039098742,0.7784090909000769,0.7806267806237346,0.9999999999798275,0.05750327614346035
56.03900975243811,1.1216390089363408,0.02904898937164546,0.7784090909002934,0.7806267806237771,0.9999999999802758,0.05750327614340223
56.064016004001004,1.122342452927008,0.02720533262656162,0.778409090900504,0.7806267806238197,0.9999999999806877,0.057503276143345404
56.08902225556389,1.1229992716371866,0.025320399265683913,0.7784090909007089,0.7806267806238626,0.9999999999810645,0.05750327614328984
56.11402850712678,1.1236084706720235,0.023397222019515496,0.7784090909009077,0.7806267806239054,0.9999999999814073,0.057503276143235624
56.139034758689675,1.1241691323675775,0.021438906357483294,0.7784090909011008,0.7806267806239483,0.9999999999817175,0.05750327614318268
56.16404101025257,1.124680417571994,0.01944862450147946,0.7784090909012878,0.7806267806239912,0.9999999999819957,0.057503276143131124
56.18904726181545,1.1251415672394567,0.017429609276281063,0.7784090909014691,0.7806267806240339,0.9999999999822431,0.057503276143080845
56.214053513378346,1.125551903844419,0.015385147887053228,0.7784090909016447,0.7806267806240765,0.9999999999824604,0.05750327614303192
56.23905976494124,1.1259108326780298,0.013318575379041185,0.7784090909018144,0.7806267806241189,0.9999999999826482,0.05750327614298434
56.26406601650413,1.1262178429624286,0.01123326796393156,0.7784090909019783,0.7806267806241612,0.9999999999828073,0.0575032761429381
56.28907226806702,1.1264725087858345,0.009132636298670024,0.7784090909021365,0.7806267806242031,0.9999999999829381,0.0575032761428932
56.31407851962991,1.1266744898830472,0.0070201185728027285,0.778409090902289,0.7806267806242448,0.9999999999830411,0.05750327614284964
56.3390847711928,1.126823532238152,0.004899173513525918,0.7784090909024359,0.7806267806242861,0.9999999999831168,0.057503276142807425
56.364091022755694,1.1269194685083572,0.002773273336176448,0.7784090909025773,0.7806267806243271,0.9999999999831654,0.05750327614276651
56.38909727431858,1.1269622182722836,0.0006458966601038253,0.7784090909027129,0.7806267806243675,0.999999999983187,0.05750327614272704
56.41410352588147,1.126951788101711,-0.001479478611124028,0.778409090902843,0.7806267806244077,0.9999999999831817,0.05750327614268884
56.439109777444365,1.1268882714547086,-0.0035993824081174365,0.7784090909029677,0.7806267806244473,0.9999999999831496,0.05750327614265198
56.46411602900726,1.1267718483909293,-0.005710359581662987,0.778409090903087,0.7806267806244864,0.9999999999830906,0.05750327614261649
56.48912228057014,1.126602785110435,-0.0078089769410739154,0.7784090909032008,0.780626780624525,0.9999999999830047,0.0575032761425823
56.514128532133036,1.1263814333171878,-0.009891830220110337,0.778409090903309,0.7806267806245629,0.9999999999828915,0.057503276142549534
56.53913478369593,1.1261082294096263,-0.011955550944878006,0.778409090903412,0.7806267806246004,0.9999999999827507,0.057503276142518024
56.564141035258814,1.1257836935018228,-0.013996813181056285,0.7784090909035096,0.7806267806246373,0.9999999999825819,0.05750327614248786
56.58914728682171,1.1254084282766974,-0.016012340149778388,0.7784090909036019,0.7806267806246735,0.9999999999823848,0.05750327614245903
56.6141535383846,1.1249831176717588,-0.017998910694606327,0.7784090909036888,0.780626780624709,0.9999999999821585,0.05750327614243157
56.63915978994749,1.1245085254143234,-0.01995336552262656,0.7784090909037705,0.7806267806247439,0.9999999999819027,0.05750327614240543
56.66416604151038,1.1239854934005193,-0.021872613272813753,0.7784090909038468,0.7806267806247781,0.9999999999816165,0.057503276142380655
56.68917229307327,1.1234149399164277,-0.02375363640071264,0.7784090909039177,0.7806267806248116,0.9999999999812991,0.05750327614235724
56.71417854463616,1.1227978577172433,-0.025593496794295817,0.7784090909039834,0.7806267806248445,0.9999999999809497,0.05750327614233515
56.739184796199055,1.1221353119919264,-0.027389341085310503,0.7784090909040436,0.7806267806248764,0.9999999999805672,0.05750327614231447
56.76419104776194,1.1214284381661332,-0.02913840581552668,0.7784090909040984,0.7806267806249078,0.9999999999801508,0.05750327614229518
56.78919729932483,1.1206784395783862,-0.030838022273627096,0.7784090909041478,0.7806267806249383,0.999999999979699,0.05750327614227726
56.814203550887726,1.1198865850960231,-0.03248562093965344,0.7784090909041917,0.780626780624968,0.9999999999792111,0.05750327614226074
56.83920980245062,1.1190542065376006,-0.034078735845894784,0.7784090909042302,0.7806267806249969,0.9999999999786853,0.05750327614224565
56.864216054013504,1.118182696042853,-0.035615008450261526,0.778409090904263,0.7806267806250251,0.9999999999781207,0.05750327614223196
56.889222305576396,1.1172735033869556,-0.03709219121131544,0.7784090909042902,0.7806267806250523,0.9999999999775158,0.05750327614221978
56.91422855713929,1.116328133066741,-0.0385081510394579,0.7784090909043118,0.7806267806250787,0.999999999976869,0.05750327614220903
56.93923480870218,1.1153481415112816,-0.03986087208337588,0.7784090909043275,0.7806267806251043,0.9999999999761788,0.05750327614219976
56.96424106026507,1.1143351340385272,-0.041148458552183804,0.7784090909043373,0.7806267806251289,0.9999999999754436,0.05750327614219204
56.98924731182796,1.1132907618328394,-0.0423691369589802,0.7784090909043412,0.7806267806251526,0.9999999999746622,0.05750327614218589
57.01425356339085,1.1122167189340548,-0.04352125811267399,0.778409090904339,0.7806267806251754,0.9999999999738325,0.057503276142181266
57.03925981495374,1.1111147389558977,-0.04460329890474564,0.7784090909043306,0.7806267806251973,0.999999999972953,0.057503276142178254
57.06426606651663,1.1099865921278986,-0.04561386349283368,0.7784090909043159,0.7806267806252182,0.9999999999720219,0.05750327614217688
57.08927231807952,1.108834081846796,-0.04655168457131011,0.7784090909042948,0.7806267806252382,0.9999999999710376,0.05750327614217715
57.114278569642416,1.1076590417287941,-0.04741562385479815,0.778409090904267,0.780626780625257,0.9999999999699984,0.05750327614217915
57.1392848212053,1.1064633320865997,-0.04820467277478932,0.7784090909042326,0.780626780625275,0.9999999999689027,0.05750327614218285
57.164291072768194,1.1052488369847295,-0.04891795235039562,0.7784090909041913,0.7806267806252919,0.9999999999677487,0.05750327614218834
57.189297324331086,1.104017460687271,-0.049554713305273806,0.778409090904143,0.7806267806253078,0.9999999999665351,0.05750327614219565
57.21430357589398,1.1027711247514997,-0.05011433537751055,0.7784090909040875,0.7806267806253224,0.9999999999652601,0.057503276142204816
57.239309827456864,1.1015117644413959,-0.05059632689259115,0.7784090909040247,0.7806267806253362,0.9999999999639225,0.05750327614221585
57.26431607901976,1.1002413259498194,-0.05100032355488219,0.7784090909039543,0.7806267806253488,0.999999999962521,0.0575032761422288
57.28932233058265,1.098961762721993,-0.051326087511293604,0.7784090909038761,0.7806267806253603,0.9999999999610543,0.057503276142243785
57.31432858214554,1.0976750329139064,-0.05157350570979013,0.7784090909037902,0.7806267806253706,0.9999999999595215,0.057503276142260765
57.33933483370843,1.096383095586857,-0.05174258841487313,0.7784090909036961,0.7806267806253797,0.9999999999579219,0.05750327614227984
57.36434108527132,1.0950879084222047,-0.05183346733614407,0.778409090903594,0.7806267806253877,0.9999999999562548,0.057503276142300955
57.38934733683421,1.0937914239673474,-0.051846393455661444,0.7784090909034833,0.7806267806253944,0.9999999999545197,0.057503276142324325
57.4143535883971,1.0924955871623014,-0.051781735117405955,0.7784090909033642,0.7806267806253999,0.9999999999527169,0.057503276142349805
57.43935983995999,1.0912023325121836,-0.0516399753014446,0.7784090909032364,0.780626780625404,0.9999999999508463,0.05750327614237757
57.46436609152288,1.0899135803915219,-0.05142170928327973,0.7784090909030998,0.7806267806254069,0.9999999999489086,0.05750327614240758
57.489372343085776,1.0886312357495698,-0.0511276422361566,0.7784090909029543,0.7806267806254085,0.9999999999469049,0.0575032761424399
57.51437859464866,1.0873571842836365,-0.05075858574108147,0.7784090909027996,0.7806267806254087,0.9999999999448362,0.05750327614247456
57.539384846211554,1.0860932894640738,-0.05031545551395412,0.7784090909026359,0.7806267806254076,0.9999999999427045,0.057503276142511564
57.56439109777445,1.0848413913602117,-0.04979926841690558,0.7784090909024628,0.7806267806254049,0.9999999999405117,0.05750327614255101
57.58939734933734,1.0836033031482486,-0.04921113888484673,0.7784090909022804,0.7806267806254009,0.9999999999382606,0.05750327614259284
57.614403600900225,1.082380808718925,-0.04855227619635846,0.7784090909020887,0.7806267806253955,0.9999999999359543,0.057503276142637096
57.63940985246312,1.0811756610415426,-0.04782398130063533,0.7784090909018876,0.7806267806253886,0.9999999999335965,0.057503276142683746
57.66441610402601,1.0799895789430374,-0.04702764311085218,0.7784090909016772,0.7806267806253802,0.999999999931191,0.05750327614273286
57.6894223555889,1.07882424578481,-0.04616473582613062,0.7784090909014575,0.7806267806253702,0.999999999928743,0.057503276142784415
57.71442860715179,1.0776813069099813,-0.04523681506942642,0.7784090909012286,0.7806267806253586,0.9999999999262572,0.05750327614283837
57.73943485871468,1.0765623677448768,-0.04424551487759877,0.7784090909009906,0.7806267806253455,0.9999999999237399,0.057503276142894716
57.76444111027757,1.0754689920354332,-0.04319254424745309,0.7784090909007437,0.7806267806253309,0.999999999921197,0.05750327614295342
57.789447361840466,1.0744026997218339,-0.04207968370100705,0.7784090909004882,0.7806267806253147,0.9999999999186354,0.0575032761430144
57.81445361340335,1.0733649655385373,-0.04090878214049663,0.7784090909002243,0.7806267806252969,0.9999999999160625,0.0575032761430776
57.839459864966244,1.0723572169942879,-0.03968175325046804,0.7784090908999521,0.7806267806252775,0.9999999999134861,0.05750327614314303
57.86446611652914,1.0713808331250614,-0.03840057247500143,0.7784090908996723,0.7806267806252565,0.9999999999109146,0.05750327614321055
57.88947236809202,1.0704371426910992,-0.0370672734389322,0.7784090908993849,0.7806267806252337,0.9999999999083564,0.05750327614328013
57.914478619654915,1.0695274230262681,-0.03568394496643991,0.7784090908990907,0.7806267806252094,0.9999999999058209,0.05750327614335158
57.93948487121781,1.0686528984740837,-0.0342527276123684,0.7784090908987901,0.7806267806251835,0.9999999999033173,0.057503276143424875
57.9644911227807,1.0678147393153938,-0.032775810681721675,0.7784090908984835,0.7806267806251561,0.9999999999008554,0.05750327614349982
57.989497374343586,1.0670140604536673,-0.03125542894238701,0.7784090908981716,0.780626780625127,0.9999999998984451,0.05750327614357634
58.01450362590648,1.0662519204026788,-0.029693859601685007,0.7784090908978551,0.7806267806250964,0.9999999998960964,0.0575032761436542
58.03950987746937,1.0655293202275022,-0.028093419258918773,0.7784090908975346,0.7806267806250642,0.9999999998938194,0.05750327614373336
58.06451612903226,1.0648472025869273,-0.0264564608191897,0.778409090897211,0.7806267806250305,0.9999999998916241,0.05750327614381352
58.08952238059515,1.0642064509103681,-0.024785370683414513,0.7784090908968849,0.7806267806249954,0.9999999998895208,0.05750327614389457
58.11452863215804,1.0636078885250768,-0.0230825656546181,0.7784090908965573,0.7806267806249587,0.999999999887519,0.057503276143976316
58.139534883720934,1.0630522780095495,-0.02135049026658767,0.7784090908962289,0.7806267806249206,0.9999999998856284,0.05750327614405854
58.16454113528383,1.0625403204713117,-0.01959161382684949,0.7784090908959006,0.7806267806248813,0.9999999998838582,0.057503276144141025
58.18954738684671,1.0620726549974966,-0.017808427715081617,0.7784090908955735,0.7806267806248407,0.9999999998822173,0.057503276144223535
58.214553638409605,1.0616498581335265,-0.016003442687193857,0.7784090908952485,0.7806267806247988,0.9999999998807139,0.05750327614430584
58.2395598899725,1.0612724434122838,-0.014179186105030571,0.7784090908949265,0.7806267806247559,0.9999999998793555,0.05750327614438774
58.26456614153539,1.0609408609987911,-0.012338199400476896,0.7784090908946085,0.7806267806247118,0.9999999998781495,0.057503276144468964
58.289572393098275,1.0606554973535118,-0.010483035423105887,0.7784090908942956,0.7806267806246668,0.9999999998771019,0.057503276144549274
58.31457864466117,1.0604166749805009,-0.008616255854133097,0.7784090908939886,0.7806267806246209,0.9999999998762181,0.05750327614462844
58.33958489622406,1.0602246522464858,-0.006740428728542447,0.7784090908936887,0.780626780624574,0.9999999998755029,0.057503276144706225
58.364591147786946,1.060079623246198,-0.0048581258973395625,0.7784090908933968,0.7806267806245265,0.9999999998749601,0.0575032761447824
58.38959739934984,1.0599817177393909,-0.0029719205399594607,0.7784090908931138,0.7806267806244784,0.9999999998745923,0.05750327614485666
58.41460365091273,1.0599310011500052,-0.0010843847238890308,0.7784090908928407,0.7806267806244298,0.9999999998744014,0.05750327614492885
58.439609902475624,1.0599274746236833,0.0008019130370592216,0.7784090908925784,0.7806267806243807,0.999999999874388,0.05750327614499872
58.46461615403851,1.0599710751466203,0.0026844102161456477,0.7784090908923278,0.7806267806243314,0.9999999998745523,0.057503276145065986
58.4896224056014,1.060061675725981,0.004560552687265507,0.7784090908920898,0.780626780624282,0.9999999998748927,0.05750327614513047
58.514628657164295,1.0601990856299177,0.006427797129596847,0.7784090908918649,0.7806267806242325,0.9999999998754074,0.05750327614519201
58.53963490872719,1.0603830506875667,0.008283613434313207,0.7784090908916541,0.780626780624183,0.9999999998760931,0.057503276145250415
58.56464116029007,1.0606132536499302,0.010125487113751133,0.7784090908914579,0.7806267806241337,0.999999999876946,0.05750327614530547
58.589647411852965,1.0608893146113854,0.011950921713471611,0.7784090908912771,0.7806267806240847,0.9999999998779608,0.057503276145357024
58.61465366341586,1.0612107914890425,0.013757441214263868,0.7784090908911121,0.7806267806240362,0.9999999998791322,0.0575032761454049
58.63965991497875,1.0615771805629128,0.015542592461294122,0.7784090908909634,0.7806267806239882,0.9999999998804534,0.05750327614544903
58.664666166541636,1.061987917084597,0.017303947630946233,0.7784090908908315,0.7806267806239408,0.9999999998819175,0.05750327614548923
58.68967241810453,1.062442375935603,0.019039106651847066,0.7784090908907165,0.7806267806238942,0.9999999998835165,0.057503276145525466
58.71467866966742,1.0629398723471029,0.02074569966734208,0.7784090908906189,0.7806267806238486,0.999999999885242,0.05750327614555759
58.73968492123031,1.0634796627043008,0.02242138958937396,0.7784090908905387,0.780626780623804,0.9999999998870854,0.057503276145585605
58.7646911727932,1.0640609453795655,0.02406387454153189,0.778409090890476,0.7806267806237605,0.9999999998890374,0.05750327614560938
58.78969742435609,1.0646828616432709,0.025670890405465028,0.7784090908904311,0.7806267806237182,0.9999999998910885,0.05750327614562893
58.814703675918985,1.0653444966696555,0.027240213453097434,0.7784090908904037,0.7806267806236772,0.999999999893229,0.05750327614564425
58.83970992748187,1.066044880529542,0.028769662795159752,0.7784090908903936,0.7806267806236378,0.999999999895449,0.05750327614565535
58.86471617904476,1.066782989342546,0.03025710311649784,0.7784090908904007,0.7806267806235998,0.9999999998977387,0.05750327614566224
58.889722430607655,1.0675577464240837,0.031700447229946256,0.778409090890425,0.7806267806235635,0.9999999999000881,0.057503276145664924
58.91472868217055,1.06836802350766,0.03309765870750881,0.7784090908904657,0.780626780623529,0.9999999999024876,0.057503276145663515
58.93973493373343,1.0692126421082875,0.03444675466451781,0.7784090908905229,0.7806267806234961,0.9999999999049273,0.057503276145658026
58.964741185296326,1.0700903747922026,0.03574580825315707,0.778409090890596,0.780626780623465,0.9999999999073981,0.0575032761456486
58.98974743685922,1.0709999467463738,0.03699295160825778,0.7784090908906843,0.7806267806234359,0.9999999999098907,0.057503276145635274
59.01475368842211,1.0719400371324572,0.03818637829668369,0.7784090908907876,0.7806267806234088,0.9999999999123965,0.05750327614561816
59.039759939985,1.0729092808217031,0.03932434630607702,0.7784090908909052,0.7806267806233838,0.9999999999149072,0.05750327614559737
59.06476619154789,1.0739062698742001,0.040405180522905974,0.7784090908910364,0.7806267806233608,0.9999999999174145,0.05750327614557306
59.08977244311078,1.0749295554062426,0.04142727568397186,0.7784090908911806,0.7806267806233398,0.9999999999199113,0.05750327614554541
59.114778694673674,1.07597764921807,0.04238909890048234,0.7784090908913373,0.7806267806233209,0.9999999999223903,0.05750327614551448
59.13978494623656,1.0770490257881953,0.04328919254493354,0.7784090908915056,0.7806267806233043,0.9999999999248452,0.05750327614548042
59.16479119779945,1.0781421240294287,0.04412617677026123,0.778409090891685,0.7806267806232896,0.9999999999272697,0.05750327614544341
59.189797449362345,1.079255349453745,0.044898752361665385,0.7784090908918745,0.7806267806232772,0.9999999999296586,0.05750327614540368
59.21480370092523,1.0803870759851246,0.04560570314798193,0.7784090908920737,0.7806267806232668,0.9999999999320067,0.05750327614536129
59.23980995248812,1.0815356483824805,0.04624589887504995,0.7784090908922817,0.7806267806232587,0.9999999999343097,0.05750327614531639
59.264816204051016,1.0826993840040169,0.04681829739172363,0.7784090908924978,0.7806267806232529,0.9999999999365634,0.05750327614526923
59.28982245561391,1.0838765755711535,0.04732194757440694,0.7784090908927213,0.780626780623249,0.9999999999387648,0.057503276145219946
59.314828707176794,1.0850654928387495,0.04775599123482478,0.7784090908929514,0.7806267806232472,0.9999999999409104,0.057503276145168696
59.33983495873969,1.086264385647526,0.04811966601319056,0.7784090908931874,0.7806267806232476,0.9999999999429978,0.057503276145115606
59.36484121030258,1.0874714857094303,0.04841230712170476,0.7784090908934288,0.78062678062325,0.9999999999450251,0.05750327614506091
59.38984746186547,1.0886850094299922,0.04863334983831974,0.7784090908936747,0.7806267806232544,0.9999999999469905,0.05750327614500472
59.41485371342836,1.0899031606839211,0.04878233157468406,0.7784090908939244,0.7806267806232607,0.9999999999488927,0.05750327614494726
59.43985996499125,1.0911241323315708,0.04885889332759747,0.7784090908941775,0.780626780623269,0.9999999999507309,0.05750327614488861
59.46486621655414,1.0923461102989875,0.048862782248862216,0.7784090908944333,0.7806267806232791,0.9999999999525043,0.057503276144828946
59.489872468117035,1.0935672754437313,0.0487938527661455,0.7784090908946912,0.7806267806232909,0.9999999999542128,0.057503276144768405
59.51487871967992,1.094785805730561,0.04865206808412156,0.7784090908949506,0.7806267806233047,0.9999999999558564,0.057503276144707086
59.53988497124281,1.0959998803455868,0.04843750194947209,0.7784090908952109,0.78062678062332,0.9999999999574354,0.057503276144645246
59.564891222805706,1.0972076813124572,0.0481503394183549,0.7784090908954716,0.7806267806233371,0.99999999995895,0.05750327614458291
59.5898974743686,1.0984073966476537,0.047790878079394895,0.7784090908957323,0.7806267806233558,0.9999999999604012,0.057503276144520235
59.614903725931484,1.0995972235182367,0.047359528795993706,0.7784090908959925,0.7806267806233759,0.9999999999617897,0.05750327614445732
59.639909977494376,1.1007753703616787,0.046856816345898104,0.7784090908962518,0.7806267806233974,0.9999999999631166,0.05750327614439432
59.66491622905727,1.1019400606185983,0.04628337978523821,0.7784090908965097,0.7806267806234205,0.9999999999643832,0.057503276144331275
59.689922480620154,1.1030895347793406,0.04563997267152631,0.7784090908967658,0.7806267806234447,0.9999999999655904,0.057503276144268374
59.71492873218305,1.1042220538450533,0.0449274629703734,0.7784090908970199,0.7806267806234704,0.9999999999667399,0.057503276144205584
59.73993498374594,1.1053359018183868,0.04414683280901637,0.7784090908972716,0.780626780623497,0.9999999999678328,0.05750327614414311
59.76494123530883,1.1064293887405645,0.04329917793355466,0.7784090908975204,0.7806267806235249,0.999999999968871,0.05750327614408104
59.78994748687172,1.1075008534511988,0.042385706932883384,0.7784090908977663,0.7806267806235537,0.9999999999698557,0.057503276144019386
59.81495373843461,1.1085486664096107,0.041407740225772684,0.7784090908980089,0.7806267806235836,0.9999999999707885,0.057503276143958254
59.8399599899975,1.1095712324826572,0.0403667087590471,0.7784090908982481,0.7806267806236142,0.9999999999716711,0.05750327614389773
59.864966241560396,1.110566993693291,0.039264152462339774,0.7784090908984834,0.7806267806236458,0.9999999999725048,0.05750327614383785
59.88997249312328,1.1115344318907219,0.03810171846089551,0.7784090908987149,0.7806267806236782,0.9999999999732914,0.057503276143778634
59.914978744686174,1.1124720714784864,0.03688115893150086,0.7784090908989423,0.7806267806237112,0.9999999999740321,0.05750327614372023
59.939984996249066,1.1133784818974026,0.03560432887310666,0.7784090908991654,0.7806267806237449,0.9999999999747288,0.0575032761436626
59.96499124781196,1.1142522803164023,0.034273183331209975,0.7784090908993841,0.7806267806237792,0.9999999999753826,0.05750327614360583
59.989997499374844,1.1150921339242448,0.03288977473008552,0.7784090908995985,0.780626780623814,0.9999999999759951,0.05750327614354993
60.01500375093774,1.1158967625044602,0.03145624951114497,0.7784090908998081,0.7806267806238493,0.9999999999765676,0.057503276143495
60.04001000250063,1.1166649405864664,0.029974844954461802,0.7784090909000131,0.7806267806238849,0.9999999999771014,0.057503276143441015
60.065016254063515,1.117395499782528,0.02844788538469665,0.7784090909002134,0.780626780623921,0.9999999999775979,0.057503276143387974
60.09002250562641,1.1180873308711778,0.02687777833476134,0.7784090909004087,0.7806267806239572,0.999999999978058,0.057503276143336036
60.1150287571893,1.118739385808028,0.025267010481699468,0.7784090909005992,0.7806267806239938,0.9999999999784831,0.057503276143285084
60.14003500875219,1.1193506797135806,0.023618143151226415,0.7784090909007846,0.7806267806240305,0.999999999978874,0.05750327614323526
60.16504126031508,1.119920292611271,0.02193380790603397,0.7784090909009651,0.7806267806240673,0.999999999979232,0.05750327614318651
60.19004751187797,1.1204473711700833,0.020216701678235503,0.7784090909011406,0.7806267806241043,0.9999999999795578,0.05750327614313884
60.215053763440864,1.1209311302740956,0.018469581779717872,0.7784090909013112,0.7806267806241414,0.9999999999798523,0.057503276143092266
60.240060015003756,1.1213708544422516,0.016695260840094796,0.7784090909014767,0.7806267806241783,0.9999999999801163,0.05750327614304686
60.26506626656664,1.121765899172591,0.014896601406974293,0.7784090909016371,0.7806267806242153,0.9999999999803506,0.05750327614300255
60.290072518129534,1.1221156921144162,0.013076510479528628,0.7784090909017924,0.7806267806242522,0.9999999999805558,0.05750327614295944
60.31507876969243,1.1224197341004503,0.01123793395158176,0.7784090909019428,0.7806267806242889,0.9999999999807323,0.05750327614291749
60.34008502125532,1.122677600058883,0.009383850843689569,0.778409090902088,0.7806267806243254,0.9999999999808808,0.0575032761428767
60.365091272818205,1.1228889397678172,0.007517267456607438,0.7784090909022282,0.7806267806243619,0.9999999999810016,0.0575032761428371
60.3900975243811,1.123053478458888,0.005641211492959658,0.7784090909023634,0.7806267806243979,0.9999999999810951,0.05750327614279867
60.41510377594399,1.1231710172803966,0.0037587260608447663,0.7784090909024937,0.7806267806244338,0.9999999999811617,0.057503276142761434
60.44011002750688,1.1232414336079237,0.0018728636376897537,0.7784090909026189,0.7806267806244694,0.9999999999812015,0.05750327614272535
60.46511627906977,1.1232646812020712,-1.3319988687915418e-05,0.7784090909027391,0.7806267806245046,0.9999999999812146,0.05750327614269047
60.49012253063266,1.1232407902152233,-0.0018967717854368018,0.7784090909028545,0.7806267806245395,0.999999999981201,0.05750327614265679
60.51512878219555,1.1231698670470276,-0.0037744475343354975,0.7784090909029648,0.7806267806245739,0.9999999999811611,0.05750327614262431
60.54013503375844,1.1230520940486408,-0.005643317862316701,0.7784090909030701,0.780626780624608,0.9999999999810945,0.05750327614259307
60.56514128532133,1.1228877290765147,-0.007500374228483607,0.7784090909031706,0.7806267806246415,0.999999999981001,0.05750327614256299
60.590147536884224,1.1226771048969604,-0.009342634843779276,0.778409090903266,0.7806267806246747,0.9999999999808805,0.057503276142534136
60.61515378844712,1.122420628444298,-0.011167150501869902,0.7784090909033566,0.7806267806247074,0.9999999999807329,0.0575032761425065
60.64016004001,1.1221187799340175,-0.012971010308723524,0.7784090909034423,0.7806267806247396,0.9999999999805576,0.05750327614248005
60.665166291572895,1.1217721118359787,-0.014751347288741345,0.7784090909035231,0.7806267806247711,0.9999999999803544,0.05750327614245489
60.69017254313579,1.1213812477057343,-0.016505343871950164,0.778409090903599,0.7806267806248022,0.9999999999801226,0.05750327614243089
60.71517879469868,1.120946880878493,-0.018230237225508462,0.7784090909036699,0.7806267806248326,0.9999999999798619,0.05750327614240816
60.740185046261566,1.1204697730429198,-0.019923324372794562,0.778409090903736,0.7806267806248625,0.9999999999795716,0.057503276142386636
60.76519129782446,1.119950752683459,-0.02158196717671672,0.778409090903797,0.7806267806248917,0.999999999979251,0.05750327614236644
60.79019754938735,1.1193907133814822,-0.023203597165409606,0.7784090909038531,0.7806267806249202,0.9999999999788994,0.05750327614234743
60.81520380095024,1.1187906120339555,-0.024785720032056598,0.7784090909039042,0.7806267806249481,0.9999999999785161,0.05750327614232974
60.84021005251313,1.1181514669490913,-0.026325919993031924,0.7784090909039502,0.7806267806249753,0.9999999999781002,0.05750327614231335
60.86521630407602,1.1174743557958269,-0.02782186398534199,0.7784090909039912,0.7806267806250019,0.9999999999776508,0.05750327614229815
60.890222555638914,1.1167604135270703,-0.029271305435175345,0.7784090909040271,0.7806267806250278,0.9999999999771669,0.05750327614228431
60.91522880720181,1.1160108301615213,-0.030672087946555515,0.7784090909040579,0.7806267806250529,0.9999999999766477,0.0575032761422718
60.94023505876469,1.1152268484453591,-0.03202214872926133,0.7784090909040834,0.7806267806250773,0.999999999976092,0.05750327614226061
60.965241310327585,1.1144097615490287,-0.03331952158414881,0.7784090909041036,0.7806267806251008,0.9999999999754987,0.05750327614225078
60.99024756189048,1.113560910534043,-0.03456233991870419,0.7784090909041186,0.7806267806251237,0.9999999999748668,0.0575032761422423
61.01525381345336,1.1126816818803331,-0.03574883920967347,0.778409090904128,0.7806267806251457,0.9999999999741949,0.057503276142235285
61.040260065016255,1.1117735049134005,-0.03687735936716998,0.7784090909041321,0.780626780625167,0.9999999999734822,0.05750327614222959
61.06526631657915,1.1108378490855781,-0.037946346833086675,0.7784090909041306,0.7806267806251874,0.9999999999727274,0.057503276142225376
61.09027256814204,1.1098762214322508,-0.03895435622499779,0.7784090909041234,0.7806267806252071,0.9999999999719291,0.05750327614222259
61.115278819704926,1.108890163662557,-0.039900052035542595,0.7784090909041105,0.7806267806252258,0.9999999999710862,0.05750327614222128
61.14028507126782,1.1078812496024297,-0.040782209651523155,0.7784090909040917,0.7806267806252436,0.9999999999701977,0.05750327614222152
61.16529132283071,1.1068510821963533,-0.041599716565165396,0.778409090904067,0.7806267806252606,0.9999999999692624,0.057503276142223274
61.190297574393604,1.1058012909010075,-0.042351572863836964,0.7784090909040363,0.7806267806252767,0.9999999999682789,0.05750327614222655
61.21530382595649,1.104733528671719,-0.04303689191382827,0.7784090909039993,0.7806267806252919,0.9999999999672463,0.05750327614223142
61.24031007751938,1.1036494693007926,-0.04365490036897185,0.7784090909039562,0.7806267806253061,0.9999999999661636,0.057503276142237936
61.265316329082275,1.1025508044196972,-0.04420493834946863,0.7784090909039066,0.7806267806253194,0.9999999999650298,0.05750327614224608
61.29032258064517,1.1014392408365834,-0.04468645897793757,0.7784090909038505,0.7806267806253318,0.999999999963844,0.057503276142255914
61.31532883220805,1.1003164975112874,-0.04509902811094946,0.7784090909037877,0.780626780625343,0.9999999999626055,0.05750327614226751
61.340335083770945,1.0991843030136232,-0.045442323411285304,0.7784090909037182,0.7806267806253534,0.9999999999613134,0.05750327614228076
61.36534133533384,1.0980443923703591,-0.045716133674394706,0.7784090909036419,0.7806267806253626,0.9999999999599676,0.05750327614229585
61.39034758689672,1.0968985047963813,-0.0459203574978964,0.7784090909035585,0.7806267806253708,0.9999999999585675,0.05750327614231273
61.415353838459616,1.095748380331829,-0.04605500216973141,0.7784090909034679,0.780626780625378,0.999999999957113,0.057503276142331444
61.44036009002251,1.0945957578844676,-0.04612018211088753,0.7784090909033702,0.780626780625384,0.999999999955604,0.05750327614235203
61.4653663415854,1.0934423718163757,-0.04611611716825611,0.7784090909032652,0.7806267806253889,0.999999999954041,0.05750327614237451
61.49037259314829,1.092289949865424,-0.046043131055145986,0.7784090909031527,0.7806267806253928,0.9999999999524243,0.05750327614239889
61.51537884471118,1.0911402105818946,-0.045901649102791174,0.7784090909030327,0.7806267806253955,0.9999999999507546,0.05750327614242522
61.54038509627407,1.089994860057374,-0.04569219637204437,0.778409090902905,0.7806267806253969,0.9999999999490332,0.05750327614245354
61.565391347836965,1.0888555907156767,-0.045415395619943365,0.7784090909027698,0.7806267806253973,0.9999999999472611,0.05750327614248382
61.59039759939985,1.0877240779809652,-0.045071964480634226,0.7784090909026269,0.7806267806253964,0.9999999999454401,0.05750327614251611
61.61540385096274,1.0866019777144647,-0.04466271353084803,0.7784090909024761,0.7806267806253943,0.9999999999435722,0.057503276142550394
61.640410102525635,1.0854909250039326,-0.04418854373626706,0.7784090909023176,0.7806267806253909,0.9999999999416597,0.05750327614258674
61.66541635408853,1.0843925309912124,-0.04365044351435129,0.7784090909021514,0.7806267806253863,0.9999999999397052,0.05750327614262507
61.69042260565141,1.0833083809966961,-0.04304948646427147,0.7784090909019774,0.7806267806253804,0.9999999999377119,0.05750327614266545
61.715428857214306,1.0822400327447765,-0.0423868285355958,0.7784090909017958,0.7806267806253732,0.9999999999356832,0.0575032761427078
61.7404351087772,1.0811890136543454,-0.04166370504483247,0.7784090909016065,0.7806267806253645,0.999999999933623,0.057503276142752247
61.76544136034009,1.0801568196450257,-0.04088142827594782,0.7784090909014096,0.7806267806253547,0.9999999999315354,0.05750327614279859
61.79044761190298,1.0791449126502732,-0.040041384156875255,0.7784090909012054,0.7806267806253435,0.9999999999294251,0.05750327614284696
61.81545386346587,1.078154719180468,-0.03914502980231975,0.778409090900994,0.780626780625331,0.9999999999272973,0.057503276142897214
61.84046011502876,1.0771876284098245,-0.0381938903053678,0.7784090909007754,0.780626780625317,0.999999999925157,0.05750327614294941
61.86546636659165,1.0762449905420117,-0.03718955601604612,0.77840909090055,0.7806267806253017,0.9999999999230103,0.05750327614300342
61.89047261815454,1.075328115269135,-0.0361336795306863,0.7784090909003181,0.780626780625285,0.9999999999208632,0.05750327614305919
61.91547886971743,1.0744382701565027,-0.03502797280016642,0.7784090909000799,0.780626780625267,0.9999999999187221,0.057503276143116705
61.940485121280325,1.0735766793011199,-0.03387420422523657,0.7784090908998359,0.7806267806252476,0.9999999999165939,0.05750327614317579
61.96549137284321,1.07274452185876,-0.03267419573416279,0.7784090908995863,0.7806267806252268,0.9999999999144855,0.05750327614323646
61.9904976244061,1.0719429308178756,-0.03142981990125829,0.7784090908993315,0.7806267806252047,0.9999999999124042,0.0575032761432986
62.015503875968996,1.071172991722231,-0.030142997095395134,0.7784090908990721,0.7806267806251813,0.9999999999103573,0.05750327614336206
62.04051012753189,1.0704357415245263,-0.028815692572448308,0.7784090908988083,0.7806267806251564,0.9999999999083525,0.05750327614342684
62.065516379094774,1.0697321675207203,-0.027449913753889867,0.7784090908985409,0.7806267806251304,0.9999999999063975,0.057503276143492675
62.09052263065767,1.0690632062775705,-0.026047707282077795,0.7784090908982705,0.7806267806251029,0.9999999999045002,0.05750327614355953
62.11552888222056,1.068429742764501,-0.024611156434279313,0.7784090908979974,0.7806267806250743,0.9999999999026679,0.05750327614362723
62.14053513378345,1.0678326093794532,-0.023142378183589066,0.7784090908977225,0.7806267806250444,0.9999999999009086,0.05750327614369562
62.16554138534634,1.0672725852329847,-0.02164352068728501,0.7784090908974463,0.7806267806250133,0.9999999998992297,0.05750327614376456
62.19054763690923,1.0667503953249222,-0.02011676045822174,0.7784090908971695,0.780626780624981,0.9999999998976385,0.05750327614383392
62.21555388847212,1.0662667099164067,-0.018564299808458484,0.7784090908968929,0.7806267806249476,0.9999999998961424,0.05750327614390346
62.240560140035015,1.0658221439037072,-0.016988364240705888,0.7784090908966171,0.7806267806249132,0.999999999894748,0.05750327614397307
62.2655663915979,1.0654172562545925,-0.015391199795437061,0.778409090896343,0.7806267806248777,0.9999999998934618,0.057503276144042555
62.29057264316079,1.0650525495581344,-0.013775070615076011,0.7784090908960714,0.7806267806248414,0.9999999998922897,0.05750327614411163
62.315578894723686,1.0647284695753247,-0.012142256343004117,0.7784090908958028,0.780626780624804,0.9999999998912374,0.0575032761441803
62.34058514628657,1.0644454048947098,-0.010495049657660889,0.7784090908955381,0.7806267806247658,0.99999999989031,0.057503276144248244
62.365591397849464,1.0642036866414128,-0.008835753850655197,0.7784090908952782,0.7806267806247269,0.9999999998895116,0.05750327614431526
62.390597649412356,1.0640035882317522,-0.0071666803407564456,0.7784090908950239,0.7806267806246873,0.9999999998888464,0.05750327614438125
62.41560390097525,1.063845325206507,-0.00549014628165245,0.7784090908947757,0.780626780624647,0.9999999998883173,0.057503276144445954
62.440610152538135,1.0637290551181202,-0.0038084721904053436,0.7784090908945348,0.7806267806246062,0.9999999998879271,0.05750327614450913
62.46561640410103,1.063654877472916,-0.0021239795542754053,0.7784090908943015,0.780626780624565,0.9999999998876774,0.057503276144570695
62.49062265566392,1.0636228337380114,-0.00043898847739353884,0.7784090908940768,0.7806267806245235,0.9999999998875694,0.05750327614463043
62.51562890722681,1.063632907405396,0.0012441846520046189,0.7784090908938615,0.7806267806244817,0.9999999998876034,0.05750327614468814
62.5406351587897,1.0636850241135238,0.0029232294916986456,0.778409090893656,0.7806267806244396,0.9999999998877789,0.05750327614474368
62.56564141035259,1.0637790518276595,0.00459584406910441,0.7784090908934609,0.7806267806243975,0.9999999998880951,0.05750327614479691
62.59064766191548,1.0639148010781603,0.006259737093485168,0.778409090893277,0.7806267806243554,0.9999999998885498,0.05750327614484757
62.615653913478376,1.0640920252564021,0.007912630263663113,0.7784090908931048,0.7806267806243135,0.9999999998891409,0.0575032761448956
62.64066016504126,1.0643104209678673,0.0095522605734733,0.7784090908929449,0.7806267806242717,0.9999999998898648,0.05750327614494085
62.665666416604154,1.064569628444597,0.011176382627732052,0.7784090908927975,0.7806267806242302,0.9999999998907179,0.05750327614498322
62.690672668167046,1.064869232015113,0.012782770951771412,0.7784090908926633,0.7806267806241892,0.9999999998916957,0.05750327614502252
62.71567891972993,1.0652087606281844,0.014369222286992361,0.7784090908925424,0.7806267806241487,0.9999999998927933,0.057503276145058735
62.740685171292824,1.0655876884381468,0.015933557925365528,0.7784090908924354,0.7806267806241088,0.9999999998940051,0.057503276145091674
62.76569142285572,1.0660054354558621,0.017473626061721714,0.7784090908923423,0.7806267806240695,0.9999999998953253,0.057503276145121324
62.79069767441861,1.0664613682370598,0.01898730407423073,0.7784090908922634,0.7806267806240311,0.9999999998967473,0.05750327614514765
62.815703925981495,1.0669548006473817,0.020472500905633333,0.7784090908921988,0.7806267806239936,0.9999999998982644,0.05750327614517056
62.84071017754439,1.0674849946939888,0.021927159448568725,0.7784090908921486,0.780626780623957,0.9999999998998698,0.057503276145189984
62.86571642910728,1.0680511613746926,0.023349258825871962,0.7784090908921127,0.7806267806239214,0.9999999999015561,0.057503276145206
62.89072268067017,1.068652461644774,0.024736816864848347,0.7784090908920913,0.7806267806238871,0.999999999903316,0.05750327614521851
62.91572893223306,1.069288007400502,0.026087892433457518,0.7784090908920841,0.780626780623854,0.999999999905142,0.05750327614522753
62.94073518379595,1.0699568625180125,0.02740058781039751,0.7784090908920911,0.7806267806238222,0.9999999999070264,0.057503276145233095
62.965741435358844,1.0706580440216855,0.02867305120236816,0.778409090892112,0.7806267806237918,0.9999999999089617,0.05750327614523522
62.990747686921736,1.0713905231833536,0.029903478990247572,0.7784090908921465,0.7806267806237627,0.9999999999109404,0.05750327614523397
63.01575393848462,1.0721532268480565,0.031090118333403652,0.7784090908921945,0.780626780623735,0.9999999999129551,0.0575032761452294
63.040760190047514,1.072945038648888,0.03223126942478984,0.7784090908922555,0.780626780623709,0.9999999999149984,0.0575032761452215
63.06576644161041,1.073764800424888,0.03332528802950798,0.7784090908923293,0.7806267806236846,0.9999999999170633,0.05750327614521039
63.0907726931733,1.0746113136173046,0.03437058785759313,0.7784090908924154,0.7806267806236619,0.999999999919143,0.057503276145196194
63.115778944736185,1.0754833407285944,0.03536564295011105,0.7784090908925133,0.7806267806236408,0.9999999999212309,0.0575032761451789
63.14078519629908,1.076379606925616,0.036308990174655005,0.7784090908926226,0.7806267806236215,0.9999999999233207,0.05750327614515874
63.16579144786197,1.0772988015343534,0.03719923146401101,0.7784090908927428,0.7806267806236038,0.9999999999254062,0.05750327614513567
63.190797699424856,1.0782395798403452,0.03803503637615196,0.7784090908928734,0.7806267806235879,0.999999999927482,0.05750327614510993
63.21580395098775,1.0792005646328309,0.03881514421252267,0.7784090908930138,0.7806267806235739,0.9999999999295428,0.057503276145081536
63.24081020255064,1.0801803481801964,0.03953836657511538,0.7784090908931635,0.7806267806235616,0.9999999999315837,0.057503276145050713
63.26581645411353,1.0811774938468057,0.040203589387835394,0.7784090908933219,0.7806267806235512,0.9999999999336,0.05750327614501749
63.29082270567642,1.0821905382018544,0.04080977537556276,0.7784090908934884,0.7806267806235425,0.9999999999355876,0.05750327614498207
63.31582895723931,1.0832179927664496,0.0413559660271136,0.7784090908936626,0.7806267806235356,0.9999999999375428,0.05750327614494451
63.340835208802204,1.0842583461501063,0.0418412838806748,0.7784090908938438,0.7806267806235306,0.999999999939462,0.05750327614490495
63.3658414603651,1.0853100660831225,0.042264934523147876,0.7784090908940314,0.7806267806235273,0.9999999999413423,0.05750327614486358
63.39084771192798,1.0863716013496152,0.04262620849715162,0.7784090908942248,0.7806267806235259,0.9999999999431808,0.057503276144820495
63.415853963490875,1.087441384351975,0.0429244834593756,0.7784090908944236,0.7806267806235261,0.9999999999449753,0.05750327614477586
63.44086021505377,1.08851783263052,0.04315922558217381,0.7784090908946271,0.7806267806235281,0.999999999946724,0.05750327614472975
63.46586646661666,1.089599351950792,0.04332999179963983,0.7784090908948347,0.7806267806235317,0.9999999999484248,0.0575032761446823
63.490872718179546,1.0906843378685065,0.04343643096176816,0.778409090895046,0.7806267806235371,0.9999999999500766,0.0575032761446337
63.51587896974244,1.0917711781790915,0.043478285509964354,0.7784090908952603,0.7806267806235441,0.999999999951678,0.05750327614458403
63.54088522130533,1.0928582560036297,0.04345539311053509,0.7784090908954774,0.7806267806235525,0.9999999999532285,0.05750327614453342
63.56589147286822,1.0939439509866271,0.04336768741038298,0.7784090908956964,0.7806267806235626,0.9999999999547273,0.05750327614448199
63.59089772443111,1.0950266425071014,0.04321519953055526,0.7784090908959173,0.7806267806235742,0.9999999999561742,0.05750327614442984
63.615903975994,1.0961047123031917,0.04299805897123676,0.7784090908961392,0.7806267806235871,0.9999999999575689,0.05750327614437711
63.640910227556894,1.0971765460512404,0.04271649425852016,0.7784090908963619,0.7806267806236016,0.9999999999589116,0.05750327614432392
63.66591647911978,1.09824053678152,0.04237083377138451,0.7784090908965849,0.7806267806236173,0.9999999999602025,0.05750327614427031
63.69092273068267,1.0992950868129558,0.04196150611088918,0.778409090896808,0.7806267806236344,0.9999999999614417,0.05750327614421641
63.715928982245565,1.1003386104011204,0.0414890404658895,0.7784090908970306,0.7806267806236528,0.9999999999626301,0.057503276144162375
63.74093523380846,1.10136953651469,0.04095406664966174,0.7784090908972524,0.7806267806236723,0.9999999999637683,0.05750327614410821
63.76594148537134,1.1023863108173142,0.04035731512543836,0.7784090908974731,0.780626780623693,0.9999999999648568,0.057503276144054045
63.790947736934235,1.1033873988062828,0.039699616590765936,0.7784090908976923,0.7806267806237147,0.9999999999658965,0.057503276143999985
63.81595398849713,1.1043712877277316,0.03898190165607381,0.7784090908979099,0.7806267806237375,0.9999999999668885,0.05750327614394605
63.84096024006002,1.105336489570608,0.03820519998470266,0.7784090908981254,0.7806267806237612,0.9999999999678335,0.057503276143892376
63.865966491622906,1.1062815431069979,0.03737063956787623,0.7784090908983387,0.7806267806237859,0.9999999999687326,0.057503276143839
63.8909727431858,1.107205016701737,0.036479445425307705,0.7784090908985494,0.7806267806238114,0.999999999969587,0.05750327614378596
63.91597899474869,1.1081055104022741,0.03553293845746227,0.7784090908987574,0.7806267806238377,0.9999999999703976,0.057503276143733406
63.940985246311584,1.1089816586074854,0.03453253369017696,0.7784090908989625,0.7806267806238648,0.9999999999711655,0.057503276143681316
63.96599149787447,1.1098321321308295,0.03347973870508681,0.7784090908991645,0.7806267806238926,0.9999999999718919,0.05750327614362976
63.99099774943736,1.110655640740335,0.032376151420048495,0.7784090908993633,0.7806267806239209,0.9999999999725778,0.05750327614357878
64.01600400100025,1.1114509351619306,0.03122345808701732,0.7784090908995587,0.78062678062395,0.9999999999732243,0.057503276143528424
64.04101025256314,1.1122168094572646,0.03002343063924811,0.7784090908997505,0.7806267806239795,0.9999999999738325,0.057503276143478756
64.06601650412604,1.1129521029758207,0.028777924208607485,0.7784090908999385,0.7806267806240094,0.9999999999744034,0.0575032761434299
64.09102275568893,1.1136557025006153,0.027488874135485127,0.7784090909001228,0.7806267806240399,0.999999999974938,0.05750327614338169
64.11602900725181,1.1143265441814563,0.02615829291061013,0.7784090909003032,0.7806267806240706,0.9999999999754374,0.05750327614333432
64.14103525881471,1.1149636153964564,0.02478826695042631,0.7784090909004796,0.7806267806241018,0.9999999999759024,0.05750327614328774
64.1660415103776,1.1155659566271436,0.023380952970705225,0.7784090909006519,0.7806267806241332,0.9999999999763339,0.057503276143242084
64.19104776194048,1.1161326630873536,0.02193857446704299,0.7784090909008201,0.7806267806241648,0.9999999999767328,0.05750327614319724
64.21605401350338,1.1166628864105161,0.020463417727275366,0.7784090909009841,0.7806267806241967,0.9999999999771001,0.05750327614315332
64.24106026506627,1.117155836143006,0.018957827829439413,0.7784090909011437,0.7806267806242286,0.9999999999774363,0.057503276143110314
64.26606651662917,1.117610781149515,0.017424204490127725,0.7784090909012992,0.7806267806242607,0.999999999977742,0.05750327614306823
64.29107276819205,1.1180270509590873,0.01586499760118823,0.7784090909014503,0.7806267806242928,0.9999999999780183,0.05750327614302714
64.31607901975494,1.1184040369341768,0.014282702808013274,0.778409090901597,0.780626780624325,0.9999999999782655,0.057503276142986996
64.34108527131784,1.11874119336508,0.012679856866835829,0.7784090909017394,0.7806267806243573,0.9999999999784843,0.057503276142947826
64.36609152288072,1.1190380384495988,0.011059032835745435,0.7784090909018773,0.7806267806243894,0.9999999999786751,0.057503276142909704
64.39109777444361,1.1192941551273339,0.009422835265319767,0.7784090909020108,0.7806267806244215,0.9999999999788383,0.057503276142872546
64.41610402600651,1.1195091918084605,0.0077738952449109885,0.7784090909021399,0.7806267806244533,0.9999999999789744,0.057503276142836436
64.4411102775694,1.1196828629787363,0.006114865348980042,0.7784090909022645,0.7806267806244851,0.9999999999790836,0.057503276142801374
64.46611652913228,1.1198149496706622,0.004448414546190892,0.7784090909023846,0.7806267806245166,0.9999999999791662,0.05750327614276736
64.49112278069518,1.1199052998080006,0.0027772230796021054,0.7784090909025003,0.7806267806245479,0.9999999999792226,0.057503276142734365
64.51612903225806,1.1199538284245774,0.001103977279618404,0.7784090909026116,0.780626780624579,0.9999999999792528,0.05750327614270244
64.54113528382096,1.1199605177516057,-0.0005686356275839713,0.7784090909027183,0.7806267806246099,0.999999999979257,0.0575032761426716
64.56614153538385,1.1199254171747641,-0.0022379327125374403,0.7784090909028205,0.7806267806246404,0.9999999999792353,0.05750327614264182
64.59114778694673,1.1198486430619399,-0.0039012405195003094,0.7784090909029183,0.7806267806246705,0.9999999999791873,0.05750327614261312
64.61615403850963,1.1197303784620196,-0.005555900214942441,0.7784090909030116,0.7806267806247004,0.9999999999791134,0.05750327614258551
64.64116029007252,1.1195708726754061,-0.007199272693733158,0.7784090909031004,0.7806267806247298,0.9999999999790132,0.057503276142558984
64.6661665416354,1.1193704406974954,-0.008828743624584958,0.7784090909031847,0.7806267806247588,0.9999999999788867,0.057503276142533595
64.6911727931983,1.1191294625358517,-0.010441728426501502,0.7784090909032645,0.7806267806247874,0.9999999999787335,0.05750327614250929
64.71617904476119,1.1188483824060753,-0.012035677141325824,0.7784090909033398,0.7806267806248156,0.9999999999785534,0.05750327614248605
64.74118529632409,1.1185277078064029,-0.01360807920987653,0.7784090909034106,0.7806267806248433,0.999999999978346,0.057503276142463984
64.76619154788698,1.1181680084753256,-0.015156468134977296,0.7784090909034768,0.7806267806248705,0.9999999999781111,0.05750327614244304
64.79119779944986,1.1177699152256124,-0.01667842603919434,0.7784090909035385,0.7806267806248971,0.9999999999778482,0.05750327614242323
64.81620405101276,1.1173341186807522,-0.01817158801822776,0.7784090909035956,0.7806267806249233,0.9999999999775566,0.05750327614240454
64.84121030257565,1.1168613679007908,-0.01963364637553796,0.778409090903648,0.7806267806249488,0.999999999977236,0.057503276142387066
64.86621655413853,1.1163524688859048,-0.02106235474363683,0.7784090909036958,0.7806267806249739,0.9999999999768858,0.0575032761423707
64.89122280570143,1.1158082830018823,-0.022455531940864092,0.7784090909037391,0.7806267806249984,0.9999999999765053,0.05750327614235553
64.91622905726432,1.1152297253180523,-0.023811065662158935,0.7784090909037775,0.7806267806250221,0.999999999976094,0.05750327614234159
64.9412353088272,1.1146177628059648,-0.02512691608734932,0.7784090909038114,0.7806267806250453,0.999999999975651,0.057503276142328794
64.9662415603901,1.1139734125140945,-0.026401119116030703,0.7784090909038405,0.780626780625068,0.9999999999751759,0.0575032761423172
64.99124781195299,1.1132977396401789,-0.027631789504798845,0.7784090909038647,0.7806267806250898,0.9999999999746675,0.05750327614230688
65.01625406351589,1.1125918554732688,-0.028817123845872372,0.778409090903884,0.780626780625111,0.9999999999741254,0.05750327614229779
65.04126031507877,1.1118569153884477,-0.0299554031192124,0.7784090909038985,0.7806267806251317,0.9999999999735485,0.05750327614228991
65.06626656664166,1.1110941166357855,-0.03104499530358745,0.778409090903908,0.7806267806251516,0.9999999999729362,0.05750327614228334
65.09127281820456,1.1103046961705867,-0.03208435752545198,0.7784090909039125,0.7806267806251707,0.9999999999722876,0.057503276142278056
65.11627906976744,1.1094899284204631,-0.033072038100864114,0.7784090909039119,0.7806267806251891,0.9999999999716018,0.057503276142274067
65.14128532133033,1.1086511228973686,-0.03400667839338804,0.7784090909039061,0.7806267806252066,0.9999999999708782,0.05750327614227144
65.16629157289323,1.1077896219880008,-0.034887014251695034,0.778409090903895,0.7806267806252236,0.9999999999701157,0.05750327614227014
65.19129782445611,1.1069067984007896,-0.035711877532599565,0.7784090909038787,0.7806267806252397,0.9999999999693137,0.05750327614227019
65.21630407601901,1.1060040529439668,-0.03648019701733495,0.778409090903857,0.7806267806252549,0.9999999999684712,0.05750327614227167
65.2413103275819,1.1050828118878073,-0.03719099952605721,0.7784090909038298,0.7806267806252695,0.9999999999675877,0.057503276142274504
65.26631657914479,1.1041445247081076,-0.0378434103862261,0.7784090909037971,0.7806267806252831,0.9999999999666624,0.05750327614227879
65.29132283070768,1.1031906614155782,-0.03843665410918037,0.7784090909037586,0.780626780625296,0.9999999999656947,0.057503276142284544
65.31632908227057,1.1022227102706341,-0.03897005444639162,0.7784090909037146,0.780626780625308,0.9999999999646838,0.05750327614229174
65.34133533383346,1.101242175095055,-0.039443034645598896,0.7784090909036646,0.7806267806253191,0.9999999999636295,0.05750327614230047
65.36634158539636,1.1002505730144247,-0.03985511710277864,0.7784090909036089,0.7806267806253294,0.9999999999625313,0.05750327614231066
65.39134783695924,1.0992494317073183,-0.040205923238209186,0.778409090903547,0.7806267806253387,0.9999999999613889,0.057503276142322465
65.41635408852213,1.098240287280847,-0.04049517275985321,0.7784090909034793,0.7806267806253472,0.9999999999602022,0.05750327614233577
65.44136034008503,1.0972246813866096,-0.04072268317731174,0.7784090909034054,0.7806267806253546,0.9999999999589709,0.05750327614235071
65.46636659164791,1.0962041593192873,-0.04088836874900036,0.7784090909033252,0.7806267806253612,0.9999999999576954,0.05750327614236723
65.49137284321081,1.0951802669889177,-0.04099223956758197,0.7784090909032387,0.7806267806253666,0.9999999999563758,0.057503276142385436
65.5163790947737,1.0941545491843885,-0.041034400375060946,0.778409090903146,0.7806267806253712,0.9999999999550124,0.0575032761424052
65.54138534633658,1.0931285467072098,-0.041015049089618935,0.7784090909030468,0.7806267806253747,0.9999999999536062,0.0575032761424267
65.56639159789948,1.0921037941642506,-0.04093447557278285,0.7784090909029412,0.7806267806253773,0.9999999999521578,0.05750327614244981
65.59139784946237,1.0910818182691224,-0.04079305986206569,0.778409090902829,0.7806267806253788,0.9999999999506684,0.057503276142474656
65.61640410102525,1.0900641344784163,-0.04059127038786893,0.7784090909027103,0.7806267806253792,0.9999999999491389,0.057503276142501246
65.64141035258815,1.089052245771214,-0.04032966246165979,0.778409090902585,0.7806267806253786,0.9999999999475713,0.057503276142529466
65.66641660415104,1.088047640429232,-0.040008876022633755,0.7784090909024532,0.7806267806253768,0.9999999999459672,0.057503276142559415
65.69142285571394,1.0870517891041596,-0.03962963364912028,0.7784090909023148,0.780626780625374,0.9999999999443285,0.05750327614259113
65.71642910727682,1.086066143814368,-0.039192738741044446,0.7784090909021699,0.7806267806253702,0.9999999999426578,0.0575032761426245
65.74143535883971,1.0850921353972156,-0.03869907294258562,0.7784090909020186,0.7806267806253651,0.9999999999409575,0.05750327614265962
65.76644161040261,1.0841311715389876,-0.038149594120935416,0.7784090909018608,0.780626780625359,0.9999999999392306,0.057503276142696395
65.7914478619655,1.0831846353441301,-0.03754533408507032,0.7784090909016966,0.7806267806253516,0.9999999999374802,0.05750327614273487
65.81645411352838,1.0822538828704615,-0.036887395942747266,0.7784090909015263,0.7806267806253432,0.9999999999357099,0.05750327614277502
65.84146036509128,1.0813402420082683,-0.03617695207425517,0.7784090909013499,0.7806267806253335,0.9999999999339234,0.05750327614281678
65.86646661665417,1.0804450103067775,-0.03541524127496802,0.7784090909011674,0.7806267806253228,0.9999999999321247,0.05750327614286013
65.89147286821705,1.079569453628697,-0.034603566604308605,0.7784090909009792,0.7806267806253109,0.9999999999303183,0.05750327614290503
65.91647911977995,1.0787148044432207,-0.03374329262191135,0.7784090909007855,0.7806267806252977,0.9999999999285085,0.057503276142951476
65.94148537134284,1.0778822603470315,-0.03283584300512127,0.7784090909005863,0.7806267806252833,0.9999999999267005,0.05750327614299936
65.96649162290574,1.0770729826508565,-0.03188269791095294,0.778409090900382,0.7806267806252678,0.9999999999248992,0.0575032761430487
65.99149787446862,1.0762880949388183,-0.03088539145242017,0.778409090900173,0.7806267806252511,0.9999999999231097,0.05750327614309936
66.0165041260315,1.0755286818160654,-0.02984550911090562,0.7784090908999594,0.7806267806252333,0.9999999999213379,0.0575032761431513
66.0415103775944,1.0747957876025633,-0.028764685184135542,0.7784090908997416,0.7806267806252143,0.9999999999195892,0.05750327614320439
66.06651662915729,1.0740904151775086,-0.02764460018512862,0.7784090908995202,0.7806267806251941,0.9999999999178695,0.05750327614325863
66.09152288072018,1.0734135248492687,-0.026486978342630984,0.7784090908992952,0.7806267806251729,0.9999999999161847,0.05750327614331387
66.11652913228308,1.0727660332717421,-0.025293584952734212,0.7784090908990674,0.7806267806251505,0.9999999999145407,0.05750327614337002
66.14153538384596,1.0721488124991314,-0.024066223972539484,0.778409090898837,0.780626780625127,0.9999999999129435,0.057503276143427
66.16654163540886,1.0715626889781558,-0.022806735330416036,0.7784090908986047,0.7806267806251024,0.9999999999113992,0.05750327614348466
66.19154788697175,1.0710084427668296,-0.02151699260060918,0.7784090908983707,0.7806267806250768,0.9999999999099137,0.05750327614354288
66.21655413853463,1.0704868066345061,-0.02019890032863321,0.7784090908981359,0.7806267806250502,0.9999999999084929,0.05750327614360151
66.24156039009753,1.0699984653976469,-0.018854391718753503,0.7784090908979006,0.7806267806250226,0.9999999999071424,0.05750327614366053
66.26656664166042,1.0695440551788256,-0.017485426080895525,0.7784090908976653,0.780626780624994,0.9999999999058679,0.05750327614371972
66.2915728932233,1.0691241628068073,-0.016093986423513253,0.7784090908974307,0.7806267806249646,0.9999999999046746,0.05750327614377897
66.3165791447862,1.0687393252619792,-0.014682077095880694,0.7784090908971975,0.7806267806249343,0.9999999999035677,0.05750327614383811
66.34158539634909,1.068390029145591,-0.013251721302192127,0.7784090908969662,0.7806267806249031,0.9999999999025518,0.057503276143897
66.36659164791197,1.068076710268216,-0.011804958832610409,0.7784090908967374,0.7806267806248712,0.9999999999016316,0.05750327614395547
66.39159789947487,1.0677997532455512,-0.010343843667681945,0.7784090908965118,0.7806267806248387,0.9999999999008109,0.05750327614401339
66.41660415103776,1.0675594911741135,-0.008870441633681433,0.77840909089629,0.7806267806248055,0.9999999999000933,0.05750327614407059
66.44161040260066,1.067356205373787,-0.007386828150205329,0.7784090908960726,0.7806267806247716,0.9999999998994822,0.05750327614412695
66.46661665416354,1.067190125167012,-0.005895085902291471,0.7784090908958601,0.7806267806247373,0.9999999998989801,0.05750327614418234
66.49162290572643,1.0670614277280983,-0.0043973025621513095,0.7784090908956532,0.7806267806247025,0.9999999998985893,0.05750327614423658
66.51662915728933,1.066970237989351,-0.0028955685606882136,0.7784090908954527,0.7806267806246673,0.9999999998983116,0.05750327614428944
66.54163540885222,1.066916628597688,-0.0013919748290212308,0.7784090908952591,0.7806267806246318,0.9999999998981478,0.05750327614434085
66.5666416604151,1.0669006199303,0.00011138943517714989,0.7784090908950728,0.780626780624596,0.9999999998980988,0.057503276144390665
66.591647911978,1.0669221801664253,0.001612438982754403,0.7784090908948945,0.78062678062456,0.9999999998981648,0.05750327614443873
66.61665416354089,1.066981225413443,0.0031090947200282325,0.7784090908947247,0.780626780624524,0.9999999998983451,0.05750327614448495
66.64166041510379,1.0670776198882512,0.004599285911901393,0.7784090908945637,0.780626780624488,0.9999999998986386,0.05750327614452913
66.66666666666667,1.067211176153893,0.006080952378486024,0.7784090908944121,0.7806267806244519,0.9999999998990439,0.057503276144571215
66.69167291822956,1.0673816554109032,0.007552046682015564,0.7784090908942705,0.7806267806244162,0.9999999998995589,0.057503276144610996
66.71667916979246,1.0675887678427454,0.009010536309894075,0.778409090894139,0.7806267806243805,0.999999999900181,0.05750327614464849
66.74168542135534,1.0678321730162461,0.010454405861030388,0.7784090908940181,0.7806267806243451,0.9999999999009073,0.05750327614468355
66.76669167291823,1.0681114803397407,0.011881659239971828,0.7784090908939082,0.7806267806243102,0.9999999999017342,0.05750327614471601
66.79169792448113,1.0684262495688266,0.013290321813050468,0.7784090908938094,0.7806267806242757,0.9999999999026576,0.05750327614474593
66.81670417604401,1.0687759913694148,0.014678442595447446,0.778409090893722,0.7806267806242418,0.9999999999036737,0.05750327614477313
66.8417104276069,1.0691601679456086,0.016044096468526517,0.7784090908936462,0.7806267806242085,0.9999999999047775,0.05750327614479757
66.8667166791698,1.0695781937037772,0.017385386319459135,0.7784090908935822,0.780626780624176,0.9999999999059642,0.057503276144819225
66.89172293073268,1.0700294359779727,0.018700445232731594,0.7784090908935302,0.7806267806241441,0.9999999999072287,0.05750327614483804
66.91672918229558,1.0705132158327744,0.01998743873605101,0.7784090908934899,0.7806267806241133,0.9999999999085654,0.05750327614485398
66.94173543385847,1.0710288088728348,0.021244566900932814,0.7784090908934616,0.7806267806240832,0.9999999999099687,0.057503276144867076
66.96674168542135,1.0715754461526947,0.02247006659830054,0.7784090908934451,0.7806267806240542,0.9999999999114331,0.05750327614487724
66.99174793698425,1.0721523151320762,0.023662213694721122,0.7784090908934405,0.7806267806240261,0.9999999999129527,0.057503276144884596
67.01675418854714,1.072758560640058,0.024819325162863413,0.7784090908934475,0.7806267806239993,0.9999999999145215,0.057503276144889044
67.04176044011002,1.0733932859936306,0.025939761407436288,0.7784090908934661,0.7806267806239735,0.9999999999161338,0.0575032761448906
67.06676669167292,1.074055554036848,0.02702192829254752,0.778409090893496,0.780626780623949,0.9999999999177835,0.05750327614488938
67.09177294323581,1.0747443883713026,0.02806427945900825,0.778409090893537,0.7806267806239257,0.9999999999194652,0.05750327614488539
67.1167791947987,1.0754587745363922,0.02906531840850828,0.7784090908935891,0.7806267806239038,0.9999999999211728,0.057503276144878594
67.1417854463616,1.0761976612881803,0.030023600682994346,0.7784090908936516,0.7806267806238831,0.9999999999229009,0.0575032761448692
67.16679169792448,1.076959961965094,0.03093773606230636,0.7784090908937245,0.780626780623864,0.9999999999246441,0.05750327614485712
67.19179794948738,1.0777445557908683,0.031806390577925156,0.7784090908938072,0.7806267806238462,0.9999999999263971,0.05750327614484256
67.21680420105027,1.0785502894270012,0.03262828878759235,0.7784090908938994,0.7806267806238298,0.9999999999281548,0.057503276144825505
67.24181045261315,1.079375978307217,0.03340221565095599,0.7784090908940008,0.780626780623815,0.9999999999299127,0.057503276144806104
67.26681670417605,1.0802204083612286,0.03412701882034912,0.7784090908941109,0.7806267806238016,0.9999999999316659,0.05750327614478434
67.29182295573894,1.08108233739029,0.03480161039994022,0.7784090908942295,0.7806267806237898,0.9999999999334102,0.05750327614476039
67.31682920730182,1.0819604969486962,0.035424969202462166,0.778409090894356,0.7806267806237794,0.9999999999351417,0.057503276144734314
67.34183545886472,1.0828535937673662,0.035996142398902,0.7784090908944898,0.7806267806237706,0.9999999999368563,0.057503276144706246
67.36684171042761,1.083760311772145,0.03651424769218886,0.7784090908946307,0.7806267806237632,0.9999999999385507,0.05750327614467627
67.3918479619905,1.084679313584552,0.036978474873808544,0.778409090894778,0.7806267806237575,0.9999999999402218,0.057503276144644504
67.41685421355339,1.0856092426032737,0.03738808783084739,0.7784090908949315,0.7806267806237533,0.9999999999418664,0.057503276144610975
67.44186046511628,1.086548724703926,0.03774242608217221,0.7784090908950906,0.7806267806237506,0.999999999943482,0.05750327614457591
67.46686671667918,1.0874963701682632,0.03804090645437777,0.7784090908952547,0.7806267806237494,0.9999999999450662,0.05750327614453934
67.49187296824206,1.0884507758669737,0.038283024742817404,0.7784090908954235,0.7806267806237496,0.9999999999466167,0.057503276144501396
67.51687921980495,1.0894105267129697,0.03846835687367789,0.7784090908955966,0.7806267806237512,0.9999999999481318,0.05750327614446217
67.54188547136785,1.0903741984765578,0.038596560706886766,0.7784090908957736,0.7806267806237543,0.9999999999496099,0.05750327614442177
67.56689172293073,1.091340359051217,0.03866737686267228,0.7784090908959538,0.7806267806237589,0.9999999999510494,0.0575032761443803
67.59189797449362,1.0923075708880108,0.03868063010905482,0.7784090908961369,0.7806267806237649,0.9999999999524494,0.05750327614433786
67.61690422605652,1.0932743935765787,0.038636230534779895,0.7784090908963224,0.7806267806237722,0.9999999999538087,0.057503276144294575
67.6419104776194,1.0942393849473309,0.03853417409609543,0.7784090908965101,0.7806267806237808,0.9999999999551268,0.05750327614425052
67.6669167291823,1.0952011040684946,0.03837454373251319,0.7784090908966994,0.7806267806237908,0.999999999956403,0.057503276144205806
67.69192298074519,1.0961581133978096,0.038157509943221576,0.7784090908968901,0.7806267806238019,0.9999999999576369,0.05750327614416054
67.71692923230808,1.0971089803123626,0.03788333121991601,0.7784090908970817,0.7806267806238142,0.9999999999588283,0.05750327614411477
67.74193548387098,1.098052280137666,0.03755235452562414,0.7784090908972738,0.7806267806238278,0.9999999999599771,0.057503276144068596
67.76694173543386,1.098986597753011,0.03716501546542274,0.7784090908974662,0.7806267806238424,0.9999999999610834,0.057503276144022154
67.79194798699675,1.0999105301029324,0.03672183837758475,0.7784090908976586,0.7806267806238583,0.9999999999621472,0.057503276143975414
67.81695423855965,1.1008226884607117,0.03622343619108117,0.7784090908978505,0.780626780623875,0.999999999963169,0.05750327614392861
67.84196049012253,1.1017217003136393,0.0356705102450526,0.7784090908980418,0.7806267806238927,0.9999999999641491,0.0575032761438817
67.86696674168543,1.1026062120345306,0.035063849723864705,0.7784090908982321,0.7806267806239114,0.9999999999650879,0.05750327614383481
67.89197299324832,1.1034748905901979,0.03440433120172331,0.7784090908984211,0.780626780623931,0.9999999999659859,0.05750327614378801
67.9169792448112,1.1043264261598922,0.033692917675028806,0.7784090908986087,0.7806267806239515,0.9999999999668439,0.05750327614374133
67.9419854963741,1.10515953389119,0.032930657775268865,0.7784090908987946,0.7806267806239727,0.9999999999676623,0.057503276143694826
67.96699174793699,1.105972956374764,0.032118684418634656,0.7784090908989786,0.7806267806239947,0.9999999999684418,0.05750327614364863
67.99199799949987,1.1067654654266956,0.03125821366184727,0.7784090908991604,0.7806267806240175,0.9999999999691833,0.05750327614360271
68.01700425106277,1.1075358644258178,0.03035054297120011,0.7784090908993401,0.7806267806240409,0.9999999999698874,0.05750327614355716
68.04201050262566,1.1082829900796842,0.02939704971129747,0.7784090908995172,0.7806267806240649,0.9999999999705548,0.05750327614351203
68.06701675418854,1.1090057146198062,0.028399189043805624,0.7784090908996917,0.7806267806240895,0.9999999999711864,0.05750327614346734
68.09202300575144,1.1097029475333857,0.027358492028228997,0.7784090908998633,0.7806267806241146,0.9999999999717828,0.05750327614342322
68.11702925731433,1.1103736375787117,0.0262765632000449,0.7784090909000321,0.7806267806241403,0.9999999999723448,0.0575032761433796
68.14203550887723,1.1110167744996782,0.025155078221398088,0.7784090909001977,0.7806267806241662,0.9999999999728733,0.05750327614333662
68.16704176044011,1.1116313908060091,0.023995781230424784,0.7784090909003603,0.7806267806241927,0.9999999999733689,0.05750327614329423
68.192048012003,1.112216563472264,0.022800481990144204,0.7784090909005196,0.7806267806242195,0.9999999999738323,0.05750327614325245
68.2170542635659,1.112771415480067,0.021571053042275842,0.7784090909006754,0.7806267806242466,0.9999999999742644,0.05750327614321139
68.24206051512878,1.1132951174297017,0.020309426428007926,0.7784090909008279,0.780626780624274,0.9999999999746655,0.05750327614317104
68.26706676669167,1.1137868889140536,0.019017590544061335,0.7784090909009769,0.7806267806243016,0.9999999999750365,0.05750327614313143
68.29207301825457,1.1142459999273657,0.017697586639187402,0.7784090909011223,0.7806267806243293,0.9999999999753779,0.0575032761430926
68.31707926981746,1.1146717721408785,0.0163515052231204,0.778409090901264,0.7806267806243573,0.9999999999756906,0.05750327614305452
68.34208552138035,1.1150635800615656,0.0149814824463826,0.7784090909014019,0.7806267806243853,0.9999999999759746,0.05750327614301731
68.36709177294324,1.115420852157616,0.013589696184589498,0.7784090909015361,0.7806267806244134,0.9999999999762307,0.05750327614298092
68.39209802450613,1.1157430718362635,0.01217836213255635,0.7784090909016665,0.7806267806244416,0.9999999999764593,0.05750327614294532
68.41710427606903,1.1160297783355841,0.010749729787689549,0.7784090909017932,0.7806267806244697,0.9999999999766609,0.05750327614291059
68.44211052763191,1.1162805675309144,0.00930607825983594,0.7784090909019159,0.7806267806244979,0.9999999999768359,0.05750327614287674
68.4671167791948,1.1164950926153363,0.007849712071083766,0.7784090909020347,0.780626780624526,0.9999999999769844,0.05750327614284381
68.4921230307577,1.116673064679571,0.006382956885975806,0.7784090909021495,0.7806267806245539,0.999999999977107,0.05750327614281177
68.51712928232058,1.11681425319118,0.00490815514034053,0.7784090909022604,0.7806267806245817,0.9999999999772038,0.05750327614278069
68.54213553388347,1.116918486357834,0.0034276616395111413,0.7784090909023673,0.7806267806246094,0.999999999977275,0.057503276142750456
68.56714178544637,1.11698565137993,0.001943839144848659,0.7784090909024702,0.7806267806246369,0.9999999999773207,0.05750327614272121
68.59214803700925,1.117015694594604,0.0004590539190016704,0.778409090902569,0.7806267806246642,0.9999999999773411,0.05750327614269294
68.61715428857215,1.1170086215078894,-0.0010243287382855374,0.7784090909026639,0.7806267806246913,0.9999999999773364,0.057503276142665594
68.64216054013504,1.1169644967146166,-0.002503948946657018,0.7784090909027547,0.7806267806247181,0.9999999999773064,0.05750327614263922
68.66716679169792,1.1168834437072601,-0.003977456682710442,0.7784090909028414,0.7806267806247447,0.9999999999772511,0.05750327614261378
68.69217304326082,1.116765644574333,-0.005442516190346859,0.778409090902924,0.7806267806247709,0.9999999999771705,0.05750327614258939
68.71717929482371,1.1166113395890418,-0.006896810349035634,0.7784090909030025,0.7806267806247967,0.9999999999770646,0.057503276142566
68.7421855463866,1.1164208266893418,-0.008338044988777143,0.778409090903077,0.7806267806248223,0.9999999999769331,0.05750327614254355
68.7671917979495,1.1161944608495693,-0.009763953145635171,0.7784090909031472,0.7806267806248475,0.9999999999767759,0.05750327614252215
68.79219804951238,1.1159326533487752,-0.011172299224017846,0.7784090909032133,0.7806267806248722,0.9999999999765928,0.05750327614250178
68.81720430107528,1.115635870935798,-0.012560883074096396,0.7784090909032753,0.7806267806248965,0.9999999999763836,0.05750327614248245
68.84221055263816,1.1153046348939866,-0.013927543976416695,0.778409090903333,0.7806267806249205,0.9999999999761476,0.057503276142464116
68.86721680420105,1.1149395199992505,-0.01527016453721591,0.7784090909033865,0.780626780624944,0.999999999975885,0.057503276142446845
68.89222305576395,1.1145411533978042,-0.016586674400219655,0.7784090909034358,0.7806267806249669,0.9999999999755951,0.057503276142430636
68.91722930732683,1.114110213387196,-0.01787505386981557,0.7784090909034809,0.7806267806249894,0.9999999999752774,0.05750327614241549
68.94223555888972,1.1136474280895574,-0.01913333744066767,0.7784090909035216,0.7806267806250113,0.9999999999749318,0.05750327614240145
68.96724181045262,1.11315357406848,-0.02035961707819837,0.7784090909035579,0.7806267806250328,0.9999999999745577,0.0575032761423885
68.9922480620155,1.1126294748596488,-0.02155204539709643,0.77840909090359,0.7806267806250536,0.9999999999741545,0.05750327614237663
69.01725431357839,1.1120759993827236,-0.022708838752918764,0.7784090909036177,0.7806267806250741,0.9999999999737217,0.05750327614236585
69.04226056514129,1.111494060350726,-0.023828279993153244,0.778409090903641,0.7806267806250937,0.999999999973259,0.057503276142356216
69.06726681670418,1.1108846125583152,-0.024908721195743503,0.7784090909036596,0.7806267806251129,0.9999999999727656,0.057503276142347744
69.09227306826708,1.1102486510921896,-0.025948586191947825,0.7784090909036738,0.7806267806251315,0.9999999999722409,0.05750327614234039
69.11727931982996,1.1095872095719987,-0.026946372788162476,0.7784090909036836,0.7806267806251493,0.9999999999716846,0.05750327614233421
69.14228557139285,1.1089013581889215,-0.027900655043272934,0.7784090909036886,0.7806267806251667,0.999999999971096,0.057503276142329196
69.16729182295575,1.1081922018534098,-0.02881008507396252,0.7784090909036889,0.7806267806251833,0.9999999999704745,0.057503276142325394
69.19229807451863,1.1074608781748643,-0.02967339492030223,0.7784090909036846,0.7806267806251993,0.9999999999698195,0.0575032761423228
69.21730432608152,1.1067085554360703,-0.030489398074472707,0.7784090909036755,0.7806267806252146,0.9999999999691307,0.05750327614232141
69.24231057764442,1.1059364306037014,-0.031256990837921744,0.7784090909036615,0.7806267806252292,0.9999999999684073,0.05750327614232131
69.2673168292073,1.105145727123818,-0.03197515359528279,0.7784090909036426,0.780626780625243,0.9999999999676489,0.05750327614232241
69.2923230807702,1.1043376929691646,-0.032642951692775236,0.7784090909036189,0.7806267806252563,0.9999999999668551,0.05750327614232481
69.31732933233309,1.1035135983060558,-0.033259536412548384,0.77840909090359,0.7806267806252686,0.9999999999660254,0.057503276142328544
69.34233558389597,1.1026747335635911,-0.03382414543087641,0.7784090909035563,0.7806267806252802,0.9999999999651595,0.0575032761423335
69.36734183545887,1.1018224070152516,-0.03433610345874247,0.7784090909035172,0.7806267806252912,0.9999999999642573,0.0575032761423398
69.39234808702176,1.1009579428766565,-0.0347948223254408,0.7784090909034731,0.7806267806253013,0.9999999999633181,0.05750327614234743
69.41735433858464,1.1000826788181561,-0.03519980127321812,0.7784090909034237,0.7806267806253107,0.9999999999623421,0.057503276142356424
69.44236059014754,1.0991979641208665,-0.03555062670625318,0.778409090903369,0.7806267806253191,0.9999999999613293,0.05750327614236682
69.46736684171043,1.0983051571199938,-0.03584697212869034,0.7784090909033089,0.7806267806253269,0.9999999999602796,0.057503276142378566
69.49237309327332,1.0974056234480596,-0.03608859762028506,0.7784090909032434,0.7806267806253336,0.9999999999591931,0.05750327614239174
69.51737934483621,1.0965007334373582,-0.03627534937789176,0.7784090909031725,0.7806267806253396,0.9999999999580701,0.05750327614240634
69.5423855963991,1.0955918603949784,-0.0364071590209451,0.7784090909030961,0.7806267806253447,0.9999999999569111,0.05750327614242233
69.567391847962,1.0946803781592476,-0.036484042677603766,0.7784090909030141,0.780626780625349,0.9999999999557165,0.0575032761424398
69.59239809952489,1.0937676590733305,-0.03650610018513911,0.7784090909029265,0.7806267806253523,0.9999999999544873,0.0575032761424587
69.61740435108777,1.0928550722160812,-0.036473513815433706,0.7784090909028334,0.7806267806253547,0.9999999999532241,0.057503276142479055
69.64241060265067,1.091943980623683,-0.036386547168771884,0.7784090909027346,0.7806267806253563,0.9999999999519279,0.057503276142500885
69.66741685421356,1.09103574022041,-0.03624554394234213,0.7784090909026302,0.7806267806253568,0.9999999999506001,0.05750327614252418
69.69242310577644,1.090131697251969,-0.03605092619428895,0.7784090909025202,0.7806267806253564,0.9999999999492419,0.057503276142549
69.71742935733934,1.0892331860058686,-0.03580319311773119,0.7784090909024046,0.7806267806253552,0.999999999947855,0.057503276142575194
69.74243560890223,1.0883415278722905,-0.03550291938708398,0.7784090909022834,0.7806267806253528,0.9999999999464415,0.05750327614260293
69.76744186046511,1.0874580287560003,-0.035150753194198796,0.7784090909021567,0.7806267806253496,0.9999999999450029,0.057503276142632065
69.79244811202801,1.0865839772653925,-0.034747414709141465,0.7784090909020245,0.7806267806253453,0.9999999999435417,0.057503276142662735
69.8174543635909,1.0857206435248516,-0.03429369423790376,0.7784090909018868,0.7806267806253401,0.9999999999420603,0.05750327614269478
69.8424606151538,1.0848692766445582,-0.03379044999056372,0.7784090909017439,0.7806267806253337,0.9999999999405614,0.057503276142728287
69.86746686671668,1.0840311036422439,-0.033238606494598366,0.7784090909015957,0.7806267806253265,0.9999999999390479,0.05750327614276317
69.89247311827957,1.0832073276237655,-0.03263915227061455,0.7784090909014425,0.7806267806253182,0.9999999999375229,0.0575032761427994
69.91747936984247,1.0823991260567816,-0.03199313782412741,0.7784090909012842,0.780626780625309,0.9999999999359894,0.057503276142837
69.94248562140535,1.0816076495778133,-0.031301673620025755,0.7784090909011212,0.7806267806252987,0.9999999999344513,0.057503276142875884
69.96749187296824,1.0808340201349782,-0.03056592770328366,0.7784090909009536,0.7806267806252873,0.9999999999329123,0.05750327614291605
69.99249812453114,1.0800793299441154,-0.029787123767019332,0.7784090909007815,0.780626780625275,0.999999999931376,0.05750327614295743
70.01750437609402,1.0793446397969966,-0.028966538655312606,0.7784090909006052,0.7806267806252616,0.9999999999298468,0.05750327614300002
70.04251062765692,1.0786309780467813,-0.02810550039689302,0.7784090909004249,0.7806267806252472,0.9999999999283287,0.05750327614304372
70.06751687921981,1.0779393391056238,-0.02720538567917847,0.7784090909002409,0.7806267806252318,0.9999999999268259,0.057503276143088436
70.0925231307827,1.0772706824778728,-0.026267617833216985,0.7784090909000536,0.7806267806252155,0.9999999999253433,0.057503276143134115
70.1175293823456,1.0766259314240683,-0.025293664310329804,0.7784090908998631,0.7806267806251982,0.9999999999238851,0.057503276143180744
70.14253563390848,1.0760059720640747,-0.024285034625669076,0.7784090908996699,0.7806267806251798,0.9999999999224563,0.05750327614322825
70.16754188547137,1.0754116521956194,-0.023243277858513,0.7784090908994743,0.7806267806251604,0.9999999999210614,0.05750327614327646
70.19254813703427,1.0748437804695636,-0.022169980552773576,0.7784090908992767,0.7806267806251402,0.9999999999197049,0.05750327614332536
70.21755438859715,1.074303125373513,-0.021066764282887795,0.7784090908990774,0.780626780625119,0.999999999918392,0.05750327614337482
70.24256064016004,1.0737904144584771,-0.01993528347141187,0.7784090908988769,0.7806267806250969,0.999999999917127,0.05750327614342477
70.26756689172294,1.073306333509105,-0.018777223085807603,0.7784090908986756,0.7806267806250741,0.9999999999159148,0.05750327614347506
70.29257314328582,1.0728515258087585,-0.01759429633945336,0.7784090908984739,0.7806267806250503,0.9999999999147595,0.05750327614352564
70.31757939484872,1.07242659148983,-0.016388242530648474,0.7784090908982724,0.7806267806250258,0.999999999913666,0.05750327614357636
70.3425856464116,1.0720320868641273,-0.015160824677604615,0.7784090908980713,0.7806267806250005,0.9999999999126381,0.05750327614362718
70.36759189797449,1.0716685239048522,-0.01391382740981935,0.7784090908978715,0.7806267806249744,0.9999999999116801,0.05750327614367787
70.39259814953739,1.0713363697001652,-0.012649054674149684,0.7784090908976731,0.7806267806249476,0.9999999999107956,0.057503276143728355
70.41760440110028,1.071036046009156,-0.011368327541819307,0.7784090908974767,0.7806267806249202,0.9999999999099882,0.05750327614377858
70.44261065266316,1.0707679288692407,-0.010073482065835063,0.7784090908972829,0.7806267806248922,0.9999999999092614,0.05750327614382832
70.46761690422606,1.0705323482321902,-0.008766367037984245,0.7784090908970923,0.7806267806248636,0.9999999999086178,0.05750327614387751
70.49262315578895,1.0703295876853327,-0.007448841868321018,0.778409090896905,0.7806267806248345,0.9999999999080602,0.05750327614392608
70.51762940735185,1.0701598842101305,-0.00612277443812466,0.778409090896722,0.780626780624805,0.999999999907591,0.057503276143973756
70.54263565891473,1.0700234279928709,-0.004790038932199212,0.7784090908965434,0.780626780624775,0.9999999999072119,0.05750327614402054
70.56764191047762,1.0699203622978861,-0.0034525137334943876,0.77840909089637,0.7806267806247448,0.9999999999069246,0.05750327614406622
70.59264816204052,1.0698507833884923,-0.002112079315130214,0.7784090908962021,0.7806267806247141,0.99999999990673,0.057503276144110764
70.6176544136034,1.0698147404994323,-0.0007706161249894708,0.7784090908960402,0.7806267806246834,0.9999999999066291,0.05750327614415402
70.64266066516629,1.0698122358647268,0.0005699975084928564,0.7784090908958846,0.7806267806246524,0.9999999999066221,0.05750327614419585
70.66766691672919,1.069843224796802,0.0019078874500006152,0.778409090895736,0.7806267806246214,0.9999999999067088,0.05750327614423612
70.69267316829207,1.0699076158170029,0.0032411858393489017,0.7784090908955946,0.7806267806245902,0.9999999999068889,0.05750327614427486
70.71767941985496,1.0700052708384835,0.004568033158149512,0.778409090895461,0.7806267806245593,0.9999999999071614,0.05750327614431179
70.74268567141786,1.070136005400716,0.00588658029241703,0.7784090908953352,0.7806267806245283,0.9999999999075248,0.05750327614434695
70.76769192298075,1.0702995889553,0.007194990584607915,0.7784090908952179,0.7806267806244975,0.9999999999079774,0.05750327614438015
70.79269817454364,1.0704957452025123,0.008491441880895555,0.7784090908951093,0.780626780624467,0.9999999999085174,0.05750327614441135
70.81770442610653,1.0707241524798294,0.009774128580675421,0.7784090908950095,0.7806267806244368,0.9999999999091421,0.05750327614444049
70.84271067766942,1.0709844442039407,0.011041263686097445,0.7784090908949189,0.7806267806244069,0.9999999999098488,0.057503276144467506
70.86771692923232,1.0712762093569363,0.012291080813560324,0.7784090908948378,0.7806267806243774,0.9999999999106345,0.057503276144492355
70.8927231807952,1.071598993027158,0.013521836235784224,0.7784090908947663,0.7806267806243484,0.9999999999114957,0.05750327614451488
70.91772943235809,1.0719522970102664,0.014731810940625477,0.7784090908947043,0.78062678062432,0.9999999999124287,0.057503276144535154
70.94273568392099,1.0723355804399397,0.015919312605140946,0.7784090908946523,0.7806267806242922,0.9999999999134299,0.057503276144553056
70.96774193548387,1.0727482604835932,0.017082677639007286,0.7784090908946102,0.7806267806242652,0.9999999999144951,0.05750327614456856
70.99274818704677,1.0731897131010852,0.018220273237126383,0.778409090894578,0.7806267806242388,0.99999999991562,0.05750327614458166
71.01775443860966,1.0736592738115944,0.019330499310307,0.7784090908945557,0.7806267806242132,0.9999999999168003,0.057503276144592406
71.04276069017254,1.0741562385630796,0.020411790569841156,0.7784090908945434,0.7806267806241886,0.9999999999180316,0.057503276144600705
71.06776694173544,1.0746798646189335,0.021462618490037996,0.7784090908945409,0.7806267806241647,0.9999999999193092,0.057503276144606603
71.09277319329833,1.0752293714825296,0.022481493265327068,0.7784090908945482,0.7806267806241418,0.9999999999206284,0.05750327614461005
71.11777944486121,1.0758039419395329,0.023466965887645092,0.7784090908945651,0.7806267806241199,0.9999999999219849,0.057503276144611176
71.14278569642411,1.0764027230319226,0.024417629972210305,0.7784090908945915,0.7806267806240991,0.9999999999233737,0.05750327614460993
71.167791947987,1.0770248272279561,0.025332123865552864,0.7784090908946273,0.7806267806240794,0.9999999999247906,0.05750327614460628
71.19279819954988,1.077669333490062,0.026209132441989403,0.7784090908946721,0.7806267806240608,0.9999999999262308,0.0575032761446004
71.21780445111278,1.0783352885182045,0.027047389124115903,0.7784090908947259,0.7806267806240433,0.9999999999276901,0.05750327614459223
71.24281070267567,1.079021707961897,0.027845677728655857,0.7784090908947884,0.780626780624027,0.9999999999291638,0.057503276144581866
71.26781695423857,1.079727577694819,0.028602834333456097,0.7784090908948591,0.7806267806240119,0.9999999999306481,0.05750327614456935
71.29282320580145,1.080451855188698,0.029317749173703025,0.7784090908949379,0.7806267806239982,0.9999999999321387,0.05750327614455477
71.31782945736434,1.0811934708139221,0.029989368359150708,0.7784090908950244,0.7806267806239855,0.9999999999336319,0.057503276144538165
71.34283570892724,1.0819513293637093,0.030616695773686742,0.7784090908951184,0.7806267806239742,0.9999999999351238,0.057503276144519604
71.36784196049013,1.0827243113929754,0.03119879466614809,0.7784090908952196,0.7806267806239642,0.9999999999366109,0.05750327614449912
71.39284821205301,1.083511274867338,0.03173478949601823,0.7784090908953274,0.7806267806239554,0.99999999993809,0.05750327614447688
71.41785446361591,1.0843110565662821,0.032223867424573116,0.7784090908954416,0.780626780623948,0.9999999999395577,0.05750327614445293
71.4428607151788,1.0851224738071155,0.03266528003788414,0.7784090908955618,0.7806267806239418,0.9999999999410112,0.057503276144427365
71.4678669667417,1.0859443259780543,0.03305834478361334,0.7784090908956877,0.780626780623937,0.9999999999424478,0.057503276144400164
71.49287321830458,1.0867753962230389,0.03340244646940604,0.7784090908958188,0.7806267806239333,0.999999999943865,0.05750327614437156
71.51787946986747,1.087614453254887,0.03369703872694826,0.7784090908959548,0.7806267806239311,0.9999999999452605,0.05750327614434154
71.54288572143037,1.0884602528028438,0.033941645159064525,0.7784090908960953,0.7806267806239301,0.9999999999466318,0.05750327614431021
71.56789197299325,1.0893115398613322,0.03413586087758008,0.77840909089624,0.7806267806239304,0.9999999999479776,0.057503276144277665
71.59289822455614,1.0901670498573275,0.034279353304519006,0.7784090908963884,0.780626780623932,0.9999999999492957,0.057503276144243984
71.61790447611904,1.091025511107503,0.03437186359537189,0.7784090908965402,0.7806267806239346,0.9999999999505849,0.05750327614420936
71.64291072768192,1.091885646393909,0.034413207436730445,0.7784090908966951,0.7806267806239386,0.9999999999518436,0.05750327614417368
71.66791697924481,1.092746174353563,0.03440327578325892,0.7784090908968526,0.7806267806239439,0.999999999953071,0.057503276144137166
71.69292323080771,1.0936058125061483,0.034342036041061876,0.7784090908970124,0.7806267806239502,0.9999999999542657,0.057503276144099884
71.7179294823706,1.0944632782474373,0.03422953236766072,0.7784090908971742,0.7806267806239576,0.9999999999554272,0.057503276144061886
71.74293573393349,1.095317290781489,0.034065886293225704,0.7784090908973377,0.7806267806239662,0.9999999999565548,0.0575032761440233
71.76794198549638,1.0961665737902937,0.03385129726760416,0.7784090908975025,0.780626780623976,0.9999999999576477,0.0575032761439841
71.79294823705926,1.0970098565649575,0.033586042828761944,0.7784090908976683,0.7806267806239866,0.9999999999587057,0.057503276143944515
71.81795448862216,1.0978458764664123,0.03327047883508281,0.7784090908978348,0.7806267806239983,0.9999999999597284,0.05750327614390453
71.84296074018505,1.0986733807525713,0.03290503947175763,0.7784090908980018,0.780626780624011,0.9999999999607159,0.057503276143864204
71.86796699174793,1.0994911283653055,0.032490237183433184,0.7784090908981689,0.7806267806240246,0.9999999999616679,0.05750327614382365
71.89297324331083,1.1002978922730682,0.03202666235058954,0.7784090908983359,0.7806267806240392,0.9999999999625846,0.057503276143782894
71.91797949487372,1.101092460925012,0.03151498300692368,0.7784090908985024,0.7806267806240546,0.9999999999634659,0.05750327614374212
71.94298574643662,1.101873640668046,0.03095594415798726,0.7784090908986685,0.7806267806240708,0.9999999999643121,0.05750327614370121
71.9679919979995,1.1026402572443086,0.030350367236987454,0.7784090908988336,0.7806267806240877,0.9999999999651235,0.05750327614366035
71.99299824956239,1.1033911580395823,0.029699149103330522,0.7784090908989976,0.7806267806241056,0.9999999999659004,0.05750327614361954
72.01800450112529,1.1041252136692412,0.029003261191204822,0.7784090908991603,0.780626780624124,0.9999999999666431,0.057503276143578884
72.04301075268818,1.1048413200741523,0.028263748197116932,0.7784090908993215,0.7806267806241433,0.9999999999673521,0.05750327614353838
72.06801700425106,1.1055384001190236,0.027481726918647278,0.7784090908994812,0.780626780624163,0.9999999999680278,0.057503276143498136
72.09302325581396,1.1062154055780529,0.02665838461740737,0.778409090899639,0.7806267806241833,0.9999999999686705,0.0575032761434582
72.11802950737685,1.106871318686886,0.025794977559541733,0.7784090908997947,0.7806267806242043,0.999999999969281,0.05750327614341855
72.14303575893973,1.107505154026526,0.024892829050386988,0.7784090908999484,0.7806267806242257,0.9999999999698597,0.057503276143379266
72.16804201050263,1.1081159600084014,0.023953327673644113,0.7784090909000997,0.7806267806242477,0.9999999999704068,0.05750327614334037
72.19304826206552,1.1087028206285363,0.022977925028037218,0.7784090909002487,0.78062678062427,0.9999999999709233,0.057503276143301946
72.21805451362842,1.109264856897681,0.02196813362926731,0.7784090909003951,0.7806267806242928,0.9999999999714095,0.05750327614326397
72.2430607651913,1.109801228410804,0.020925524430552837,0.7784090909005389,0.7806267806243159,0.9999999999718658,0.057503276143226534
72.26806701675419,1.110311134750976,0.019851724313173506,0.7784090909006799,0.7806267806243393,0.9999999999722929,0.05750327614318966
72.29307326831709,1.1107938168352207,0.018748413473823045,0.7784090909008181,0.7806267806243631,0.9999999999726912,0.05750327614315329
72.31807951987997,1.1112485582640785,0.01761732251604436,0.7784090909009533,0.780626780624387,0.9999999999730613,0.05750327614311762
72.34308577144286,1.1116746864852858,0.016460229650526237,0.7784090909010855,0.7806267806244112,0.9999999999734035,0.05750327614308253
72.36809202300576,1.1120715739925109,0.015278957558269083,0.7784090909012146,0.7806267806244355,0.9999999999737182,0.057503276143048135
72.39309827456864,1.1124386393811077,0.014075370253409379,0.7784090909013405,0.78062678062446,0.9999999999740061,0.05750327614301438
72.41810452613153,1.1127753483301581,0.01285136986484573,0.7784090909014632,0.7806267806244845,0.9999999999742674,0.057503276142981355
72.44311077769443,1.113081214538116,0.011608893194247521,0.7784090909015825,0.7806267806245093,0.9999999999745024,0.05750327614294903
72.46811702925731,1.1133558005275037,0.010349908316957543,0.7784090909016986,0.7806267806245341,0.9999999999747116,0.05750327614291741
72.49312328082021,1.1135987183865872,0.009076411048338433,0.7784090909018113,0.7806267806245588,0.9999999999748952,0.057503276142886584
72.5181295323831,1.113809630426161,0.007790421293979657,0.7784090909019206,0.7806267806245836,0.9999999999750535,0.05750327614285654
72.54313578394598,1.1139882497283113,0.006493979408450244,0.7784090909020264,0.7806267806246082,0.9999999999751868,0.05750327614282727
72.56814203550888,1.114134340612068,0.0051891424753937225,0.7784090909021286,0.7806267806246329,0.9999999999752953,0.0575032761427988
72.59314828707177,1.114247719007827,0.003877980520863901,0.7784090909022273,0.7806267806246573,0.9999999999753793,0.05750327614277116
72.61815453863466,1.1143282527320084,0.0025625727084200266,0.7784090909023225,0.7806267806246817,0.9999999999754386,0.05750327614274435
72.64316079019756,1.1143758616669803,0.0012450035266899809,0.7784090909024141,0.7806267806247059,0.9999999999754737,0.05750327614271838
72.66816704176044,1.1143905178468745,-7.264105607437303e-05,0.778409090902502,0.7806267806247301,0.9999999999754845,0.057503276142693224
72.69317329332334,1.114372245446758,-0.001388277438818362,0.7784090909025863,0.780626780624754,0.9999999999754711,0.057503276142668966
72.71817954488623,1.1143211206750736,-0.0026998282186376362,0.7784090909026669,0.7806267806247776,0.9999999999754334,0.0575032761426456
72.74318579644911,1.114237271571038,-0.004005226008816711,0.7784090909027437,0.7806267806248011,0.9999999999753715,0.05750327614262311
72.76819204801201,1.1141208777066731,-0.005302417226760744,0.7784090909028168,0.7806267806248242,0.9999999999752853,0.05750327614260152
72.7931982995749,1.1139721697948173,-0.0065893658422115356,0.7784090909028862,0.780626780624847,0.9999999999751749,0.05750327614258084
72.81820455113778,1.1137914292041196,-0.00786405707774936,0.7784090909029519,0.7806267806248696,0.99999999997504,0.057503276142561045
72.84321080270068,1.113578987380654,-0.009124501058522612,0.7784090909030137,0.7806267806248918,0.9999999999748803,0.057503276142542206
72.86821705426357,1.1133352251809157,-0.01036873638013393,0.7784090909030716,0.7806267806249135,0.999999999974696,0.057503276142524325
72.89322330582645,1.1130605721172762,-0.011594833597644662,0.7784090909031258,0.780626780624935,0.9999999999744866,0.05750327614250737
72.91822955738935,1.1127555055169038,-0.01280089864027458,0.778409090903176,0.780626780624956,0.999999999974252,0.057503276142491386
72.94323580895224,1.1124205495880626,-0.013985076151013343,0.7784090909032224,0.7806267806249767,0.9999999999739919,0.05750327614247635
72.96824206051514,1.1120562744203077,-0.015145552660722636,0.7784090909032648,0.7806267806249969,0.9999999999737061,0.0575032761424623
72.99324831207802,1.1116632949002498,-0.01628055969509848,0.7784090909033032,0.7806267806250168,0.9999999999733944,0.057503276142449225
73.01825456364091,1.1112422695323463,-0.017388376804612624,0.7784090909033378,0.7806267806250361,0.9999999999730562,0.05750327614243717
73.04326081520381,1.1107938992190565,-0.018467334365013424,0.7784090909033683,0.780626780625055,0.9999999999726914,0.05750327614242609
73.0682670667667,1.1103189259577826,-0.01951581631951115,0.7784090909033948,0.7806267806250733,0.9999999999722995,0.05750327614241603
73.09327331832958,1.1098181314399775,-0.02053226282750183,0.7784090909034171,0.7806267806250912,0.99999999997188,0.05750327614240704
73.11827956989248,1.1092923356550377,-0.02151517262096114,0.7784090909034355,0.7806267806251086,0.9999999999714331,0.057503276142399015
73.14328582145536,1.1087423953695446,-0.02246310538834175,0.7784090909034496,0.7806267806251254,0.9999999999709578,0.0575032761423921
73.16829207301826,1.1081692025692502,-0.023374683913388084,0.7784090909034596,0.7806267806251417,0.9999999999704541,0.057503276142386206
73.19329832458115,1.1075736829015115,-0.024248596024745037,0.7784090909034652,0.7806267806251573,0.9999999999699215,0.057503276142381425
73.21830457614404,1.1069567939481393,-0.025083596557465986,0.7784090909034665,0.7806267806251724,0.9999999999693596,0.05750327614237774
73.24331082770694,1.1063195236191465,-0.02587850890218539,0.7784090909034638,0.7806267806251869,0.9999999999687683,0.057503276142375145
73.26831707926982,1.105662888336115,-0.02663222667593715,0.7784090909034564,0.7806267806252007,0.9999999999681469,0.05750327614237369
73.2933233308327,1.1049879313147968,-0.027343714985937913,0.7784090909034448,0.7806267806252141,0.9999999999674953,0.05750327614237333
73.3183295823956,1.10429572074667,-0.02801201170802465,0.7784090909034287,0.7806267806252267,0.9999999999668132,0.0575032761423741
73.34333583395849,1.1035873479324747,-0.02863622852169778,0.7784090909034082,0.7806267806252387,0.9999999999661005,0.05750327614237601
73.36834208552138,1.1028639255063029,-0.029215551780297125,0.7784090909033831,0.78062678062525,0.9999999999653567,0.05750327614237913
73.39334833708428,1.1021265854346083,-0.029749243304068893,0.7784090909033534,0.7806267806252607,0.9999999999645819,0.05750327614238339
73.41835458864716,1.1013764772830137,-0.030236640882197206,0.7784090909033192,0.7806267806252706,0.9999999999637759,0.05750327614238883
73.44336084021006,1.1006147661172605,-0.030677158790703218,0.7784090909032803,0.7806267806252798,0.9999999999629385,0.05750327614239552
73.46836709177295,1.0998426308079976,-0.031070287975736258,0.7784090909032366,0.7806267806252883,0.99999999996207,0.057503276142403414
73.49337334333583,1.0990612618682467,-0.03141559626688482,0.7784090909031883,0.7806267806252961,0.9999999999611704,0.0575032761424125
73.51837959489873,1.0982718597880452,-0.0317127282964147,0.7784090909031353,0.7806267806253032,0.9999999999602398,0.05750327614242285
73.54338584646162,1.0974756328597572,-0.031961405375218056,0.7784090909030774,0.7806267806253094,0.9999999999592786,0.05750327614243442
73.5683920980245,1.0966737954900403,-0.03216142521483925,0.7784090909030147,0.780626780625315,0.9999999999582871,0.057503276142447254
73.5933983495874,1.0958675661455304,-0.03231266143263894,0.7784090909029472,0.7806267806253198,0.999999999957266,0.057503276142461326
73.61840460115029,1.0950581654611893,-0.032415063126635404,0.7784090909028748,0.7806267806253238,0.9999999999562157,0.057503276142476696
73.64341085271319,1.0942468145844257,-0.03246865404133851,0.7784090909027975,0.7806267806253269,0.9999999999551368,0.05750327614249333
73.66841710427607,1.0934347328368148,-0.032473531929423746,0.7784090909027153,0.7806267806253292,0.9999999999540304,0.05750327614251128
73.69342335583896,1.0926231365678052,-0.032429867584638145,0.7784090909026282,0.7806267806253308,0.9999999999528975,0.05750327614253045
73.71842960740186,1.0918132366632616,-0.032337903742715786,0.7784090909025364,0.7806267806253314,0.999999999951739,0.057503276142550935
73.74343585896474,1.0910062369498783,-0.032197954171257814,0.7784090909024396,0.7806267806253313,0.9999999999505563,0.05750327614257267
73.76844211052763,1.0902033331164294,-0.032010402382761795,0.778409090902338,0.7806267806253303,0.999999999949351,0.057503276142595705
73.79344836209053,1.0894057097851537,-0.03177570011877156,0.7784090909022316,0.7806267806253284,0.9999999999481244,0.05750327614262002
73.81845461365342,1.088614539545859,-0.031494366401145196,0.7784090909021205,0.7806267806253258,0.9999999999468783,0.05750327614264555
73.8434608652163,1.0878309815177032,-0.031166985773155156,0.7784090909020047,0.7806267806253222,0.9999999999456148,0.05750327614267231
73.8684671167792,1.087056179024711,-0.030794206754358292,0.7784090909018843,0.7806267806253178,0.9999999999443359,0.05750327614270035
73.89347336834209,1.0862912586374622,-0.030376740494395604,0.7784090909017594,0.7806267806253124,0.9999999999430438,0.057503276142729584
73.91847961990499,1.0855373282956267,-0.02991535884085421,0.77840909090163,0.7806267806253061,0.9999999999417408,0.05750327614276003
73.94348587146787,1.0847954758040796,-0.029410892781175382,0.7784090909014963,0.780626780625299,0.9999999999404297,0.05750327614279162
73.96849212303076,1.0840667676659865,-0.028864230706151572,0.7784090909013586,0.7806267806252911,0.9999999999391131,0.0575032761428243
73.99349837459366,1.083352247253421,-0.028276316420965456,0.7784090909012166,0.7806267806252822,0.9999999999377939,0.05750327614285817
74.01850462615654,1.0826529338543591,-0.02764814754513827,0.7784090909010709,0.7806267806252724,0.999999999936475,0.05750327614289307
74.04351087771943,1.0819698210009616,-0.02698077335146642,0.7784090909009214,0.7806267806252617,0.9999999999351598,0.05750327614292903
74.06851712928233,1.0813038754857265,-0.026275293110349734,0.7784090909007684,0.7806267806252501,0.9999999999338514,0.05750327614296593
74.09352338084521,1.0806560359073354,-0.025532853889478336,0.7784090909006123,0.7806267806252377,0.9999999999325531,0.057503276143003754
74.11852963240811,1.0800272116872187,-0.024754648809508815,0.778409090900453,0.7806267806252245,0.9999999999312688,0.05750327614304249
74.143535883971,1.0794182817830802,-0.0239419148330616,0.7784090909002908,0.7806267806252103,0.9999999999300015,0.05750327614308207
74.16854213553388,1.0788300937609172,-0.02309593095630354,0.7784090909001261,0.7806267806251953,0.9999999999287554,0.057503276143122374
74.19354838709678,1.0782634626352925,-0.022218015983020107,0.7784090908999592,0.7806267806251794,0.999999999927534,0.057503276143163355
74.21855463865967,1.0777191700277964,-0.02130952668145645,0.7784090908997903,0.7806267806251628,0.999999999926341,0.05750327614320503
74.24356089022255,1.077197963119865,-0.020371855547698027,0.7784090908996197,0.7806267806251453,0.9999999999251802,0.05750327614324719
74.26856714178545,1.0767005539007737,-0.01940642893435319,0.7784090908994478,0.780626780625127,0.9999999999240554,0.057503276143289886
74.29357339334834,1.0762276182437518,-0.018414704832468674,0.7784090908992748,0.7806267806251079,0.9999999999229702,0.057503276143333
74.31857964491122,1.075779795223661,-0.017398170946213126,0.7784090908991013,0.7806267806250882,0.9999999999219283,0.05750327614337635
74.34358589647412,1.0753576863441832,-0.016358342555325107,0.7784090908989273,0.7806267806250677,0.9999999999209334,0.05750327614341997
74.36859214803701,1.0749618548972635,-0.015296760479515234,0.7784090908987534,0.7806267806250465,0.9999999999199889,0.05750327614346377
74.39359839959991,1.0745928253567336,-0.014214989071819124,0.7784090908985801,0.7806267806250247,0.9999999999190982,0.05750327614350754
74.4186046511628,1.0742510827872005,-0.013114614084607755,0.7784090908984077,0.7806267806250021,0.9999999999182645,0.05750327614355128
74.44361090272568,1.0739370723711863,-0.011997240732496495,0.7784090908982365,0.780626780624979,0.9999999999174909,0.05750327614359487
74.46861715428858,1.0736511989174604,-0.01086449158265121,0.778409090898067,0.7806267806249554,0.9999999999167801,0.05750327614363823
74.49362340585147,1.0733938264664196,-0.009718004553554174,0.7784090908978994,0.7806267806249312,0.9999999999161351,0.05750327614368123
74.51862965741435,1.0731652779344603,-0.008559430926653658,0.7784090908977346,0.7806267806249065,0.9999999999155582,0.05750327614372376
74.54363590897725,1.072965834792875,-0.007390433282939176,0.7784090908975725,0.7806267806248814,0.9999999999150514,0.05750327614376577
74.56864216054014,1.0727957368209766,-0.0062126835422556285,0.7784090908974138,0.7806267806248559,0.9999999999146167,0.05750327614380708
74.59364841210304,1.0726551818943957,-0.005027860969747275,0.7784090908972588,0.78062678062483,0.999999999914256,0.05750327614384766
74.61865466366592,1.072544325823324,-0.003837650169112055,0.778409090897108,0.7806267806248038,0.9999999999139704,0.057503276143887366
74.6436609152288,1.0724632822469515,-0.0026437391240739204,0.7784090908969616,0.7806267806247775,0.999999999913761,0.057503276143926106
74.6686671667917,1.0724121225731416,-0.0014478172375937428,0.7784090908968202,0.7806267806247509,0.9999999999136285,0.057503276143963826
74.69367341835459,1.072390875966208,-0.00025157336445676555,0.7784090908966841,0.780626780624724,0.9999999999135734,0.057503276144000394
74.71867966991748,1.0723995293857789,0.0009433061400125533,0.7784090908965536,0.7806267806246971,0.9999999999135959,0.05750327614403566
74.74368592148038,1.072438027673657,0.0021351393531258,0.7784090908964291,0.7806267806246702,0.9999999999136956,0.05750327614406967
74.76869217304326,1.0725062736885729,0.0033222507230478327,0.7784090908963107,0.7806267806246433,0.9999999999138721,0.05750327614410223
74.79369842460615,1.0726041284896801,0.004502972995914182,0.7784090908961991,0.7806267806246163,0.9999999999141246,0.057503276144133336
74.81870467616905,1.0727314115683941,0.00567564913743576,0.7784090908960943,0.7806267806245897,0.9999999999144519,0.05750327614416283
74.84371092773193,1.0728879011275272,0.006838634241131152,0.7784090908959966,0.780626780624563,0.9999999999148526,0.05750327614419072
74.86871717929483,1.0730733344080219,0.007990297432638826,0.7784090908959064,0.7806267806245367,0.9999999999153248,0.05750327614421687
74.89372343085772,1.0732874080636001,0.009129023772755488,0.7784090908958237,0.7806267806245106,0.999999999915867,0.05750327614424125
74.9187296824206,1.0735297785858988,0.010253216160607523,0.7784090908957487,0.780626780624485,0.9999999999164765,0.05750327614426383
74.9437359339835,1.0738000627693427,0.011361297193642261,0.7784090908956818,0.7806267806244597,0.9999999999171509,0.057503276144284486
74.96874218554639,1.0740978382272837,0.012451711055417139,0.778409090895623,0.7806267806244348,0.9999999999178879,0.057503276144303256
74.99374843710928,1.0744226439642504,0.013522925415310603,0.7784090908955723,0.7806267806244105,0.999999999918684,0.05750327614432008
75.01875468867217,1.0747739809738208,0.014573433242095729,0.77840909089553,0.7806267806243866,0.9999999999195366,0.05750327614433492
75.04376094023506,1.0751513128983012,0.015601754682221169,0.7784090908954959,0.7806267806243634,0.9999999999204423,0.05750327614434777
75.06876719179795,1.075554066744791,0.016606438934767546,0.7784090908954702,0.7806267806243409,0.9999999999213978,0.057503276144358594
75.09377344336085,1.0759816336077836,0.017586066012439058,0.7784090908954528,0.780626780624319,0.9999999999223996,0.05750327614436738
75.11877969492373,1.0764333694900392,0.01853924864354141,0.7784090908954439,0.7806267806242979,0.9999999999234441,0.057503276144374095
75.14378594648663,1.076908596129872,0.019464634037194874,0.7784090908954433,0.7806267806242776,0.9999999999245279,0.05750327614437879
75.16879219804952,1.077406601873877,0.020360905665688028,0.7784090908954509,0.780626780624258,0.999999999925647,0.05750327614438145
75.1937984496124,1.0779266426470477,0.021226785121216958,0.7784090908954665,0.7806267806242394,0.9999999999267981,0.057503276144382116
75.2188047011753,1.0784679428635582,0.022061033755435992,0.7784090908954902,0.7806267806242217,0.9999999999279772,0.057503276144380756
75.24381095273819,1.0790296965211599,0.022862454567829597,0.7784090908955217,0.7806267806242049,0.9999999999291808,0.05750327614437747
75.26881720430107,1.0796110681832025,0.023629893781361683,0.778409090895561,0.780626780624189,0.9999999999304052,0.05750327614437218
75.29382345586397,1.0802111941518564,0.02436224266186977,0.7784090908956077,0.7806267806241741,0.999999999931647,0.057503276144365026
75.31882970742686,1.0808291835646013,0.025058439100592165,0.7784090908956617,0.7806267806241604,0.9999999999329026,0.05750327614435602
75.34383595898976,1.0814641196055947,0.02571746929842602,0.7784090908957229,0.7806267806241475,0.9999999999341685,0.05750327614434516
75.36884221055264,1.0821150607364087,0.02633836936654685,0.7784090908957908,0.7806267806241358,0.9999999999354416,0.057503276144332524
75.39384846211553,1.0827810419357213,0.026920226868973007,0.7784090908958654,0.7806267806241252,0.9999999999367186,0.05750327614431814
75.41885471367843,1.0834610760543812,0.02746218240464572,0.7784090908959463,0.7806267806241155,0.9999999999379966,0.05750327614430216
75.44386096524131,1.0841541550966007,0.027963431029401204,0.7784090908960333,0.7806267806241071,0.9999999999392726,0.057503276144284535
75.4688672168042,1.084859251668476,0.02842322376444021,0.7784090908961261,0.7806267806240996,0.9999999999405436,0.057503276144265356
75.4938734683671,1.085575320335277,0.028840868929962113,0.7784090908962243,0.7806267806240933,0.9999999999418072,0.057503276144244726
75.51887971992998,1.08630129910155,0.029215733509649188,0.7784090908963277,0.7806267806240882,0.9999999999430609,0.05750327614422266
75.54388597149287,1.0870361109218767,0.02954724444591488,0.7784090908964361,0.7806267806240841,0.9999999999443023,0.05750327614419927
75.56889222305577,1.0877786650950783,0.029834889769306597,0.778409090896549,0.7806267806240812,0.9999999999455293,0.05750327614417458
75.59389847461865,1.0885278590536083,0.030078219911083306,0.7784090908966661,0.7806267806240794,0.9999999999467399,0.057503276144148685
75.61890472618155,1.0892825795428456,0.030276848532179435,0.7784090908967872,0.7806267806240786,0.9999999999479323,0.057503276144121665
75.64391097774444,1.0900417047348105,0.030430453827871195,0.7784090908969121,0.780626780624079,0.9999999999491047,0.057503276144093576
75.66891722930733,1.0908041053016977,0.0305387791458471,0.7784090908970402,0.7806267806240804,0.9999999999502556,0.05750327614406449
75.69392348087023,1.0915686464445082,0.030601634028800895,0.7784090908971714,0.7806267806240829,0.9999999999513836,0.05750327614403451
75.71892973243311,1.092334189664276,0.030618894970144913,0.7784090908973054,0.7806267806240864,0.9999999999524873,0.057503276144003634
75.743935983996,1.0930995935920522,0.03059050578634604,0.7784090908974417,0.780626780624091,0.9999999999535659,0.05750327614397202
75.7689422355589,1.093863716850301,0.03051647855810764,0.7784090908975801,0.7806267806240965,0.9999999999546183,0.05750327614393972
75.79394848712178,1.0946254192687401,0.030396893930163423,0.7784090908977205,0.7806267806241031,0.9999999999556435,0.057503276143906754
75.81895473868468,1.0953835631096902,0.030231901324821116,0.7784090908978624,0.7806267806241106,0.9999999999566409,0.0575032761438732
75.84396099024757,1.0961370155942056,0.030021719368049368,0.7784090908980057,0.780626780624119,0.9999999999576101,0.057503276143839155
75.86896724181045,1.0968846501802039,0.029766635939919385,0.7784090908981499,0.7806267806241284,0.9999999999585503,0.05750327614380471
75.89397349337335,1.0976253482403882,0.029467008212888227,0.7784090908982949,0.7806267806241386,0.9999999999594611,0.05750327614376985
75.91897974493624,1.0983580012408776,0.029123262512552275,0.7784090908984406,0.7806267806241497,0.9999999999603424,0.05750327614373468
75.94398599649912,1.0990815118722368,0.028735894152773212,0.7784090908985863,0.7806267806241616,0.9999999999611939,0.05750327614369932
75.96899224806202,1.0997947962876173,0.028305466998398303,0.7784090908987322,0.7806267806241742,0.9999999999620155,0.05750327614366375
75.99399849962491,1.1004967854677437,0.02783261306944546,0.7784090908988779,0.7806267806241877,0.9999999999628071,0.057503276143628046
76.0190047511878,1.1011864270949094,0.02731803187383963,0.7784090908990232,0.7806267806242019,0.9999999999635687,0.05750327614359224
76.0440110027507,1.101862687175945,0.026762489695489264,0.778409090899168,0.7806267806242168,0.9999999999643003,0.057503276143556416
76.06901725431358,1.1025245516834776,0.026166818725512315,0.778409090899312,0.7806267806242322,0.9999999999650022,0.05750327614352064
76.09402350587648,1.1031710282461316,0.025531916036689497,0.778409090899455,0.7806267806242484,0.9999999999656745,0.05750327614348491
76.11902975743936,1.1038011476928533,0.02485874247783749,0.7784090908995969,0.7806267806242652,0.9999999999663172,0.057503276143449314
76.14403600900225,1.1044139656879999,0.02414832137531964,0.7784090908997373,0.7806267806242825,0.9999999999669308,0.057503276143413926
76.16904226056515,1.105008564240731,0.023401737145223353,0.7784090908998764,0.7806267806243002,0.9999999999675154,0.05750327614337873
76.19404851212803,1.1055840532217343,0.02262013376769033,0.7784090909000139,0.7806267806243186,0.9999999999680715,0.057503276143343794
76.21905476369092,1.1061395718551437,0.021804713080751208,0.7784090909001496,0.7806267806243373,0.9999999999685991,0.057503276143309114
76.24406101525382,1.1066742900900428,0.02095673306311881,0.7784090909002834,0.7806267806243565,0.9999999999690989,0.057503276143274766
76.2690672668167,1.1071874100585626,0.020077505802651142,0.7784090909004152,0.7806267806243762,0.9999999999695709,0.057503276143240814
76.2940735183796,1.1076781673104157,0.019168395587920717,0.7784090909005448,0.780626780624396,0.9999999999700157,0.05750327614320728
76.31907976994249,1.108145832187346,0.018230816598134223,0.7784090909006721,0.7806267806244164,0.9999999999704334,0.05750327614317416
76.34408602150538,1.108589710958767,0.017266230751746364,0.7784090909007971,0.7806267806244369,0.9999999999708244,0.0575032761431415
76.36909227306828,1.109009147041341,0.016276145227878173,0.7784090909009197,0.7806267806244578,0.9999999999711893,0.057503276143109315
76.39409852463116,1.109403522081508,0.015262109979748592,0.7784090909010398,0.7806267806244788,0.9999999999715281,0.05750327614307765
76.41910477619405,1.109772256977024,0.014225715180587463,0.7784090909011573,0.7806267806245001,0.9999999999718414,0.057503276143046525
76.44411102775695,1.110114812885011,0.01316858842719829,0.778409090901272,0.7806267806245215,0.9999999999721293,0.05750327614301598
76.46911727931983,1.1104306920863531,0.012092392036241158,0.778409090901384,0.780626780624543,0.9999999999723921,0.05750327614298603
76.49412353088272,1.1107194388377675,0.010998820124174327,0.7784090909014931,0.7806267806245647,0.9999999999726303,0.057503276142956666
76.51912978244562,1.1109806401330389,0.009889595622446123,0.7784090909015995,0.7806267806245865,0.999999999972844,0.05750327614292794
76.5441360340085,1.1112139263702945,0.008766467306807956,0.778409090901703,0.7806267806246082,0.9999999999730333,0.057503276142899844
76.5691422855714,1.1114189719721093,0.007631206665562285,0.7784090909018032,0.7806267806246301,0.9999999999731987,0.05750327614287244
76.59414853713429,1.111595495913121,0.0064856047361423474,0.7784090909019005,0.7806267806246519,0.9999999999733402,0.057503276142845755
76.61915478869717,1.1117432621627026,0.0053314689424553904,0.7784090909019947,0.7806267806246737,0.9999999999734581,0.057503276142819706
76.64416104026007,1.1118620800590686,0.0041706198347655045,0.7784090909020858,0.7806267806246954,0.9999999999735525,0.05750327614279443
76.66916729182296,1.1119518045966277,0.003004887807077022,0.7784090909021737,0.7806267806247171,0.9999999999736237,0.057503276142769816
76.69417354338584,1.112012336629358,0.0018361098100763177,0.7784090909022583,0.7806267806247387,0.9999999999736715,0.05750327614274601
76.71917979494874,1.1120436229936357,0.0006661260413078805,0.7784090909023398,0.7806267806247601,0.9999999999736962,0.05750327614272292
76.74418604651163,1.1120456565484826,-0.0005032233815092612,0.7784090909024179,0.7806267806247813,0.9999999999736978,0.057503276142700635
76.76919229807453,1.112018476131832,-0.0016701017393428359,0.7784090909024928,0.7806267806248024,0.9999999999736764,0.057503276142679124
76.79419854963741,1.1119621664340036,-0.0028326790192601155,0.7784090909025642,0.7806267806248233,0.9999999999736319,0.05750327614265845
76.8192048012003,1.1118768577889615,-0.0039891352026666035,0.7784090909026323,0.780626780624844,0.9999999999735643,0.057503276142638476
76.8442110527632,1.111762725883662,-0.005137663528642138,0.778409090902697,0.7806267806248645,0.9999999999734737,0.0575032761426194
76.86921730432609,1.1116199913859526,-0.006276473722258788,0.7784090909027582,0.7806267806248846,0.9999999999733598,0.057503276142601166
76.89422355588897,1.111448919491808,-0.007403795180390968,0.7784090909028161,0.7806267806249045,0.9999999999732228,0.0575032761425837
76.91922980745187,1.1112498193950353,-0.008517880094818336,0.7784090909028704,0.7806267806249242,0.9999999999730623,0.0575032761425671
76.94423605901476,1.1110230436794306,-0.009617006522228794,0.7784090909029212,0.7806267806249435,0.9999999999728784,0.05750327614255139
76.96924231057764,1.110768987633227,-0.010699481396673713,0.7784090909029684,0.7806267806249625,0.999999999972671,0.05750327614253653
76.99424856214054,1.110488088487205,-0.011763643465274224,0.778409090903012,0.780626780624981,0.9999999999724396,0.0575032761425226
77.01925481370343,1.1101808245897382,-0.012807866107638713,0.7784090909030521,0.7806267806249992,0.9999999999721845,0.05750327614250954
77.04426106526633,1.1098477145052785,-0.01383056010981364,0.7784090909030885,0.7806267806250171,0.999999999971905,0.05750327614249737
77.06926731682921,1.1094893160340513,-0.01483017635637817,0.7784090909031214,0.7806267806250347,0.9999999999716014,0.05750327614248605
77.0942735683921,1.109106225193929,-0.015805208339143974,0.7784090909031504,0.7806267806250518,0.9999999999712731,0.05750327614247573
77.119279819955,1.1086990751182328,-0.016754194647571823,0.7784090909031758,0.7806267806250683,0.99999999997092,0.05750327614246633
77.14428607151788,1.108268534882485,-0.01767572134053176,0.7784090909031974,0.7806267806250845,0.999999999970542,0.05750327614245783
77.16929232308077,1.1078153083213829,-0.018568424104874196,0.7784090909032153,0.7806267806251003,0.9999999999701388,0.057503276142450266
77.19429857464367,1.1073401327301828,-0.019430990447404324,0.7784090909032293,0.7806267806251155,0.99999999996971,0.05750327614244373
77.21930482620655,1.1068437775545847,-0.020262161638352632,0.7784090909032395,0.7806267806251302,0.9999999999692556,0.057503276142438144
77.24431107776945,1.106327043044741,-0.02106073455759803,0.7784090909032458,0.7806267806251445,0.9999999999687752,0.05750327614243355
77.26931732933234,1.1057907587875258,-0.021825563504853526,0.7784090909032484,0.7806267806251582,0.9999999999682689,0.05750327614242989
77.29432358089522,1.1052357823264023,-0.022555561683216218,0.7784090909032468,0.7806267806251714,0.9999999999677361,0.057503276142427284
77.31932983245812,1.1046629975902158,-0.02324970279648616,0.7784090909032414,0.7806267806251841,0.9999999999671769,0.05750327614242568
77.34433608402101,1.104073313429774,-0.023907022267803,0.778409090903232,0.7806267806251961,0.9999999999665912,0.05750327614242511
77.3693423355839,1.1034676620221497,-0.024526618520422948,0.7784090909032185,0.7806267806252076,0.9999999999659785,0.05750327614242553
77.3943485871468,1.1028469972784738,-0.025107654000760128,0.778409090903201,0.7806267806252185,0.9999999999653391,0.05750327614242706
77.41935483870968,1.1022122932770315,-0.02564935610454822,0.7784090909031793,0.7806267806252288,0.9999999999646728,0.05750327614242961
77.44436109027257,1.1015645425429015,-0.026151018004388807,0.7784090909031536,0.7806267806252385,0.9999999999639796,0.05750327614243322
77.46936734183546,1.1009047545162087,-0.026611999247957752,0.7784090909031237,0.7806267806252476,0.9999999999632596,0.05750327614243789
77.49437359339835,1.1002339537332204,-0.027031726359588865,0.7784090909030896,0.780626780625256,0.9999999999625127,0.05750327614244366
77.51937984496125,1.0995531783247599,-0.02740969315216538,0.7784090909030513,0.7806267806252639,0.9999999999617392,0.057503276142450474
77.54438609652414,1.0988634781300302,-0.027745461073528724,0.7784090909030088,0.7806267806252711,0.9999999999609392,0.05750327614245842
77.56939234808702,1.0981659132184134,-0.028038659277091035,0.7784090909029621,0.7806267806252777,0.9999999999601132,0.05750327614246743
77.59439859964992,1.0974615519766968,-0.02828898468309785,0.778409090902911,0.7806267806252836,0.9999999999592615,0.05750327614247757
77.6194048512128,1.0967514696191774,-0.028496201862867547,0.7784090909028557,0.7806267806252887,0.9999999999583843,0.05750327614248883
77.64441110277569,1.0960367463445635,-0.02866014278068507,0.7784090909027962,0.7806267806252931,0.9999999999574823,0.0575032761425012
77.66941735433859,1.095318465705102,-0.028780706544211873,0.7784090909027322,0.7806267806252969,0.9999999999565563,0.0575032761425147
77.69442360590148,1.094597713048436,-0.028857858826331153,0.7784090909026641,0.7806267806252999,0.9999999999556066,0.05750327614252933
77.71942985746436,1.0938755735302452,-0.028891631462699408,0.7784090909025917,0.7806267806253021,0.9999999999546344,0.057503276142545086
77.74443610902726,1.0931531310144176,-0.028882121684139686,0.778409090902515,0.7806267806253037,0.9999999999536404,0.05750327614256197
77.76944236059015,1.09243146580529,-0.028829491367035887,0.7784090909024339,0.7806267806253044,0.9999999999526258,0.057503276142579975
77.79444861215305,1.0917116534211782,-0.028733966308770814,0.7784090909023488,0.7806267806253046,0.9999999999515916,0.05750327614259908
77.81945486371593,1.0909947633576835,-0.02859583516510156,0.7784090909022594,0.7806267806253039,0.9999999999505393,0.057503276142619277
77.84446111527882,1.0902818565061771,-0.028415448374450515,0.7784090909021658,0.7806267806253026,0.9999999999494701,0.057503276142640565
77.86946736684172,1.089573984459975,-0.028193217332658616,0.7784090909020682,0.7806267806253003,0.9999999999483855,0.05750327614266299
77.8944736184046,1.0888721880148544,-0.027929612947284292,0.7784090909019665,0.7806267806252973,0.9999999999472873,0.057503276142686466
77.91947986996749,1.0881774950948493,-0.02762516442458555,0.778409090901861,0.7806267806252936,0.9999999999461773,0.057503276142711
77.94448612153039,1.0874909199474188,-0.027280458150350382,0.7784090909017515,0.7806267806252891,0.9999999999450571,0.05750327614273659
77.96949237309327,1.0868134613594378,-0.026896136066508133,0.7784090909016383,0.7806267806252838,0.9999999999439291,0.05750327614276317
77.99449862465617,1.086146101287569,-0.026472894388049034,0.7784090909015214,0.7806267806252777,0.9999999999427951,0.05750327614279078
78.01950487621906,1.0854898038267404,-0.026011482145203806,0.778409090901401,0.7806267806252708,0.9999999999416578,0.057503276142819325
78.04451112778194,1.084845513477932,-0.02551269947389802,0.7784090909012771,0.7806267806252631,0.9999999999405191,0.05750327614284888
78.06951737934484,1.0842141542894985,-0.024977396280145805,0.7784090909011498,0.7806267806252547,0.9999999999393817,0.05750327614287931
78.09452363090773,1.08359662831874,-0.024406470371520075,0.7784090909010196,0.7806267806252455,0.9999999999382483,0.05750327614291059
78.11952988247062,1.0829938146850737,-0.023800866029481962,0.7784090909008864,0.7806267806252355,0.9999999999371214,0.05750327614294274
78.14453613403352,1.0824065682643935,-0.02316157212089863,0.7784090909007504,0.7806267806252247,0.9999999999360037,0.05750327614297566
78.1695423855964,1.0818357187147303,-0.022489620549036155,0.7784090909006118,0.7806267806252133,0.9999999999348983,0.05750327614300932
78.19454863715929,1.0812820693300693,-0.021786084358685887,0.778409090900471,0.780626780625201,0.9999999999338081,0.057503276143043694
78.21955488872219,1.0807463961120842,-0.021052076105122913,0.7784090909003278,0.780626780625188,0.9999999999327357,0.05750327614307872
78.24456114028507,1.0802294467293827,-0.020288745930431108,0.778409090900183,0.7806267806251742,0.9999999999316844,0.05750327614311432
78.26956739184797,1.079731939677954,-0.01949727989601852,0.7784090909000363,0.7806267806251598,0.9999999999306571,0.057503276143150484
78.29457364341086,1.0792545633224655,-0.018678898016322932,0.7784090908998883,0.7806267806251446,0.9999999999296569,0.05750327614318711
78.31957989497374,1.0787979751583452,-0.017834852578312015,0.7784090908997392,0.7806267806251288,0.9999999999286868,0.057503276143224084
78.34458614653664,1.0783628009377157,-0.016966426144515514,0.7784090908995892,0.7806267806251123,0.9999999999277496,0.05750327614326147
78.36959239809953,1.077949634021619,-0.016074929850260277,0.7784090908994387,0.7806267806250952,0.9999999999268485,0.05750327614329908
78.39459864966241,1.0775590346141757,-0.015161701420537979,0.7784090908992879,0.7806267806250774,0.9999999999259863,0.057503276143336876
78.41960490122531,1.0771915291758258,-0.014228103400777549,0.7784090908991372,0.780626780625059,0.9999999999251658,0.057503276143374846
78.4446111527882,1.0768476097969049,-0.013275521256353527,0.7784090908989869,0.78062678062504,0.9999999999243896,0.05750327614341282
78.4696174043511,1.076527733649693,-0.01230536148864954,0.7784090908988374,0.7806267806250206,0.9999999999236606,0.05750327614345074
78.49462365591398,1.0762323225048163,-0.01131904983886019,0.7784090908986889,0.7806267806250005,0.999999999922981,0.05750327614348854
78.51962990747687,1.0759617622446092,-0.010318029340238311,0.7784090908985417,0.7806267806249799,0.9999999999223533,0.057503276143526176
78.54463615903977,1.07571640247988,-0.009303758531036259,0.7784090908983964,0.7806267806249589,0.9999999999217797,0.057503276143563486
78.56964241060265,1.075496556172164,-0.008277709571100201,0.778409090898253,0.7806267806249375,0.9999999999212621,0.05750327614360044
78.59464866216554,1.0753024993144138,-0.007241366365852729,0.778409090898112,0.7806267806249158,0.9999999999208024,0.057503276143636976
78.61965491372844,1.0751344706708204,-0.006196222768164203,0.7784090908979738,0.7806267806248935,0.9999999999204021,0.05750327614367297
78.64466116529132,1.0749926715421139,-0.00514378070403511,0.7784090908978387,0.7806267806248711,0.9999999999200628,0.05750327614370833
78.66966741685421,1.0748772655886627,-0.004085548330601219,0.778409090897707,0.7806267806248484,0.9999999999197855,0.05750327614374296
78.69467366841711,1.0747883787006305,-0.0030230382322868096,0.778409090897579,0.7806267806248254,0.9999999999195714,0.05750327614377682
78.71967991998,1.0747260989070566,-0.0019577655804920773,0.7784090908974549,0.7806267806248024,0.9999999999194209,0.05750327614380984
78.7446861715429,1.0746904763344873,-0.00089124631227292,0.7784090908973352,0.7806267806247791,0.9999999999193347,0.05750327614384192
78.76969242310578,1.0746815232111684,0.00017500467469412986,0.7784090908972203,0.7806267806247557,0.9999999999193132,0.05750327614387294
78.79469867466867,1.0746992139152258,0.0012394753242162375,0.7784090908971102,0.7806267806247322,0.999999999919356,0.05750327614390292
78.81970492623157,1.074743485068184,0.00230065822360721,0.7784090908970054,0.7806267806247088,0.999999999919463,0.05750327614393168
78.84471117779445,1.0748142356735708,0.0033570523923905867,0.7784090908969059,0.7806267806246854,0.9999999999196337,0.05750327614395925
78.86971742935734,1.0749113272999975,0.004407165064271346,0.7784090908968122,0.7806267806246621,0.9999999999198674,0.05750327614398551
78.89472368092024,1.0750345843085105,0.005449513461917623,0.7784090908967244,0.7806267806246389,0.9999999999201632,0.05750327614401041
78.91972993248312,1.0751837941251476,0.006482626569628483,0.7784090908966428,0.7806267806246159,0.9999999999205198,0.057503276144033846
78.94473618404602,1.0753587075572222,0.007505046891673364,0.7784090908965674,0.7806267806245931,0.9999999999209358,0.057503276144055857
78.96974243560891,1.0755590391519105,0.00851533219472014,0.7784090908964986,0.7806267806245706,0.9999999999214095,0.05750327614407637
78.99474868717179,1.0757844675995267,0.00951205725663554,0.7784090908964363,0.7806267806245484,0.9999999999219393,0.05750327614409531
79.01975493873469,1.076034636185619,0.010493815617682358,0.7784090908963809,0.7806267806245266,0.9999999999225229,0.057503276144112596
79.04476119029758,1.076309153274626,0.011459221272242623,0.7784090908963324,0.7806267806245052,0.9999999999231584,0.05750327614412831
79.06976744186046,1.076607592843624,0.012406910395345253,0.7784090908962907,0.7806267806244842,0.9999999999238433,0.05750327614414232
79.09477369342336,1.0769294950689754,0.013335543075260388,0.7784090908962562,0.7806267806244638,0.9999999999245752,0.05750327614415465
79.11977994498625,1.077274366928526,0.01424380494835522,0.7784090908962287,0.7806267806244438,0.9999999999253515,0.057503276144165304
79.14478619654913,1.077641682871885,0.015130408918185338,0.7784090908962082,0.7806267806244244,0.9999999999261695,0.05750327614417425
79.16979244811203,1.0780308855298704,0.01599409682570844,0.7784090908961949,0.7806267806244057,0.9999999999270266,0.05750327614418142
79.19479869967492,1.0784413864327234,0.016833641039892044,0.7784090908961887,0.7806267806243876,0.9999999999279198,0.05750327614418686
79.21980495123782,1.0788725668334478,0.017647846181747744,0.7784090908961895,0.7806267806243702,0.9999999999288461,0.057503276144190596
79.2448112028007,1.079323778493738,0.018435550643018994,0.7784090908961973,0.7806267806243534,0.9999999999298028,0.05750327614419261
79.26981745436359,1.0797943445748468,0.019195628245275185,0.778409090896212,0.7806267806243375,0.9999999999307869,0.05750327614419281
79.29482370592649,1.0802835605433734,0.019926989799514034,0.7784090908962334,0.7806267806243223,0.9999999999317952,0.057503276144191436
79.31982995748938,1.080790695084389,0.02062858461082384,0.7784090908962615,0.780626780624308,0.9999999999328251,0.05750327614418832
79.34483620905226,1.0813149911444075,0.02129940209511278,0.7784090908962962,0.7806267806242945,0.9999999999338733,0.05750327614418359
79.36984246061516,1.0818556668662742,0.02193847314278292,0.7784090908963373,0.7806267806242818,0.9999999999349374,0.057503276144177176
79.39484871217805,1.0824119167518451,0.02254487173920306,0.7784090908963844,0.78062678062427,0.9999999999360141,0.057503276144169245
79.41985496374095,1.0829829126343922,0.023117716225497287,0.7784090908964378,0.780626780624259,0.9999999999371008,0.05750327614415972
79.44486121530383,1.0835678049420525,0.0236561708733989,0.7784090908964969,0.7806267806242492,0.9999999999381948,0.05750327614414866
79.46986746686672,1.0841657237136024,0.02415944705842869,0.7784090908965617,0.7806267806242401,0.9999999999392936,0.057503276144136146
79.49487371842962,1.0847757799573035,0.024626804764867522,0.7784090908966319,0.7806267806242319,0.9999999999403946,0.057503276144122255
79.5198799699925,1.0853970667001431,0.025057553661976158,0.7784090908967074,0.7806267806242247,0.9999999999414952,0.05750327614410688
79.54488622155539,1.0860286604505367,0.025451054532049846,0.7784090908967879,0.7806267806242184,0.9999999999425933,0.05750327614409026
79.56989247311829,1.0866696222581689,0.025806720227986538,0.778409090896873,0.7806267806242132,0.9999999999436866,0.0575032761440723
79.59489872468117,1.0873189992965209,0.02612401702030343,0.7784090908969626,0.7806267806242089,0.9999999999447731,0.05750327614405315
79.61990497624406,1.0879758259110968,0.02640246542040252,0.7784090908970566,0.7806267806242055,0.9999999999458506,0.057503276144032826
79.64491122780696,1.088639125315031,0.026641641419333947,0.7784090908971544,0.7806267806242031,0.9999999999469175,0.057503276144011406
79.66991747936984,1.0893079106653236,0.026841177206438017,0.7784090908972561,0.7806267806242017,0.9999999999479718,0.05750327614398893
79.69492373093274,1.089981186734988,0.02700076219755344,0.7784090908973611,0.7806267806242012,0.9999999999490122,0.05750327614396543
79.71992998249563,1.0906579512752044,0.027120143777593166,0.7784090908974695,0.7806267806242017,0.999999999950037,0.05750327614394102
79.74493623405851,1.0913371962603728,0.027199127929305116,0.7784090908975807,0.780626780624203,0.9999999999510447,0.05750327614391574
79.76994248562141,1.0920179099032257,0.0272375801067747,0.7784090908976947,0.7806267806242052,0.9999999999520344,0.05750327614388967
79.7949487371843,1.0926990774301666,0.027235425515300886,0.7784090908978112,0.7806267806242084,0.9999999999530047,0.05750327614386283
79.81995498874718,1.0933796830281735,0.02719264974965787,0.7784090908979299,0.7806267806242124,0.9999999999539544,0.057503276143835276
79.84496124031008,1.0940587116224343,0.027109299265760826,0.7784090908980504,0.7806267806242174,0.999999999954883,0.05750327614380711
79.86996749187297,1.0947351496469793,0.026985481451703573,0.7784090908981728,0.7806267806242232,0.9999999999557894,0.05750327614377832
79.89497374343587,1.095407987133782,0.02682136497486726,0.7784090908982966,0.7806267806242299,0.9999999999566728,0.05750327614374906
79.91997999499876,1.096076219231237,0.02661717986876387,0.7784090908984216,0.7806267806242373,0.9999999999575326,0.057503276143719334
79.94498624656164,1.096738847351338,0.026373217515132545,0.7784090908985477,0.7806267806242455,0.9999999999583685,0.057503276143689205
79.96999249812454,1.0973948812098082,0.02608983053833835,0.7784090908986746,0.7806267806242544,0.9999999999591799,0.05750327614365871
79.99499874968743,1.0980433399031377,0.025767432643706203,0.778409090898802,0.7806267806242642,0.9999999999599662,0.05750327614362794
80.02000500125031,1.0986832537627558,0.025406498249677723,0.7784090908989298,0.7806267806242746,0.9999999999607275,0.05750327614359692
80.04501125281321,1.0993136657015905,0.025007562107442823,0.7784090908990577,0.7806267806242858,0.9999999999614633,0.057503276143565686
80.0700175043761,1.0999336327129168,0.024571218768507402,0.7784090908991856,0.7806267806242976,0.9999999999621734,0.05750327614353435
80.09502375593898,1.1005422274828365,0.02409812190047689,0.7784090908993133,0.78062678062431,0.9999999999628577,0.05750327614350292
80.12003000750188,1.1011385396720246,0.023588983611239428,0.7784090908994405,0.780626780624323,0.9999999999635163,0.05750327614347145
80.14503625906477,1.1017216775750902,0.023044573475822092,0.7784090908995673,0.7806267806243367,0.999999999964149,0.057503276143439946
80.17004251062767,1.102290769340482,0.02246571767399318,0.7784090908996933,0.7806267806243509,0.999999999964756,0.05750327614340848
80.19504876219055,1.1028449645613536,0.021853297770191,0.7784090908998184,0.7806267806243655,0.9999999999653371,0.05750327614337714
80.22005501375344,1.1033834354796022,0.021208249627443842,0.7784090908999424,0.7806267806243807,0.9999999999658924,0.05750327614334592
80.24506126531634,1.1039053784659363,0.020531561974916932,0.7784090909000653,0.7806267806243964,0.9999999999664224,0.05750327614331484
80.27006751687922,1.1044100152173146,0.01982427506774639,0.7784090909001868,0.7806267806244125,0.9999999999669269,0.05750327614328393
80.29507376844211,1.1048965940976008,0.01908747908376068,0.7784090909003069,0.780626780624429,0.9999999999674061,0.05750327614325329
80.32008002000501,1.1053643913323823,0.018322312495840844,0.7784090909004253,0.780626780624446,0.9999999999678604,0.05750327614322291
80.3450862715679,1.105812712190801,0.017529960340490678,0.7784090909005421,0.7806267806244632,0.9999999999682898,0.05750327614319285
80.37009252313078,1.1062408921632532,0.016711652291722355,0.7784090909006571,0.7806267806244809,0.9999999999686945,0.05750327614316307
80.39509877469368,1.1066482979945804,0.015868660806202885,0.7784090909007702,0.7806267806244988,0.9999999999690747,0.057503276143133705
80.42010502625656,1.1070343287964288,0.01500229894922153,0.7784090909008812,0.7806267806245168,0.9999999999694309,0.05750327614310472
80.44511127781946,1.1073984169741267,0.014113918358066233,0.7784090909009901,0.7806267806245352,0.9999999999697629,0.0575032761430762
80.47011752938235,1.1077400292039647,0.013204906938240005,0.7784090909010969,0.7806267806245538,0.9999999999700713,0.05750327614304806
80.49512378094524,1.108058667300388,0.012276686550383463,0.7784090909012014,0.7806267806245725,0.9999999999703559,0.057503276143020456
80.52013003250813,1.108353869020669,0.011330710661644964,0.7784090909013034,0.7806267806245915,0.9999999999706173,0.05750327614299328
80.54513628407102,1.108625208851329,0.010368461796413372,0.7784090909014031,0.7806267806246106,0.9999999999708555,0.057503276142966624
80.5701425356339,1.1088722986799902,0.009391449056438355,0.7784090909015002,0.7806267806246296,0.9999999999710707,0.057503276142940554
80.5951487871968,1.109094788435693,0.008401205504828426,0.7784090909015949,0.7806267806246489,0.9999999999712632,0.05750327614291499
80.62015503875969,1.1092923666617323,0.007399285467852967,0.778409090901687,0.7806267806246682,0.9999999999714331,0.05750327614289001
80.64516129032259,1.1094647610020592,0.006387261870367655,0.7784090909017763,0.7806267806246874,0.9999999999715804,0.05750327614286568
80.67016754188548,1.1096117386376698,0.005366723464382926,0.778409090901863,0.7806267806247067,0.9999999999717055,0.05750327614284187
80.69517379344836,1.109733106649335,0.004339272016977595,0.7784090909019469,0.780626780624726,0.9999999999718083,0.05750327614281874
80.72018004501126,1.1098287123042503,0.003306519505535354,0.7784090909020279,0.7806267806247453,0.999999999971889,0.05750327614279622
80.74518629657415,1.1098984432765646,0.0022700852698991293,0.7784090909021061,0.7806267806247644,0.9999999999719478,0.05750327614277441
80.77019254813703,1.1099422277968551,0.0012315931392940088,0.7784090909021814,0.7806267806247835,0.9999999999719846,0.05750327614275323
80.79519879969993,1.109960034727787,0.000192668556971605,0.7784090909022537,0.7806267806248025,0.9999999999719995,0.05750327614273276
80.82020505126282,1.109951873568313,-0.0008450642936765703,0.7784090909023231,0.7806267806248213,0.9999999999719926,0.05750327614271299
80.8452113028257,1.1099177943864444,-0.0018799853615798978,0.7784090909023894,0.78062678062484,0.999999999971964,0.05750327614269389
80.8702175543886,1.1098578876801082,-0.0029104815908290744,0.7784090909024528,0.7806267806248586,0.9999999999719136,0.05750327614267553
80.89522380595149,1.109772284166611,-0.003934949763735138,0.7784090909025131,0.7806267806248769,0.9999999999718414,0.057503276142657885
80.92023005751439,1.1096611545012351,-0.0049517993170462415,0.7784090909025702,0.780626780624895,0.9999999999717474,0.05750327614264103
80.94523630907727,1.1095247089261295,-0.0059594551240318445,0.7784090909026242,0.7806267806249129,0.9999999999716315,0.05750327614262491
80.97024256064016,1.109363196850395,-0.006956360238028519,0.7784090909026751,0.7806267806249305,0.9999999999714937,0.05750327614260954
80.99524881220306,1.1091769063600494,-0.007940978599400302,0.7784090909027226,0.780626780624948,0.9999999999713339,0.05750327614259496
81.02025506376594,1.1089661636630783,-0.00891179767462912,0.778409090902767,0.780626780624965,0.9999999999711522,0.057503276142581175
81.04526131532883,1.1087313324706767,-0.009867331033632971,0.7784090909028081,0.7806267806249817,0.9999999999709481,0.05750327614256823
81.07026756689173,1.108472813312132,-0.010806120882016535,0.7784090909028459,0.7806267806249982,0.999999999970722,0.057503276142556015
81.09527381845461,1.1081910427820325,-0.011726740527321786,0.7784090909028804,0.7806267806250143,0.9999999999704734,0.057503276142544704
81.12028007001751,1.1078864927424579,-0.012627796716940148,0.7784090909029114,0.7806267806250302,0.9999999999702025,0.057503276142534185
81.1452863215804,1.107559669455272,-0.013507931953132789,0.7784090909029392,0.7806267806250456,0.9999999999699088,0.057503276142524484
81.17029257314329,1.1072111126481734,-0.014365826725012621,0.7784090909029636,0.7806267806250606,0.9999999999695925,0.057503276142515644
81.19529882470619,1.106841394559272,-0.01520020156761314,0.7784090909029845,0.7806267806250753,0.9999999999692534,0.05750327614250768
81.22030507626907,1.1064511188954764,-0.01600981913519556,0.778409090903002,0.7806267806250895,0.9999999999688913,0.05750327614250058
81.24531132783196,1.1060409197495802,-0.016793486118839566,0.778409090903016,0.7806267806251034,0.9999999999685061,0.05750327614249433
81.27031757939486,1.1056114605054728,-0.017550055020290913,0.7784090909030266,0.7806267806251167,0.9999999999680977,0.057503276142488985
81.29532383095774,1.1051634326243216,-0.018278425957502554,0.7784090909030335,0.7806267806251296,0.9999999999676661,0.057503276142484544
81.32033008252063,1.1046975544811344,-0.01897754817755885,0.7784090909030369,0.7806267806251421,0.9999999999672109,0.05750327614248097
81.34533633408353,1.1042145700888486,-0.019646421626556304,0.7784090909030368,0.7806267806251541,0.9999999999667324,0.057503276142478285
81.37034258564641,1.1037152478076642,-0.020284098317273992,0.778409090903033,0.7806267806251656,0.9999999999662303,0.0575032761424766
81.39534883720931,1.1032003790697305,-0.02088968357074001,0.7784090909030256,0.7806267806251765,0.9999999999657047,0.05750327614247581
81.4203550887722,1.1026707769547772,-0.021462337256051994,0.7784090909030145,0.7806267806251871,0.9999999999651554,0.05750327614247593
81.44536134033508,1.1021272749151008,-0.022001274723208803,0.7784090909029997,0.7806267806251971,0.9999999999645826,0.05750327614247701
81.47036759189798,1.1015707252565623,-0.022505767866003425,0.7784090909029813,0.7806267806252064,0.9999999999639864,0.057503276142479076
81.49537384346087,1.1010019978451893,-0.022975145793177918,0.7784090909029591,0.7806267806252153,0.9999999999633666,0.05750327614248207
81.52038009502375,1.1004219785288152,-0.023408795674699882,0.7784090909029332,0.7806267806252236,0.9999999999627236,0.057503276142486
81.54538634658665,1.0998315678229786,-0.023806163179544433,0.7784090909029036,0.7806267806252314,0.9999999999620575,0.0575032761424909
81.57039259814954,1.0992316792888033,-0.0241667530933415,0.77840909090287,0.7806267806252386,0.9999999999613685,0.057503276142496826
81.59539884971244,1.0986232382149914,-0.024490129531131482,0.7784090909028328,0.7806267806252452,0.9999999999606568,0.057503276142503716
81.62040510127532,1.0980071799461315,-0.024775916334734104,0.7784090909027918,0.7806267806252513,0.9999999999599228,0.057503276142511564
81.64541135283821,1.0973844486014683,-0.02502379706046932,0.7784090909027469,0.7806267806252567,0.9999999999591671,0.0575032761425204
81.67041760440111,1.096755995328145,-0.02523351516689166,0.7784090909026982,0.7806267806252615,0.99999999995839,0.05750327614253028
81.695423855964,1.0961227771025936,-0.025404873794759825,0.7784090909026458,0.7806267806252656,0.9999999999575919,0.05750327614254113
81.72043010752688,1.0954857548952668,-0.025537735724540815,0.7784090909025895,0.7806267806252692,0.9999999999567737,0.05750327614255293
81.74543635908978,1.0948458925561377,-0.02563202301761765,0.7784090909025294,0.7806267806252721,0.9999999999559359,0.05750327614256578
81.77044261065267,1.0942041549877894,-0.025687716670380077,0.7784090909024656,0.7806267806252744,0.9999999999550794,0.057503276142579614
81.79544886221555,1.0935615068898699,-0.025704856213385432,0.778409090902398,0.7806267806252759,0.9999999999542049,0.05750327614259443
81.82045511377845,1.0929189113678628,-0.02568353904258069,0.7784090909023267,0.7806267806252769,0.9999999999533136,0.05750327614261021
81.84546136534134,1.0922773280487394,-0.025623919900733455,0.7784090909022516,0.7806267806252771,0.9999999999524063,0.057503276142626986
81.87046761690424,1.0916377123968986,-0.02552621015892757,0.778409090902173,0.7806267806252768,0.9999999999514841,0.05750327614264473
81.89547386846712,1.0910010137549462,-0.025390676847594967,0.7784090909020908,0.7806267806252757,0.9999999999505486,0.05750327614266342
81.92048012003,1.0903681737824547,-0.0252176420129376,0.7784090909020049,0.7806267806252739,0.9999999999496008,0.057503276142683094
81.9454863715929,1.0897401258033907,-0.02500748170684228,0.7784090909019156,0.7806267806252716,0.9999999999486422,0.057503276142703674
81.97049262315579,1.0891177929520635,-0.02476062484639296,0.7784090909018229,0.7806267806252685,0.9999999999476743,0.05750327614272517
81.99549887471868,1.0885020868529964,-0.024477552279475883,0.7784090909017268,0.7806267806252646,0.9999999999466989,0.0575032761427476
82.02050512628158,1.0878939067376785,-0.024158795669514135,0.7784090909016275,0.78062678062526,0.9999999999457174,0.05750327614277091
82.04551137784446,1.0872941376494352,-0.023804936119719126,0.778409090901525,0.7806267806252549,0.9999999999447318,0.057503276142795066
82.07051762940736,1.086703649651914,-0.023416603171648984,0.7784090909014195,0.780626780625249,0.9999999999437441,0.05750327614282004
82.09552388097025,1.0861232964475112,-0.022994473321486724,0.778409090901311,0.7806267806252424,0.999999999942756,0.05750327614284589
82.12053013253313,1.0855539141880766,-0.022539268759552516,0.7784090909011998,0.7806267806252352,0.9999999999417698,0.05750327614287246
82.14553638409603,1.0849963205145798,-0.022051756016979635,0.7784090909010859,0.7806267806252273,0.9999999999407876,0.057503276142899816
82.17054263565892,1.0844513132420404,-0.02153274443723436,0.7784090909009694,0.7806267806252186,0.9999999999398115,0.05750327614292788
82.1955488872218,1.083919669541112,-0.020983084866760548,0.7784090909008506,0.7806267806252093,0.9999999999388438,0.05750327614295661
82.2205551387847,1.083402144697794,-0.02040366799800689,0.7784090909007297,0.7806267806251993,0.9999999999378869,0.057503276142986004
82.24556139034759,1.0828994713363216,-0.019795423020155845,0.7784090909006068,0.7806267806251886,0.9999999999369431,0.05750327614301596
82.27056764191047,1.0824123582971366,-0.019159315902847345,0.778409090900482,0.7806267806251774,0.9999999999360148,0.057503276143046476
82.29557389347337,1.0819414898953037,-0.018496347987663805,0.7784090909003558,0.7806267806251654,0.9999999999351046,0.0575032761430775
82.32058014503626,1.0814875249161227,-0.017807554240955776,0.778409090900228,0.7806267806251529,0.9999999999342147,0.05750327614310898
82.34558639659916,1.081051095915145,-0.01709400178263631,0.7784090909000991,0.7806267806251398,0.9999999999333478,0.05750327614314086
82.37059264816205,1.0806328083350092,-0.016356788137141833,0.7784090908999692,0.780626780625126,0.9999999999325061,0.057503276143173084
82.39559889972493,1.0802332398405625,-0.01559703968041784,0.7784090908998387,0.7806267806251117,0.9999999999316922,0.05750327614320559
82.42060515128783,1.0798529395706746,-0.014815909933542539,0.7784090908997077,0.7806267806250968,0.9999999999309084,0.05750327614323833
82.44561140285072,1.0794924274990492,-0.01401457790138725,0.7784090908995764,0.7806267806250813,0.9999999999301571,0.05750327614327125
82.4706176544136,1.0791521938253796,-0.013194246438263744,0.7784090908994452,0.7806267806250653,0.9999999999294406,0.05750327614330429
82.4956239059765,1.0788326983720655,-0.012356140489070017,0.7784090908993144,0.7806267806250489,0.999999999928761,0.057503276143337306
82.52063015753939,1.078534370092007,-0.011501505497889376,0.778409090899184,0.780626780625032,0.9999999999281206,0.057503276143370384
82.54563640910229,1.0782576065381628,-0.010631605625399635,0.7784090908990546,0.7806267806250146,0.9999999999275213,0.05750327614340332
82.57064266066517,1.0780027734451647,-0.009747722116988778,0.7784090908989263,0.7806267806249967,0.9999999999269651,0.057503276143436116
82.59564891222806,1.0777702043118316,-0.008851151592195676,0.7784090908987994,0.7806267806249784,0.9999999999264537,0.057503276143468694
82.62065516379096,1.0775602000325362,-0.007943204315170422,0.7784090908986743,0.7806267806249598,0.9999999999259889,0.05750327614350092
82.64566141535384,1.0773730285917769,-0.007025202554914186,0.7784090908985511,0.780626780624941,0.9999999999255722,0.05750327614353277
82.67066766691673,1.0772089247722914,-0.006098478849297641,0.7784090908984302,0.7806267806249216,0.9999999999252048,0.05750327614356425
82.69567391847963,1.077068089923752,-0.0051643743163676675,0.7784090908983119,0.7806267806249021,0.9999999999248881,0.057503276143595176
82.72068017004251,1.0769506917726972,-0.004224236990062599,0.7784090908981963,0.7806267806248823,0.9999999999246232,0.05750327614362555
82.7456864216054,1.0768568642656347,-0.0032794201103228966,0.7784090908980839,0.7806267806248623,0.9999999999244107,0.05750327614365526
82.7706926731683,1.0767867074618742,-0.002331280440861644,0.7784090908979748,0.7806267806248421,0.9999999999242514,0.05750327614368425
82.79569892473118,1.0767402874674377,-0.0013811766077000106,0.7784090908978694,0.7806267806248218,0.9999999999241458,0.057503276143712465
82.82070517629408,1.076717636408056,-0.00043046741652905926,0.7784090908977678,0.7806267806248015,0.9999999999240943,0.05750327614373982
82.84571142785697,1.076718752445786,0.0005194898154298901,0.7784090908976702,0.7806267806247811,0.9999999999240968,0.057503276143766296
82.87071767941985,1.0767435998373356,0.0014673409184053873,0.7784090908975769,0.7806267806247605,0.9999999999241533,0.05750327614379181
82.89572393098275,1.0767921090332524,0.0024117365222048486,0.7784090908974883,0.7806267806247402,0.9999999999242637,0.05750327614381625
82.92073018254564,1.0768641768186409,0.003351333707093489,0.7784090908974044,0.7806267806247198,0.9999999999244272,0.05750327614383967
82.94573643410853,1.0769596664949732,0.004284797643004148,0.7784090908973255,0.7806267806246995,0.9999999999246434,0.05750327614386191
82.97074268567142,1.0770784081028215,0.005210803220711236,0.7784090908972516,0.7806267806246794,0.9999999999249114,0.057503276143882995
82.99574893723431,1.0772201986846348,0.006128036674441328,0.7784090908971831,0.7806267806246594,0.99999999992523,0.05750327614390284
83.0207551887972,1.0773848025898562,0.0070351972051846704,0.7784090908971201,0.7806267806246396,0.9999999999255984,0.05750327614392141
83.0457614403601,1.077571951819412,0.00793099858371589,0.7784090908970626,0.78062678062462,0.999999999926015,0.05750327614393872
83.07076769192298,1.077781346407339,0.008814170733937672,0.7784090908970108,0.7806267806246008,0.9999999999264783,0.05750327614395463
83.09577394348588,1.078012654846489,0.009683461332976852,0.7784090908969648,0.7806267806245819,0.9999999999269866,0.05750327614396921
83.12078019504877,1.07826551455602,0.010537637392942025,0.7784090908969247,0.7806267806245635,0.9999999999275384,0.05750327614398231
83.14578644661165,1.0785395323749445,0.011375486788298366,0.7784090908968906,0.7806267806245454,0.9999999999281317,0.05750327614399401
83.17079269817455,1.0788342851111423,0.012195819838352868,0.7784090908968624,0.7806267806245277,0.9999999999287643,0.0575032761440043
83.19579894973744,1.0791493201241478,0.01299747083788459,0.7784090908968403,0.7806267806245105,0.9999999999294344,0.05750327614401311
83.22080520130032,1.0794841559276214,0.013779299536764463,0.7784090908968242,0.7806267806244938,0.9999999999301398,0.05750327614402046
83.24581145286322,1.0798382828704702,0.01454019270993695,0.7784090908968142,0.7806267806244777,0.999999999930878,0.05750327614402632
83.27081770442611,1.0802111638067273,0.015279065574707837,0.7784090908968102,0.780626780624462,0.9999999999316469,0.05750327614403073
83.29582395598901,1.0806022348346245,0.01599486328870388,0.7784090908968122,0.780626780624447,0.9999999999324442,0.05750327614403362
83.3208302075519,1.0810109060779278,0.016686562413019163,0.7784090908968202,0.7806267806244327,0.9999999999332674,0.05750327614403504
83.34583645911478,1.0814365624501128,0.017353172265036236,0.7784090908968341,0.780626780624419,0.999999999934114,0.05750327614403497
83.37084271067768,1.081878564549056,0.017993736420069868,0.7784090908968536,0.7806267806244059,0.999999999934982,0.05750327614403351
83.39584896224056,1.0823362494615432,0.01860733396104705,0.7784090908968789,0.7806267806243936,0.9999999999358686,0.057503276144030606
83.42085521380345,1.0828089317402974,0.019193080944403855,0.7784090908969098,0.7806267806243821,0.9999999999367717,0.057503276144026255
83.44586146536635,1.0832959042776085,0.019750131603513688,0.7784090908969462,0.7806267806243712,0.9999999999376886,0.05750327614402051
83.47086771692923,1.0837964393315405,0.020277679717879887,0.7784090908969878,0.7806267806243611,0.9999999999386173,0.057503276144013446
83.49587396849212,1.0843097894917435,0.020774959798228097,0.7784090908970346,0.7806267806243518,0.9999999999395554,0.057503276144005015
83.52088022005502,1.0848351887345413,0.021241248333047087,0.7784090908970864,0.7806267806243432,0.9999999999405007,0.05750327614399531
83.5458864716179,1.0853718534809522,0.02167586494188269,0.7784090908971432,0.7806267806243354,0.9999999999414508,0.05750327614398433
83.5708927231808,1.085918983685881,0.022078173509273068,0.7784090908972046,0.7806267806243286,0.9999999999424041,0.057503276143972076
83.59589897474369,1.0864757639644818,0.02244758326660054,0.7784090908972704,0.7806267806243224,0.9999999999433582,0.05750327614395866
83.62090522630658,1.0870413647421608,0.022783549839237707,0.7784090908973406,0.7806267806243171,0.9999999999443111,0.057503276143944106
83.64591147786948,1.0876149434000892,0.023085576204175947,0.7784090908974148,0.7806267806243127,0.9999999999452611,0.05750327614392843
83.67091772943236,1.088195645542828,0.02335321368690242,0.778409090897493,0.7806267806243091,0.9999999999462066,0.05750327614391168
83.69592398099525,1.0887826060796046,0.02358606273429745,0.7784090908975748,0.7806267806243063,0.9999999999471455,0.05750327614389396
83.72093023255815,1.0893749506876276,0.023783773891018434,0.7784090908976602,0.7806267806243044,0.9999999999480764,0.05750327614387524
83.74593648412103,1.0899717967552514,0.02394604835845286,0.7784090908977488,0.7806267806243032,0.9999999999489979,0.0575032761438556
83.77094273568393,1.090572255054155,0.024072638917049395,0.7784090908978405,0.7806267806243029,0.9999999999499083,0.057503276143835096
83.79594898724682,1.0911754306285972,0.02416335034435765,0.778409090897935,0.7806267806243035,0.9999999999508067,0.057503276143813745
83.8209552388097,1.0917804243865692,0.024218040107381506,0.7784090908980321,0.7806267806243048,0.9999999999516914,0.05750327614379165
83.8459614903726,1.0923863344921254,0.024236618866190062,0.7784090908981317,0.7806267806243069,0.9999999999525616,0.05750327614376883
83.87096774193549,1.0929922571031787,0.024219050693006276,0.7784090908982334,0.7806267806243098,0.9999999999534162,0.057503276143745355
83.89597399349837,1.093597288574593,0.024165353662127194,0.7784090908983371,0.7806267806243135,0.9999999999542541,0.05750327614372125
83.92098024506127,1.0942005263673968,0.024075599990378598,0.7784090908984427,0.7806267806243179,0.9999999999550745,0.05750327614369658
83.94598649662416,1.094801070102385,0.023949916131736384,0.7784090908985497,0.7806267806243231,0.9999999999558766,0.057503276143671386
83.97099274818704,1.0953980235767968,0.023788482982190422,0.7784090908986581,0.780626780624329,0.9999999999566598,0.05750327614364574
83.99599899974994,1.0959904956489714,0.023591535829164446,0.7784090908987676,0.7806267806243355,0.9999999999574234,0.05750327614361969
84.02100525131283,1.096577601700367,0.02335936426526095,0.7784090908988782,0.7806267806243429,0.9999999999581667,0.05750327614359324
84.04601150287573,1.0971584651726767,0.023092311998932247,0.7784090908989896,0.7806267806243508,0.9999999999588893,0.05750327614356648
84.07101775443861,1.0977322185825231,0.022790776628461518,0.7784090908991015,0.7806267806243594,0.9999999999595909,0.05750327614353941
84.0960240060015,1.098298005263129,0.022455209192609234,0.7784090908992137,0.7806267806243686,0.999999999960271,0.05750327614351216
84.1210302575644,1.098854980321172,0.02208611381167565,0.7784090908993263,0.7806267806243785,0.9999999999609293,0.05750327614348468
84.14603650912728,1.0994023122464671,0.0216840470278633,0.7784090908994389,0.7806267806243888,0.9999999999615656,0.057503276143457106
84.17104276069017,1.0999391840179664,0.021249617242067743,0.7784090908995513,0.7806267806243998,0.9999999999621797,0.05750327614342939
84.19604901225307,1.1004647945151054,0.020783483890635255,0.7784090908996636,0.7806267806244113,0.9999999999627713,0.05750327614340163
84.22105526381596,1.100978359709114,0.020286356653197852,0.7784090908997754,0.7806267806244234,0.9999999999633407,0.05750327614337383
84.24606151537886,1.10147911395504,0.019758994462178558,0.7784090908998866,0.7806267806244358,0.9999999999638871,0.05750327614334609
84.27106776694174,1.1019663111736941,0.01920220450310517,0.7784090908999971,0.7806267806244488,0.9999999999644111,0.05750327614331839
84.29607401850463,1.102439226082666,0.018616841028980008,0.7784090909001068,0.7806267806244622,0.9999999999649125,0.05750327614329075
84.32108027006753,1.1028971553104987,0.01800380418646998,0.7784090909002156,0.7806267806244761,0.9999999999653912,0.05750327614326323
84.34608652163041,1.1033394185883731,0.017364038612112272,0.7784090909003232,0.7806267806244903,0.9999999999658473,0.05750327614323593
84.3710927731933,1.1037653597716652,0.0166985321082086,0.7784090909004295,0.780626780624505,0.999999999966281,0.057503276143208784
84.3960990247562,1.104174347983732,0.016008314021082343,0.7784090909005346,0.78062678062452,0.9999999999666922,0.05750327614318184
84.42110527631908,1.1045657785485443,0.01529445376408236,0.7784090909006381,0.7806267806245352,0.999999999967081,0.05750327614315518
84.44611152788197,1.104939074053262,0.014558059014758196,0.7784090909007402,0.7806267806245507,0.9999999999674476,0.0575032761431288
84.47111777944487,1.1052936852163469,0.013800274048538407,0.7784090909008405,0.7806267806245665,0.9999999999677922,0.05750327614310276
84.49612403100775,1.105629091821543,0.013022277832561876,0.7784090909009392,0.7806267806245825,0.9999999999681146,0.05750327614307704
84.52113028257065,1.105944803550274,0.012225282107802816,0.778409090901036,0.7806267806245988,0.9999999999684152,0.05750327614305165
84.54613653413354,1.1062403607610074,0.011410529440788913,0.778409090901131,0.7806267806246152,0.9999999999686939,0.05750327614302666
84.57114278569642,1.1065153352652881,0.010579291080869743,0.7784090909012239,0.7806267806246319,0.9999999999689512,0.057503276143002095
84.59614903725932,1.106769330987057,0.009732864908488728,0.7784090909013148,0.7806267806246485,0.9999999999691869,0.05750327614297793
84.62115528882221,1.107001984619478,0.00887257320907522,0.7784090909014036,0.7806267806246654,0.9999999999694011,0.05750327614295423
84.6461615403851,1.1072129662076449,0.007999760413576988,0.7784090909014901,0.7806267806246824,0.9999999999695942,0.05750327614293103
84.671167791948,1.107401979661669,0.007115790851693618,0.7784090909015745,0.7806267806246995,0.9999999999697662,0.05750327614290825
84.69617404351088,1.107568763236612,0.006222046376215967,0.7784090909016564,0.7806267806247166,0.9999999999699171,0.057503276142886056
84.72118029507378,1.1077130899380403,0.005319923983400425,0.778409090901736,0.7806267806247337,0.9999999999700471,0.057503276142864344
84.74618654663666,1.1078347678664107,0.004410833426045264,0.7784090909018132,0.7806267806247508,0.9999999999701561,0.0575032761428432
84.77119279819955,1.1079336405101279,0.0034961947527496593,0.7784090909018879,0.7806267806247678,0.9999999999702446,0.05750327614282265
84.79619904976245,1.1080095869714748,0.002577435835871514,0.77840909090196,0.7806267806247849,0.9999999999703122,0.05750327614280263
84.82120530132534,1.108062522129696,0.001655989904635304,0.7784090909020295,0.7806267806248018,0.9999999999703594,0.05750327614278324
84.84621155288822,1.1080923967446437,0.0007332930462262175,0.7784090909020964,0.7806267806248187,0.9999999999703859,0.057503276142764424
84.87121780445112,1.1080991974972947,-0.0001892182965798921,0.7784090909021606,0.7806267806248356,0.9999999999703919,0.057503276142746265
84.896224056014,1.108082946967034,-0.001110109824081485,0.7784090909022221,0.7806267806248522,0.9999999999703775,0.057503276142728724
84.92123030757689,1.1080437035468664,-0.0020279518701361975,0.7784090909022809,0.7806267806248688,0.9999999999703426,0.05750327614271179
84.94623655913979,1.1079815612966943,-0.002941321880936483,0.778409090902337,0.7806267806248852,0.9999999999702873,0.05750327614269555
84.97124281070268,1.1078966497344938,-0.0038488068795342065,0.7784090909023902,0.7806267806249015,0.9999999999702115,0.05750327614267994
84.99624906226558,1.1077891335662233,-0.004749005902631629,0.7784090909024405,0.7806267806249175,0.9999999999701152,0.05750327614266509
85.02125531382846,1.1076592123553397,-0.00564053240554857,0.778409090902488,0.7806267806249334,0.9999999999699986,0.057503276142650855
85.04626156539135,1.1075071201330409,-0.006522016632137868,0.7784090909025325,0.7806267806249491,0.9999999999698614,0.05750327614263738
85.07126781695425,1.107333124948987,-0.007392107949475256,0.7784090909025742,0.7806267806249644,0.9999999999697036,0.05750327614262461
85.09627406851713,1.1071375283620861,-0.008249477140042918,0.7784090909026129,0.7806267806249796,0.9999999999695253,0.057503276142612504
85.12128032008002,1.1069206648806174,-0.009092818615019387,0.7784090909026485,0.7806267806249944,0.9999999999693264,0.057503276142601215
85.14628657164292,1.106682901344786,-0.009920852595406641,0.7784090909026812,0.7806267806250089,0.9999999999691069,0.057503276142590626
85.1712928232058,1.1064246362470227,-0.010732327251746311,0.7784090909027108,0.7806267806250232,0.9999999999688666,0.057503276142580766
85.1962990747687,1.106146299015311,-0.011526020720187321,0.7784090909027372,0.7806267806250372,0.9999999999686056,0.057503276142571697
85.22130532633159,1.1058483492414044,-0.012300743085059677,0.7784090909027607,0.7806267806250508,0.9999999999683236,0.0575032761425634
85.24631157789447,1.105531275841849,-0.01305533832374066,0.778409090902781,0.7806267806250641,0.9999999999680209,0.05750327614255587
85.27131782945737,1.1051955962072606,-0.013788686076646448,0.7784090909027981,0.7806267806250771,0.9999999999676972,0.057503276142549124
85.29632408102026,1.1048418552813324,-0.014499703425871873,0.7784090909028121,0.7806267806250896,0.9999999999673526,0.05750327614254317
85.32133033258314,1.1044706245883888,-0.015187346575534388,0.7784090909028228,0.7806267806251017,0.999999999966987,0.05750327614253804
85.34633658414604,1.1040825012698665,-0.015850612362495523,0.7784090909028304,0.7806267806251135,0.9999999999666003,0.05750327614253373
85.37134283570893,1.1036781070066792,-0.016488539826993193,0.7784090909028347,0.7806267806251249,0.9999999999661926,0.0575032761425302
85.39634908727182,1.103258086982178,-0.017100211528035335,0.7784090909028357,0.7806267806251359,0.9999999999657639,0.05750327614252749
85.42135533883472,1.102823108764229,-0.017684754886828326,0.7784090909028335,0.7806267806251463,0.9999999999653143,0.05750327614252566
85.4463615903976,1.102373861148948,-0.018241343394400044,0.778409090902828,0.7806267806251563,0.9999999999648437,0.057503276142524685
85.4713678419605,1.1019110530463798,-0.01876919766909896,0.7784090909028191,0.780626780625166,0.9999999999643521,0.05750327614252451
85.49637409352339,1.1014354122103722,-0.01926758655204177,0.7784090909028067,0.7806267806251752,0.9999999999638398,0.05750327614252519
85.52138034508627,1.1009476841197892,-0.019735827907794164,0.7784090909027912,0.7806267806251838,0.9999999999633069,0.05750327614252681
85.54638659664917,1.1004486306301116,-0.020173289561531665,0.7784090909027722,0.780626780625192,0.9999999999627533,0.0575032761425292
85.57139284821206,1.0999390288363622,-0.020579389881027445,0.7784090909027499,0.7806267806251997,0.9999999999621796,0.05750327614253247
85.59639909977494,1.09941966967262,-0.02095359852547947,0.7784090909027241,0.7806267806252069,0.9999999999615856,0.057503276142536655
85.62140535133784,1.098891356759151,-0.021295436828161277,0.7784090909026951,0.7806267806252135,0.9999999999609719,0.05750327614254172
85.64641160290073,1.0983549049582806,-0.021604478350195334,0.7784090909026625,0.7806267806252196,0.9999999999603388,0.05750327614254764
85.67141785446361,1.0978111392254053,-0.02188034906773559,0.7784090909026267,0.7806267806252253,0.9999999999596865,0.05750327614255443
85.69642410602651,1.0972608931121501,-0.022122727738190778,0.7784090909025874,0.7806267806252303,0.9999999999590155,0.05750327614256212
85.7214303575894,1.0967050076576506,-0.022331345893456055,0.7784090909025446,0.7806267806252348,0.9999999999583262,0.057503276142570704
85.7464366091523,1.0961443298185563,-0.022505988021296244,0.7784090909024987,0.7806267806252387,0.9999999999576193,0.05750327614258015
85.77144286071518,1.0955797114340815,-0.02264649138887361,0.7784090909024491,0.780626780625242,0.9999999999568954,0.057503276142590515
85.79644911227807,1.0950120075878442,-0.02275274600724938,0.7784090909023963,0.7806267806252448,0.999999999956155,0.057503276142601756
85.82145536384097,1.0944420756103346,-0.022824694357594474,0.7784090909023401,0.780626780625247,0.9999999999553988,0.05750327614261386
85.84646161540385,1.0938707735251563,-0.022862331069804696,0.7784090909022806,0.7806267806252487,0.9999999999546278,0.05750327614262686
85.87146786696674,1.0932989587960162,-0.02286570261732653,0.7784090909022179,0.7806267806252498,0.9999999999538428,0.057503276142640676
85.89647411852964,1.0927274873111166,-0.022834906743877913,0.7784090909021518,0.7806267806252503,0.9999999999530447,0.05750327614265541
85.92148037009252,1.0921572115387468,-0.022770091985350533,0.7784090909020827,0.7806267806252501,0.9999999999522344,0.05750327614267096
85.94648662165542,1.0915889798355476,-0.022671457104003742,0.7784090909020103,0.7806267806252494,0.9999999999514132,0.05750327614268738
85.97149287321831,1.0910236350928202,-0.022539250278453552,0.7784090909019348,0.780626780625248,0.9999999999505821,0.05750327614270462
85.9964991247812,1.0904620129781728,-0.022373768421274948,0.7784090909018562,0.780626780625246,0.9999999999497424,0.057503276142722715
86.0215053763441,1.0899049414196298,-0.02217535645388814,0.7784090909017747,0.7806267806252434,0.9999999999488955,0.057503276142741595
86.04651162790698,1.0893532391408969,-0.021944406265413375,0.7784090909016902,0.7806267806252403,0.9999999999480427,0.05750327614276125
86.07151787946987,1.0888077143110155,-0.02168135586432755,0.778409090901603,0.7806267806252364,0.9999999999471852,0.05750327614278169
86.09652413103277,1.0882691638074604,-0.021386688456766802,0.778409090901513,0.7806267806252319,0.999999999946325,0.0575032761428029
86.12153038259565,1.0877383716683187,-0.021060931233718914,0.7784090909014204,0.780626780625227,0.9999999999454635,0.05750327614282479
86.14653663415854,1.0872161083180905,-0.02070465448044397,0.7784090909013254,0.7806267806252213,0.9999999999446023,0.05750327614284739
86.17154288572144,1.0867031293836036,-0.02031847030039981,0.7784090909012278,0.7806267806252151,0.9999999999437432,0.05750327614287068
86.19654913728432,1.0862001746202574,-0.019903031491205134,0.778409090901128,0.7806267806252082,0.9999999999428879,0.05750327614289463
86.22155538884722,1.085707967050466,-0.019459030360867605,0.778409090901026,0.7806267806252007,0.9999999999420384,0.057503276142919175
86.2465616404101,1.0852272118064603,-0.018987197382401563,0.7784090909009219,0.7806267806251926,0.9999999999411963,0.05750327614294436
86.27156789197299,1.0847585953849619,-0.01848830003130062,0.7784090909008161,0.780626780625184,0.9999999999403637,0.057503276142970045
86.29657414353589,1.0843027845548003,-0.017963141326374058,0.7784090909007085,0.7806267806251748,0.9999999999395427,0.05750327614299624
86.32158039509878,1.0838604256521385,-0.01741255862447049,0.7784090909005994,0.780626780625165,0.999999999938735,0.057503276143022926
86.34658664666166,1.0834321435896077,-0.01683742210438023,0.7784090909004888,0.7806267806251546,0.9999999999379428,0.05750327614305007
86.37159289822456,1.0830185411846458,-0.016238633501798817,0.7784090909003772,0.7806267806251438,0.999999999937168,0.05750327614307753
86.39659914978745,1.0826201982746129,-0.01561712456420083,0.7784090909002646,0.7806267806251324,0.9999999999364126,0.05750327614310539
86.42160540135035,1.082237671078089,-0.014973855716213264,0.7784090909001511,0.7806267806251204,0.9999999999356787,0.05750327614313353
86.44661165291323,1.0818714914244592,-0.014309814518860377,0.7784090909000371,0.7806267806251079,0.9999999999349682,0.0575032761431619
86.47161790447612,1.081522166140507,-0.01362601424336327,0.7784090908999225,0.7806267806250949,0.999999999934283,0.05750327614319053
86.49662415603902,1.0811901764050438,-0.01292349237281358,0.7784090908998078,0.7806267806250815,0.9999999999336253,0.057503276143219276
86.5216304076019,1.080875977158927,-0.012203309071048456,0.7784090908996931,0.7806267806250676,0.9999999999329967,0.05750327614324814
86.54663665916479,1.0805799965798273,-0.011466545736027612,0.7784090908995788,0.7806267806250532,0.9999999999323991,0.057503276143277014
86.57164291072769,1.080302635534712,-0.010714303393332337,0.7784090908994649,0.7806267806250384,0.9999999999318343,0.0575032761433059
86.59664916229057,1.0800442671465997,-0.009947701257492485,0.7784090908993516,0.7806267806250232,0.9999999999313038,0.057503276143334704
86.62165541385346,1.0798052363278279,-0.00916787513076857,0.7784090908992394,0.7806267806250077,0.9999999999308095,0.05750327614336338
86.64666166541636,1.0795858594006642,-0.008375975892804583,0.7784090908991282,0.7806267806249918,0.9999999999303526,0.05750327614339188
86.67166791697925,1.0793864237395971,-0.007573167975006289,0.7784090908990186,0.7806267806249756,0.9999999999299347,0.05750327614342013
86.69667416854215,1.07920718744025,-0.006760627768190199,0.7784090908989106,0.780626780624959,0.9999999999295568,0.057503276143448065
86.72168042010503,1.0790483790538394,-0.005939542127672394,0.7784090908988044,0.7806267806249423,0.9999999999292204,0.05750327614347564
86.74668667166792,1.0789101973364015,-0.005111106803792901,0.7784090908987005,0.7806267806249252,0.9999999999289264,0.057503276143502785
86.77169292323082,1.0787928110454803,-0.0042765248818539036,0.7784090908985988,0.7806267806249079,0.9999999999286757,0.0575032761435295
86.7966991747937,1.0786963587810299,-0.003437005267934561,0.7784090908984997,0.7806267806248904,0.999999999928469,0.057503276143555625
86.82170542635659,1.0786209488552427,-0.0025937611300253316,0.7784090908984034,0.7806267806248728,0.999999999928307,0.057503276143581215
86.84671167791949,1.0785666592056835,-0.0017480083516239902,0.7784090908983101,0.780626780624855,0.9999999999281901,0.05750327614360611
86.87171792948237,1.0785335373477996,-0.0009009640073940373,0.7784090908982201,0.7806267806248373,0.9999999999281188,0.057503276143630294
86.89672418104527,1.0785216003637286,-5.384482902157366e-05,0.7784090908981334,0.7806267806248194,0.9999999999280931,0.057503276143653755
86.92173043260816,1.078530834929696,0.0007921343258873374,0.7784090908980504,0.7806267806248014,0.999999999928113,0.05750327614367641
86.94673668417104,1.0785611973822764,0.0016357619954273065,0.7784090908979712,0.7806267806247835,0.9999999999281783,0.0575032761436982
86.97174293573394,1.078612613822131,0.0024758316254640212,0.7784090908978961,0.7806267806247656,0.9999999999282891,0.05750327614371903
86.99674918729683,1.0786849802555956,0.0033111430816380643,0.7784090908978251,0.7806267806247478,0.9999999999284446,0.05750327614373897
87.02175543885971,1.0787781627743016,0.00414050415232885,0.7784090908977583,0.78062678062473,0.9999999999286444,0.05750327614375792
87.04676169042261,1.0788919977716618,0.004962732038158717,0.778409090897696,0.7806267806247125,0.9999999999288876,0.05750327614377585
87.0717679419855,1.0790262921964497,0.005776654835869157,0.7784090908976384,0.780626780624695,0.9999999999291735,0.05750327614379265
87.09677419354838,1.079180823844127,0.006581113018496551,0.7784090908975855,0.7806267806246778,0.9999999999295011,0.05750327614380841
87.12178044511128,1.079355341686421,0.007374960905686742,0.7784090908975374,0.780626780624661,0.9999999999298692,0.05750327614382296
87.14678669667417,1.0795495662322006,0.008157068099518975,0.7784090908974942,0.7806267806246442,0.9999999999302767,0.05750327614383643
87.17179294823707,1.079763189928486,0.00892632093758263,0.778409090897456,0.7806267806246278,0.9999999999307221,0.05750327614384866
87.19679919979995,1.0799958776028233,0.009681623939426778,0.7784090908974229,0.7806267806246118,0.999999999931204,0.05750327614385968
87.22180545136284,1.0802472669256276,0.010421901185361218,0.778409090897395,0.7806267806245961,0.999999999931721,0.057503276143869464
87.24681170292574,1.0805169689223701,0.011146097744089232,0.7784090908973721,0.7806267806245808,0.9999999999322711,0.05750327614387802
87.27181795448863,1.0808045685221204,0.011853181067529762,0.7784090908973543,0.7806267806245658,0.999999999932853,0.057503276143885354
87.29682420605151,1.0811096251160377,0.012542142312699248,0.7784090908973419,0.7806267806245515,0.9999999999334648,0.05750327614389135
87.32183045761441,1.0814316731908866,0.013211997755452327,0.7784090908973345,0.7806267806245375,0.9999999999341045,0.05750327614389615
87.3468367091773,1.0817702229551647,0.01386179006853385,0.7784090908973322,0.7806267806245241,0.9999999999347703,0.05750327614389965
87.3718429607402,1.0821247610179836,0.014490589647761965,0.7784090908973352,0.7806267806245112,0.9999999999354604,0.057503276143901876
87.39684921230308,1.082494751118565,0.015097495930431009,0.7784090908973432,0.7806267806244989,0.9999999999361728,0.05750327614390281
87.42185546386597,1.0828796348271283,0.01568163858613819,0.7784090908973563,0.7806267806244871,0.9999999999369056,0.05750327614390254
87.44686171542887,1.0832788323729707,0.016242178854524145,0.7784090908973743,0.7806267806244759,0.9999999999376568,0.05750327614390101
87.47186796699175,1.083691743384424,0.016778310644617888,0.7784090908973973,0.7806267806244653,0.9999999999384241,0.05750327614389822
87.49687421855464,1.0841177477858817,0.017289261824901005,0.778409090897425,0.7806267806244555,0.9999999999392062,0.05750327614389419
87.52188047011754,1.0845562066023269,0.017774295279044183,0.7784090908974575,0.7806267806244461,0.9999999999400006,0.057503276143889004
87.54688672168042,1.085006462896407,0.018232710098408187,0.7784090908974944,0.7806267806244375,0.9999999999408056,0.05750327614388265
87.57189297324331,1.085467842654966,0.01866384261297047,0.7784090908975358,0.7806267806244295,0.9999999999416193,0.05750327614387514
87.59689922480621,1.0859396557512278,0.019067067469230273,0.7784090908975816,0.7806267806244221,0.9999999999424398,0.0575032761438665
87.6219054763691,1.0864211969094528,0.019441798620023938,0.7784090908976314,0.7806267806244156,0.9999999999432654,0.05750327614385678
87.646911727932,1.0869117466998268,0.019787490299921787,0.7784090908976854,0.7806267806244097,0.9999999999440942,0.057503276143846004
87.67191797949488,1.087410572555972,0.020103637936921992,0.7784090908977432,0.7806267806244046,0.9999999999449245,0.05750327614383415
87.69692423105776,1.0879169298303306,0.020389779050313316,0.7784090908978047,0.7806267806244002,0.9999999999457548,0.05750327614382133
87.72193048262066,1.088430062814949,0.020645494036586793,0.7784090908978698,0.7806267806243965,0.9999999999465835,0.05750327614380757
87.74693673418355,1.0889492059133024,0.02087040702268502,0.7784090908979383,0.7806267806243935,0.999999999947409,0.05750327614379285
87.77194298574643,1.0894735845862664,0.0210641864761203,0.77840909089801,0.7806267806243912,0.9999999999482299,0.05750327614377728
87.79694923730933,1.0900024167047955,0.021226546031767726,0.7784090908980847,0.7806267806243896,0.9999999999490448,0.05750327614376086
87.82195548887222,1.0905349133733957,0.02135724491779164,0.7784090908981623,0.7806267806243887,0.9999999999498522,0.05750327614374365
87.84696174043512,1.0910702804419925,0.021456088704191988,0.7784090908982427,0.7806267806243886,0.9999999999506513,0.057503276143725614
87.871967991998,1.0916077193368554,0.021522929636172177,0.7784090908983256,0.7806267806243892,0.9999999999514405,0.057503276143706906
87.89697424356089,1.0921464283941393,0.02155766712751646,0.7784090908984106,0.7806267806243905,0.999999999952219,0.05750327614368752
87.92198049512379,1.0926856042463697,0.02156024819558444,0.7784090908984979,0.7806267806243925,0.9999999999529856,0.05750327614366747
87.94698674668668,1.0932244423693451,0.02153066755777687,0.7784090908985871,0.7806267806243951,0.9999999999537394,0.057503276143646885
87.97199299824956,1.0937621389902084,0.021468968032191994,0.7784090908986782,0.7806267806243984,0.9999999999544797,0.057503276143625694
87.99699924981246,1.0942978921646287,0.02137524069767179,0.7784090908987708,0.7806267806244024,0.9999999999552056,0.05750327614360404
88.02200550137535,1.0948309024827092,0.02124962481737278,0.7784090908988648,0.780626780624407,0.9999999999559162,0.057503276143581875
88.04701175293823,1.09536037480674,0.021092307946652348,0.77840909089896,0.7806267806244123,0.9999999999566108,0.05750327614355932
88.07201800450113,1.0958855193261419,0.02090352584135345,0.7784090908990564,0.7806267806244181,0.999999999957289,0.05750327614353639
88.09702425606402,1.0964055525360692,0.020683562308223602,0.7784090908991537,0.7806267806244246,0.9999999999579502,0.0575032761435131
88.12203050762692,1.0969196988715966,0.02043274892728006,0.7784090908992517,0.7806267806244317,0.9999999999585938,0.05750327614348954
88.1470367591898,1.097427191462245,0.020151464804099743,0.7784090908993503,0.7806267806244394,0.9999999999592195,0.05750327614346568
88.17204301075269,1.0979272736080057,0.019840136100048568,0.7784090908994493,0.7806267806244475,0.9999999999598267,0.05750327614344165
88.19704926231559,1.098419199825819,0.019499235598700815,0.7784090908995486,0.7806267806244562,0.9999999999604152,0.057503276143417395
88.22205551387847,1.0989022370035115,0.019129282130904538,0.7784090908996479,0.7806267806244654,0.9999999999609847,0.05750327614339305
88.24706176544136,1.099375665628469,0.018730839898940466,0.7784090908997473,0.7806267806244751,0.9999999999615349,0.057503276143368566
88.27206801700426,1.0998387807888654,0.01830451780054694,0.7784090908998464,0.7806267806244854,0.9999999999620657,0.057503276143344
88.29707426856714,1.1002908934181743,0.017850968538377834,0.7784090908999454,0.780626780624496,0.9999999999625766,0.05750327614331946
88.32208052013003,1.1007313312462041,0.017370887804866647,0.7784090909000437,0.7806267806245071,0.9999999999630679,0.057503276143294896
88.34708677169293,1.1011594399823852,0.016865013215751814,0.7784090909001415,0.7806267806245186,0.9999999999635392,0.05750327614327035
88.37209302325581,1.1015745842492022,0.01633412332508988,0.7784090909002387,0.7806267806245305,0.9999999999639905,0.05750327614324589
88.39709927481871,1.10197614867073,0.01577903641683857,0.778409090900335,0.7806267806245427,0.9999999999644217,0.057503276143221524
88.4221055263816,1.1023635387980426,0.015200609324000285,0.7784090909004304,0.7806267806245553,0.9999999999648328,0.05750327614319732
88.44711177794449,1.1027361820820893,0.014599736113694705,0.7784090909005248,0.7806267806245683,0.9999999999652237,0.05750327614317324
88.47211802950739,1.103093528790466,0.013977346690363872,0.778409090900618,0.7806267806245815,0.9999999999655945,0.05750327614314933
88.49712428107027,1.1034350528582897,0.013334405398119423,0.7784090909007101,0.7806267806245949,0.9999999999659452,0.057503276143125684
88.52213053263316,1.1037602527759178,0.0126719094176048,0.7784090909008008,0.7806267806246087,0.9999999999662759,0.057503276143102244
88.54713678419606,1.1040686523362673,0.011990887270194242,0.77840909090089,0.7806267806246228,0.9999999999665865,0.057503276143079034
88.57214303575894,1.104359801449537,0.011292397068617451,0.7784090909009778,0.780626780624637,0.9999999999668769,0.05750327614305618
88.59714928732184,1.1046332768233265,0.010577524864529685,0.7784090909010639,0.7806267806246514,0.9999999999671476,0.057503276143033605
88.62215553888473,1.1048886826563813,0.009847382844951858,0.7784090909011484,0.780626780624666,0.9999999999673984,0.057503276143011386
88.64716179044761,1.1051256512744558,0.009103107469784629,0.7784090909012311,0.7806267806246807,0.9999999999676293,0.05750327614298953
88.67216804201051,1.1053438436945,0.008345857640551497,0.778409090901312,0.7806267806246956,0.9999999999678406,0.05750327614296803
88.6971742935734,1.1055429501820304,0.0075768127078987115,0.778409090901391,0.7806267806247106,0.999999999968032,0.05750327614294695
88.72218054513628,1.1057226907268085,0.0067971705138350335,0.778409090901468,0.7806267806247256,0.999999999968204,0.05750327614292632
88.74718679669918,1.1058828154789484,0.006008145384511924,0.778409090901543,0.7806267806247407,0.9999999999683564,0.057503276142906096
88.77219304826207,1.1060231051433689,0.005210966037352938,0.7784090909016159,0.7806267806247559,0.9999999999684892,0.057503276142886334
88.79719929982495,1.1061433713071864,0.004406873514308024,0.7784090909016868,0.780626780624771,0.9999999999686027,0.05750327614286705
88.82220555138785,1.1062434567221913,0.0035971190703654975,0.7784090909017554,0.7806267806247862,0.9999999999686968,0.05750327614284826
88.84721180295074,1.106323235536223,0.0027829620196296286,0.7784090909018218,0.7806267806248014,0.9999999999687716,0.05750327614282995
88.87221805451364,1.1063826134661492,0.001965667582914141,0.7784090909018858,0.7806267806248165,0.9999999999688273,0.057503276142812206
88.89722430607652,1.106421527917929,0.001146504731465855,0.7784090909019477,0.7806267806248316,0.9999999999688637,0.057503276142794935
88.92223055763941,1.1064399480541784,0.0003267440045007124,0.778409090902007,0.7806267806248467,0.9999999999688809,0.05750327614277821
88.94723680920231,1.1064378748059955,-0.0004923446681946695,0.778409090902064,0.7806267806248616,0.9999999999688789,0.05750327614276213
88.9722430607652,1.106415340830286,-0.0013094941395240434,0.7784090909021185,0.7806267806248763,0.9999999999688579,0.05750327614274657
88.99724931232808,1.1063724104132069,-0.002123442208787769,0.7784090909021705,0.7806267806248911,0.9999999999688178,0.05750327614273161
89.02225556389098,1.1063091793195496,-0.002932933777257669,0.77840909090222,0.7806267806249056,0.9999999999687585,0.05750327614271723
89.04726181545387,1.1062257745882018,-0.0037367229853028077,0.778409090902267,0.7806267806249201,0.9999999999686803,0.057503276142703466
89.07226806701676,1.1061223542748078,-0.004533575323062538,0.7784090909023113,0.7806267806249343,0.9999999999685829,0.057503276142690345
89.09727431857965,1.105999107141924,-0.005322269715694671,0.7784090909023529,0.7806267806249483,0.9999999999684666,0.057503276142677855
89.12228057014254,1.1058562522978375,-0.00610160057727387,0.7784090909023919,0.7806267806249622,0.9999999999683311,0.05750327614266603
89.14728682170544,1.105694038781676,-0.006870379838439607,0.7784090909024282,0.7806267806249758,0.9999999999681767,0.057503276142654824
89.17229307326832,1.105512745102613,-0.007627438909712432,0.7784090909024618,0.7806267806249892,0.9999999999680032,0.05750327614264425
89.1972993248312,1.1053126787301708,-0.008371630609363244,0.7784090909024926,0.7806267806250025,0.9999999999678104,0.05750327614263439
89.2223055763941,1.105094175531044,-0.009101831064280067,0.7784090909025206,0.7806267806250153,0.9999999999675988,0.05750327614262522
89.24731182795699,1.1048575991636695,-0.009816941529345502,0.778409090902546,0.780626780625028,0.999999999967368,0.057503276142616695
89.27231807951988,1.1046033404351483,-0.010515890139091526,0.7784090909025684,0.7806267806250403,0.9999999999671181,0.05750327614260891
89.29732433108278,1.104331816596133,-0.011197633656534966,0.778409090902588,0.7806267806250523,0.9999999999668492,0.057503276142601804
89.32233058264566,1.104043470609331,-0.011861159095379667,0.7784090909026048,0.7806267806250641,0.9999999999665612,0.05750327614259542
89.34733683420856,1.103738770382988,-0.012505485286498993,0.7784090909026187,0.7806267806250754,0.9999999999662541,0.05750327614258977
89.37234308577145,1.1034182079314598,-0.01312966444105969,0.7784090909026296,0.7806267806250865,0.999999999965928,0.05750327614258485
89.39734933733433,1.103082298551315,-0.013732783520206869,0.7784090909026375,0.7806267806250972,0.9999999999655829,0.05750327614258066
89.42235558889723,1.1027315799178843,-0.014313965647355185,0.7784090909026425,0.7806267806251075,0.9999999999652189,0.05750327614257722
89.44736184046012,1.102366611158959,-0.014872371386249576,0.7784090909026447,0.7806267806251175,0.999999999964836,0.057503276142574535
89.472368092023,1.1019879719347498,-0.015407199910141027,0.7784090909026438,0.7806267806251271,0.9999999999644342,0.057503276142572564
89.4973743435859,1.1015962614054435,-0.015917690203058554,0.7784090909026399,0.7806267806251364,0.9999999999640139,0.05750327614257136
89.52238059514879,1.1011920972876923,-0.016403122008267663,0.778409090902633,0.780626780625145,0.9999999999635749,0.05750327614257098
89.54738684671169,1.1007761147548945,-0.01686281689204273,0.7784090909026231,0.7806267806251534,0.9999999999631175,0.05750327614257129
89.57239309827457,1.1003489654428458,-0.017296139026584164,0.7784090909026101,0.7806267806251613,0.9999999999626419,0.05750327614257244
89.59739934983746,1.0999113163257255,-0.017702496062525445,0.7784090909025941,0.7806267806251689,0.9999999999621481,0.057503276142574354
89.62240560140036,1.0994638486482415,-0.018081339779213047,0.778409090902575,0.780626780625176,0.9999999999616365,0.05750327614257703
89.64741185296324,1.0990072568072295,-0.018432166747572674,0.7784090909025528,0.7806267806251825,0.9999999999611073,0.05750327614258056
89.67241810452613,1.0985422472119712,-0.018754518844957494,0.7784090909025277,0.7806267806251888,0.9999999999605611,0.0575032761425848
89.69742435608903,1.0980695371736156,-0.0190479837249032,0.7784090909024995,0.7806267806251944,0.9999999999599978,0.057503276142589856
89.72243060765192,1.0975898537181363,-0.019312195174371247,0.7784090909024682,0.7806267806251996,0.999999999959418,0.057503276142595726
89.7474368592148,1.0971039324671528,-0.01954683341975338,0.7784090909024339,0.7806267806252044,0.999999999958822,0.057503276142602366
89.7724431107777,1.0966125164473037,-0.019751625300608266,0.7784090909023966,0.7806267806252086,0.9999999999582105,0.05750327614260978
89.79744936234059,1.0961163549205493,-0.019926344444586915,0.7784090909023562,0.7806267806252123,0.9999999999575837,0.05750327614261804
89.82245561390349,1.0956162022671567,-0.020070811236550103,0.7784090909023129,0.7806267806252156,0.9999999999569426,0.05750327614262701
89.84746186546637,1.095112816685679,-0.02018489288386883,0.7784090909022665,0.7806267806252183,0.9999999999562874,0.05750327614263682
89.87246811702926,1.094606959252211,-0.020268503190510913,0.7784090909022171,0.7806267806252205,0.999999999955619,0.057503276142647414
89.89747436859216,1.0940993924331273,-0.020321602482479734,0.7784090909021648,0.7806267806252221,0.999999999954938,0.0575032761426588
89.92248062015504,1.0935908793074298,-0.020344197275063314,0.7784090909021096,0.7806267806252232,0.9999999999542453,0.05750327614267094
89.94748687171793,1.0930821820734749,-0.02033633994629985,0.7784090909020516,0.7806267806252238,0.9999999999535416,0.05750327614268383
89.97249312328083,1.0925740610039618,-0.020298128409465384,0.7784090909019906,0.7806267806252238,0.999999999952828,0.057503276142697485
89.99749937484371,1.0920672736743315,-0.020229705566003685,0.7784090909019269,0.7806267806252234,0.9999999999521054,0.05750327614271192
90.02250562640661,1.091562573145895,-0.020131258771305123,0.7784090909018606,0.7806267806252223,0.9999999999513747,0.05750327614272704
90.0475118779695,1.0910607073595173,-0.02000301936464189,0.7784090909017914,0.7806267806252207,0.999999999950637,0.05750327614274292
90.07251812953238,1.0905624181301952,-0.019845261890827852,0.7784090909017197,0.7806267806252186,0.9999999999498936,0.05750327614275947
90.09752438109528,1.0900684395869593,-0.019658303396414677,0.7784090909016455,0.780626780625216,0.9999999999491456,0.057503276142776755
90.12253063265817,1.0895794975856612,-0.019442502781898807,0.7784090909015687,0.7806267806252127,0.9999999999483941,0.057503276142794685
90.14753688422105,1.08909630845835,-0.019198259855730832,0.7784090909014897,0.7806267806252091,0.9999999999476405,0.057503276142813246
90.17254313578395,1.0886195779706458,-0.018926014539686238,0.7784090909014083,0.7806267806252047,0.9999999999468863,0.05750327614283248
90.19754938734684,1.088150000525977,-0.018626245981346004,0.7784090909013248,0.7806267806252,0.9999999999461329,0.0575032761428523
90.22255563890972,1.0876882579085132,-0.018299471493798337,0.7784090909012392,0.7806267806251945,0.9999999999453815,0.0575032761428727
90.24756189047262,1.087235018641246,-0.017946245710562313,0.7784090909011515,0.7806267806251886,0.9999999999446337,0.05750327614289372
90.27256814203551,1.0867909368133348,-0.017567159382286493,0.778409090901062,0.7806267806251822,0.9999999999438911,0.05750327614291524
90.29757439359841,1.086356651377402,-0.017162838460868506,0.7784090909009708,0.7806267806251753,0.9999999999431554,0.05750327614293728
90.3225806451613,1.085932785153978,-0.016733942853723267,0.778409090900878,0.7806267806251678,0.9999999999424278,0.057503276142959775
90.34758689672418,1.0855199440827323,-0.016281165395645947,0.7784090909007836,0.7806267806251598,0.9999999999417104,0.05750327614298276
90.37259314828708,1.0851187163549172,-0.015805230583803252,0.7784090909006879,0.7806267806251513,0.9999999999410045,0.05750327614300613
90.39759939984997,1.084729671680719,-0.015306893459742007,0.7784090909005911,0.7806267806251423,0.999999999940312,0.05750327614302987
90.42260565141285,1.0843533605015645,-0.014786938307615722,0.7784090909004933,0.7806267806251328,0.9999999999396343,0.05750327614305395
90.44761190297575,1.0839903133150965,-0.014246177483783247,0.7784090909003945,0.7806267806251229,0.9999999999389733,0.05750327614307834
90.47261815453864,1.0836410399430785,-0.013685450061090433,0.778409090900295,0.7806267806251125,0.9999999999383304,0.05750327614310299
90.49762440610154,1.0833060289320522,-0.013105620632405628,0.778409090900195,0.7806267806251016,0.9999999999377076,0.057503276143127884
90.52263065766442,1.0829857468729962,-0.012507577899972052,0.7784090909000947,0.7806267806250903,0.9999999999371061,0.05750327614315294
90.54763690922731,1.0826806378765277,-0.01189223345754458,0.7784090908999941,0.7806267806250785,0.9999999999365278,0.057503276143178135
90.57264316079021,1.0823911229569438,-0.011260520346334686,0.7784090908998936,0.7806267806250664,0.9999999999359741,0.0575032761432034
90.59764941235309,1.082117599565878,-0.010613391795768257,0.7784090908997934,0.780626780625054,0.9999999999354465,0.05750327614322868
90.62265566391598,1.081860441065396,-0.009951819794124976,0.7784090908996935,0.780626780625041,0.9999999999349467,0.05750327614325401
90.64766191547888,1.0816199962962139,-0.009276793742227358,0.7784090908995941,0.7806267806250278,0.9999999999344757,0.05750327614327926
90.67266816704176,1.0813965891586719,-0.008589319086829101,0.7784090908994955,0.7806267806250142,0.999999999934035,0.057503276143304444
90.69767441860465,1.0811905182147223,-0.007890415882654076,0.7784090908993979,0.7806267806250003,0.999999999933626,0.05750327614332942
90.72268067016755,1.0810020563608842,-0.007181117459253107,0.7784090908993015,0.7806267806249861,0.9999999999332496,0.057503276143354265
90.74768692173043,1.080831450496105,-0.006462468973886559,0.7784090908992065,0.7806267806249717,0.9999999999329071,0.05750327614337881
90.77269317329333,1.0806789212514132,-0.005735526022003079,0.7784090908991131,0.7806267806249569,0.9999999999325995,0.057503276143403066
90.79769942485622,1.0805446627486777,-0.00500135325063413,0.7784090908990215,0.7806267806249421,0.9999999999323275,0.05750327614342694
90.8227056764191,1.0804288423847148,-0.004261022917693012,0.7784090908989318,0.780626780624927,0.9999999999320919,0.05750327614345046
90.847711927982,1.0803316006642207,-0.0035156135046764438,0.7784090908988442,0.7806267806249116,0.9999999999318935,0.05750327614347355
90.87271817954489,1.0802530510607473,-0.002766208311869911,0.7784090908987591,0.7806267806248962,0.9999999999317328,0.057503276143496124
90.89772443110778,1.0801932799117677,-0.00201389403664872,0.7784090908986765,0.7806267806248806,0.9999999999316103,0.057503276143518155
90.92273068267068,1.080152346352954,-0.0012597593746307375,0.7784090908985964,0.780626780624865,0.9999999999315262,0.05750327614353962
90.94773693423356,1.080130282285801,-0.0005048936244980717,0.7784090908985194,0.7806267806248492,0.9999999999314808,0.05750327614356045
90.97274318579645,1.0801270923793067,0.00024961471712532933,0.7784090908984453,0.7806267806248335,0.9999999999314744,0.0575032761435806
90.99774943735935,1.0801427541077901,0.0010026793498236187,0.7784090908983746,0.7806267806248177,0.9999999999315066,0.057503276143599985
91.02275568892223,1.0801772178232647,0.00175321755599287,0.7784090908983071,0.780626780624802,0.9999999999315773,0.05750327614361868
91.04776194048513,1.0802304068621924,0.0025001515836704535,0.7784090908982433,0.7806267806247862,0.9999999999316864,0.0575032761436365
91.07276819204802,1.0803022176870751,0.0032424100252615626,0.778409090898183,0.7806267806247706,0.9999999999318334,0.05750327614365353
91.0977744436109,1.0803925200620836,0.0039789291833334526,0.7784090908981265,0.7806267806247551,0.9999999999320178,0.05750327614366969
91.1227806951738,1.0805011572626506,0.004708654430164564,0.7784090908980739,0.7806267806247398,0.9999999999322391,0.05750327614368494
91.14778694673669,1.0806279463191228,0.00543054156140789,0.7784090908980252,0.7806267806247246,0.9999999999324962,0.05750327614369927
91.17279319829957,1.0807726782960398,0.006143558144848401,0.7784090908979807,0.7806267806247096,0.9999999999327887,0.05750327614371259
91.19779944986247,1.0809351186004623,0.006846684835543691,0.7784090908979403,0.7806267806246949,0.9999999999331155,0.057503276143724955
91.22280570142536,1.0811150073254148,0.007538916699539139,0.7784090908979042,0.7806267806246804,0.9999999999334754,0.05750327614373629
91.24781195298826,1.0813120596321568,0.00821926453972836,0.7784090908978725,0.7806267806246662,0.9999999999338676,0.057503276143746604
91.27281820455114,1.0815259661531575,0.00888675616022982,0.778409090897845,0.7806267806246522,0.9999999999342906,0.05750327614375588
91.29782445611403,1.0817563934334886,0.009540437653684264,0.7784090908978221,0.7806267806246385,0.9999999999347433,0.057503276143764104
91.32283070767693,1.0820029844141783,0.010179374690339,0.7784090908978035,0.7806267806246253,0.9999999999352243,0.05750327614377123
91.34783695923981,1.0822653589211755,0.010802653716138646,0.7784090908977894,0.7806267806246125,0.9999999999357321,0.05750327614377723
91.3728432108027,1.0825431142125579,0.011409383221709517,0.7784090908977798,0.7806267806246,0.9999999999362654,0.057503276143782214
91.3978494623656,1.0828358255454775,0.011998694942634112,0.7784090908977745,0.7806267806245879,0.9999999999368225,0.05750327614378609
91.42285571392848,1.0831430467550598,0.012569745016940938,0.7784090908977739,0.7806267806245764,0.9999999999374022,0.05750327614378885
91.44786196549137,1.0834643109115178,0.013121715217369913,0.7784090908977774,0.7806267806245653,0.9999999999380027,0.05750327614379053
91.47286821705427,1.0837991309352226,0.013653814013245962,0.7784090908977855,0.7806267806245546,0.9999999999386222,0.057503276143791096
91.49787446861716,1.0841470003172833,0.014165277768828166,0.778409090897798,0.7806267806245444,0.9999999999392595,0.05750327614379059
91.52288072018005,1.0845073938021341,0.01465537177746176,0.7784090908978146,0.7806267806245348,0.9999999999399126,0.05750327614378897
91.54788697174294,1.0848797681352855,0.01512339135606762,0.7784090908978355,0.7806267806245257,0.9999999999405802,0.05750327614378634
91.57289322330583,1.085263562838467,0.015568662887650337,0.7784090908978605,0.7806267806245172,0.9999999999412603,0.057503276143782645
91.59789947486873,1.085658200964747,0.01599054478841122,0.7784090908978895,0.7806267806245092,0.9999999999419518,0.05750327614377791
91.62290572643161,1.0860630899677248,0.0163884285460906,0.7784090908979224,0.7806267806245017,0.9999999999426525,0.057503276143772195
91.6479119779945,1.0864776224649284,0.016761739572271197,0.7784090908979592,0.780626780624495,0.9999999999433613,0.05750327614376546
91.6729182295574,1.086901177190296,0.017109938206338736,0.7784090908979998,0.7806267806244888,0.9999999999440764,0.05750327614375775
91.69792448112028,1.0873331197699962,0.017432520467675856,0.7784090908980439,0.7806267806244831,0.9999999999447964,0.057503276143749116
91.72293073268318,1.0877728037475345,0.017729018998703595,0.7784090908980915,0.7806267806244781,0.9999999999455198,0.05750327614373954
91.74793698424607,1.0882195713751481,0.017999003726881378,0.7784090908981426,0.7806267806244738,0.9999999999462451,0.057503276143729035
91.77294323580895,1.0886727546974493,0.01824208272121668,0.7784090908981968,0.78062678062447,0.9999999999469711,0.05750327614371773
91.79794948737185,1.0891316763724082,0.018457902778888598,0.7784090908982542,0.7806267806244669,0.9999999999476961,0.057503276143705546
91.82295573893474,1.0895956507740319,0.018646150156479174,0.7784090908983143,0.7806267806244644,0.999999999948419,0.05750327614369258
91.84796199049762,1.0900639849019775,0.0188065511172248,0.7784090908983775,0.7806267806244626,0.9999999999491387,0.05750327614367881
91.87296824206052,1.0905359793957152,0.018938872472935925,0.7784090908984433,0.7806267806244613,0.9999999999498539,0.05750327614366433
91.89797449362341,1.0910109296694026,0.019042922144820028,0.7784090908985116,0.7806267806244607,0.9999999999505633,0.05750327614364913
91.9229807451863,1.0914881266792864,0.01911854946547916,0.7784090908985822,0.7806267806244607,0.999999999951266,0.05750327614363328
91.9479869967492,1.0919668583563877,0.01916564573279111,0.7784090908986551,0.7806267806244613,0.9999999999519609,0.05750327614361681
91.97299324831208,1.0924464102577236,0.019184144377272814,0.7784090908987299,0.7806267806244626,0.999999999952647,0.05750327614359975
91.99799949987498,1.0929260668198375,0.01917402128220247,0.7784090908988067,0.7806267806244644,0.9999999999533236,0.05750327614358208
92.02300575143786,1.0934051126277982,0.019135295056185088,0.7784090908988852,0.7806267806244669,0.9999999999539896,0.057503276143563896
92.04801200300075,1.0938828329552177,0.019068027028294406,0.7784090908989654,0.7806267806244699,0.9999999999546443,0.05750327614354522
92.07301825456365,1.0943585152868027,0.01897232140361252,0.778409090899047,0.7806267806244735,0.9999999999552869,0.0575032761435261
92.09802450612654,1.0948314503853147,0.018848325289076272,0.7784090908991299,0.7806267806244778,0.9999999999559168,0.05750327614350654
92.12303075768942,1.0953009329793437,0.018696228566704047,0.7784090908992138,0.7806267806244824,0.9999999999565334,0.05750327614348667
92.14803700925232,1.095766263256391,0.018516263786562192,0.7784090908992988,0.7806267806244878,0.999999999957136,0.057503276143466425
92.1730432608152,1.0962267476803114,0.018308705984471776,0.7784090908993846,0.7806267806244935,0.999999999957724,0.05750327614344584
92.1980495123781,1.0966817000940299,0.01807387239401006,0.7784090908994711,0.7806267806244999,0.9999999999582971,0.05750327614342503
92.22305576394099,1.0971304429035234,0.017812122085371283,0.7784090908995581,0.7806267806245067,0.9999999999588547,0.05750327614340396
92.24806201550388,1.097572307871484,0.017523855609676817,0.7784090908996456,0.780626780624514,0.9999999999593966,0.057503276143382714
92.27306826706678,1.0980066374268282,0.017209514421884176,0.7784090908997333,0.7806267806245218,0.9999999999599223,0.05750327614336124
92.29807451862966,1.098432785428178,0.016869580426871207,0.7784090908998212,0.78062678062453,0.9999999999604313,0.05750327614333971
92.32308077019255,1.0988501183772938,0.016504575240204843,0.7784090908999092,0.7806267806245386,0.9999999999609237,0.05750327614331803
92.34808702175545,1.099258016233182,0.016115059589340272,0.7784090908999969,0.7806267806245477,0.9999999999613989,0.057503276143296325
92.37309327331833,1.0996558735205801,0.01570163243732482,0.7784090909000845,0.7806267806245573,0.999999999961857,0.057503276143274495
92.39809952488122,1.100043100156383,0.01526493023390691,0.7784090909001716,0.780626780624567,0.9999999999622975,0.05750327614325276
92.42310577644412,1.1004191224822901,0.014805625900291011,0.7784090909002583,0.7806267806245772,0.9999999999627204,0.05750327614323103
92.448112028007,1.1007833840651542,0.014324427942125762,0.7784090909003445,0.7806267806245878,0.9999999999631255,0.05750327614320932
92.4731182795699,1.101135346669094,0.013822079290298623,0.77840909090043,0.7806267806245987,0.9999999999635127,0.05750327614318769
92.49812453113279,1.1014744910107968,0.013299356284671571,0.7784090909005146,0.7806267806246099,0.9999999999638822,0.057503276143166186
92.52313078269567,1.1018003176664697,0.012757067379398562,0.7784090909005984,0.7806267806246214,0.9999999999642335,0.05750327614314479
92.54813703425857,1.1021123477824124,0.012196051990576422,0.7784090909006812,0.7806267806246332,0.9999999999645668,0.057503276143123595
92.57314328582146,1.1024101238949695,0.01161717909899342,0.7784090909007629,0.7806267806246451,0.9999999999648819,0.05750327614310258
92.59814953738434,1.1026932106113685,0.011021345931174008,0.7784090909008435,0.7806267806246573,0.9999999999651789,0.05750327614308174
92.62315578894724,1.1029611953153138,0.010409476512580899,0.7784090909009229,0.7806267806246697,0.9999999999654576,0.05750327614306115
92.64816204051013,1.1032136888253137,0.009782520155295026,0.778409090901001,0.7806267806246824,0.9999999999657183,0.05750327614304081
92.67316829207303,1.103450325984257,0.009141449978383292,0.7784090909010776,0.7806267806246951,0.9999999999659608,0.05750327614302076
92.69817454363591,1.1036707662650314,0.0084872612502701,0.7784090909011527,0.7806267806247081,0.9999999999661853,0.05750327614300097
92.7231807951988,1.1038746942787356,0.007820969812906314,0.7784090909012262,0.7806267806247211,0.9999999999663914,0.057503276142981584
92.7481870467617,1.1040618202801709,0.007143610384835814,0.7784090909012982,0.7806267806247343,0.9999999999665796,0.05750327614296248
92.77319329832459,1.1042318806218463,0.006456234823918972,0.7784090909013686,0.7806267806247477,0.9999999999667497,0.05750327614294369
92.79819954988747,1.1043846381489317,0.005759910418908862,0.7784090909014371,0.780626780624761,0.9999999999669017,0.05750327614292536
92.82320580145037,1.104519882572978,0.005055718075044905,0.7784090909015038,0.7806267806247744,0.9999999999670357,0.05750327614290735
92.84821205301326,1.1046374307874383,0.004344750500407648,0.7784090909015687,0.780626780624788,0.9999999999671518,0.057503276142889734
92.87321830457614,1.1047371271360806,0.00362811039232547,0.7784090909016317,0.7806267806248014,0.9999999999672499,0.057503276142872595
92.89822455613904,1.1048188436437967,0.0029069085628395715,0.7784090909016926,0.7806267806248149,0.99999999996733,0.05750327614285589
92.92323080770193,1.1048824801952668,0.0021822620595666467,0.7784090909017516,0.7806267806248284,0.9999999999673923,0.057503276142839656
92.94823705926483,1.1049279646658494,0.001455292294395014,0.7784090909018085,0.7806267806248418,0.9999999999674368,0.05750327614282387
92.97324331082771,1.1049552530081088,0.0007271231419638222,0.7784090909018634,0.7806267806248552,0.9999999999674635,0.05750327614280855
92.9982495623906,1.1049643292897582,-1.120961655255362e-06,0.778409090901916,0.7806267806248686,0.9999999999674722,0.05750327614279376
93.0232558139535,1.104955205683589,-0.0007283169170444143,0.7784090909019664,0.7806267806248819,0.9999999999674634,0.05750327614277946
93.04826206551638,1.1049279224103996,-0.0014533448541594327,0.7784090909020146,0.780626780624895,0.9999999999674367,0.05750327614276572
93.07326831707927,1.1048825476347264,-0.00217509001893096,0.7784090909020606,0.7806267806249081,0.9999999999673924,0.05750327614275247
93.09827456864217,1.1048191773133944,-0.0028924446481289282,0.7784090909021042,0.780626780624921,0.9999999999673304,0.05750327614273978
93.12328082020505,1.1047379349973958,-0.003604309824982668,0.7784090909021455,0.7806267806249337,0.9999999999672506,0.05750327614272767
93.14828707176795,1.10463897158793,-0.004309597313534716,0.7784090909021845,0.7806267806249464,0.9999999999671533,0.05750327614271611
93.17329332333084,1.104522465046847,-0.0050072313704202735,0.778409090902221,0.7806267806249588,0.9999999999670383,0.057503276142705124
93.19829957489372,1.1043886200602822,-0.005696150534734554,0.7784090909022551,0.7806267806249712,0.9999999999669056,0.05750327614269471
93.22330582645662,1.1042376676612047,-0.00637530936657002,0.7784090909022866,0.7806267806249833,0.9999999999667555,0.05750327614268493
93.24831207801951,1.104069864808396,-0.0070436801587745596,0.7784090909023158,0.780626780624995,0.9999999999665876,0.05750327614267573
93.2733183295824,1.1038854939188725,-0.0077002546256395,0.7784090909023423,0.7806267806250067,0.9999999999664023,0.057503276142667155
93.2983245811453,1.103684862361901,-0.008344045526296784,0.7784090909023664,0.7806267806250181,0.9999999999661995,0.05750327614265921
93.32333083270818,1.1034683019188607,-0.008974088231378656,0.778409090902388,0.7806267806250293,0.9999999999659792,0.057503276142651855
93.34833708427107,1.1032361681900544,-0.00958944228799162,0.7784090909024068,0.7806267806250402,0.9999999999657414,0.05750327614264519
93.37334333583397,1.1029888399740397,-0.01018919288451396,0.7784090909024232,0.7806267806250509,0.9999999999654863,0.05750327614263914
93.39834958739685,1.1027267186181773,-0.0107724522598235,0.7784090909024368,0.7806267806250612,0.9999999999652138,0.05750327614263378
93.42335583895975,1.102450227304359,-0.011338361119855372,0.7784090909024478,0.7806267806250713,0.9999999999649241,0.057503276142629026
93.44836209052264,1.102159810342279,-0.011886089890043364,0.7784090909024562,0.780626780625081,0.9999999999646172,0.057503276142624994
93.47336834208552,1.1018559324014867,-0.012414839993377587,0.7784090909024619,0.7806267806250904,0.9999999999642931,0.0575032761426216
93.49837459364842,1.1015390777094107,-0.012923845039585904,0.7784090909024649,0.7806267806250995,0.9999999999639522,0.057503276142618895
93.5233808452113,1.1012097492649982,-0.013412371891660908,0.7784090909024652,0.7806267806251082,0.9999999999635942,0.05750327614261687
93.54838709677419,1.1008684679468599,-0.013879721787881258,0.7784090909024628,0.7806267806251166,0.9999999999632195,0.05750327614261554
93.57339334833709,1.1005157716936818,-0.01432523123295226,0.7784090909024577,0.7806267806251246,0.9999999999628283,0.05750327614261488
93.59839959989998,1.1001522145635656,-0.014748272985457786,0.7784090909024498,0.7806267806251322,0.9999999999624207,0.057503276142614926
93.62340585146286,1.099778365850214,-0.015148256830529382,0.7784090909024391,0.7806267806251396,0.9999999999619968,0.057503276142615696
93.64841210302576,1.0993948091343688,-0.015524630381855042,0.7784090909024257,0.7806267806251465,0.999999999961557,0.05750327614261715
93.67341835458865,1.0990021413183384,-0.015876879758647724,0.7784090909024096,0.7806267806251529,0.9999999999611014,0.05750327614261935
93.69842460615155,1.0986009716894245,-0.016204530194583087,0.7784090909023907,0.780626780625159,0.9999999999606304,0.057503276142622205
93.72343085771443,1.098191920879517,-0.01650714660718755,0.7784090909023692,0.7806267806251647,0.9999999999601443,0.057503276142625785
93.74843710927732,1.0977756199402204,-0.016784334032626986,0.7784090909023448,0.78062678062517,0.9999999999596435,0.05750327614263007
93.77344336084022,1.0973527092463549,-0.01703573806482678,0.7784090909023177,0.7806267806251748,0.9999999999591282,0.057503276142635076
93.7984496124031,1.0969238375760215,-0.017261045140779793,0.7784090909022878,0.7806267806251792,0.9999999999585989,0.0575032761426408
93.82345586396599,1.0964896609833386,-0.017459982826256458,0.7784090909022552,0.7806267806251831,0.9999999999580562,0.05750327614264723
93.84846211552889,1.096050841864581,-0.01763231998035506,0.7784090909022199,0.7806267806251866,0.9999999999575003,0.05750327614265439
93.87346836709177,1.0956080478481294,-0.017777866862232455,0.7784090909021819,0.7806267806251896,0.999999999956932,0.05750327614266222
93.89847461865467,1.0951619507893777,-0.017896475207308356,0.7784090909021412,0.7806267806251923,0.9999999999563518,0.05750327614267078
93.92348087021756,1.0947132257779588,-0.01798803813540632,0.7784090909020979,0.7806267806251944,0.9999999999557603,0.057503276142680027
93.94848712178045,1.0942625499544,-0.018052490151290325,0.778409090902052,0.7806267806251961,0.999999999955158,0.057503276142689935
93.97349337334335,1.0938106017485345,-0.0180898068840476,0.7784090909020035,0.7806267806251973,0.9999999999545459,0.05750327614270055
93.99849962490623,1.0933580594886536,-0.018100004942852157,0.7784090909019524,0.780626780625198,0.9999999999539246,0.05750327614271187
94.02350587646912,1.0929056007333169,-0.018083141617325597,0.7784090909018988,0.7806267806251982,0.9999999999532949,0.05750327614272384
94.04851212803202,1.092453901103929,-0.018039314468959497,0.7784090909018428,0.780626780625198,0.9999999999526576,0.057503276142736454
94.0735183795949,1.0920036330751401,-0.017968661028287588,0.7784090909017845,0.7806267806251973,0.9999999999520138,0.057503276142749714
94.09852463115779,1.091555465479789,-0.01787135829440343,0.7784090909017236,0.7806267806251961,0.9999999999513642,0.05750327614276366
94.12353088272069,1.091110062106623,-0.01774762214071358,0.7784090909016605,0.7806267806251944,0.9999999999507101,0.05750327614277819
94.14853713428357,1.0906680807272189,-0.017597706874882667,0.7784090909015953,0.7806267806251922,0.9999999999500522,0.057503276142793304
94.17354338584647,1.0902301725181591,-0.017421904565651514,0.7784090909015278,0.7806267806251895,0.9999999999493916,0.057503276142809055
94.19854963740936,1.0897969807325618,-0.017220544314037134,0.7784090909014583,0.7806267806251863,0.9999999999487297,0.057503276142825376
94.22355588897224,1.08936913998026,-0.01699399164371257,0.7784090909013867,0.7806267806251828,0.9999999999480673,0.05750327614284226
94.24856214053514,1.088947275335765,-0.01674264767876996,0.7784090909013133,0.7806267806251787,0.999999999947406,0.05750327614285965
94.27356839209803,1.0885320012872868,-0.016466948324738148,0.7784090909012379,0.780626780625174,0.9999999999467466,0.057503276142877605
94.29857464366091,1.0881239211340938,-0.016167363513736842,0.778409090901161,0.780626780625169,0.9999999999460907,0.057503276142895986
94.32358089522381,1.0877236258870429,-0.015844396191130497,0.7784090909010822,0.7806267806251634,0.9999999999454394,0.05750327614291491
94.3485871467867,1.0873316936697233,-0.015498581544050571,0.7784090909010021,0.7806267806251574,0.999999999944794,0.05750327614293424
94.3735933983496,1.086948688762608,-0.015130485911425798,0.7784090909009205,0.7806267806251509,0.999999999944156,0.05750327614295401
94.39859964991248,1.0865751609522434,-0.014740705921243533,0.7784090909008375,0.780626780625144,0.9999999999435267,0.05750327614297418
94.42360590147537,1.0862116447032069,-0.014329867372216407,0.7784090909007536,0.7806267806251366,0.9999999999429076,0.057503276142994685
94.44861215303827,1.085858658504257,-0.013898624281569084,0.7784090909006685,0.7806267806251288,0.9999999999422997,0.05750327614301555
94.47361840460115,1.0855167041241793,-0.013447657733316166,0.7784090909005825,0.7806267806251205,0.9999999999417047,0.057503276143036665
94.49862465616404,1.0851862659967886,-0.01297767486506523,0.7784090909004958,0.7806267806251118,0.999999999941124,0.057503276143058064
94.52363090772694,1.0848678105340592,-0.012489407668656366,0.7784090909004084,0.7806267806251027,0.9999999999405589,0.05750327614307972
94.54863715928983,1.0845617855715208,-0.011983611940960641,0.7784090909003206,0.7806267806250933,0.9999999999400107,0.05750327614310156
94.57364341085271,1.0842686197309253,-0.01146106603312295,0.7784090909002325,0.7806267806250835,0.9999999999394806,0.05750327614312352
94.59864966241561,1.0839887219295672,-0.010922569773936831,0.7784090909001442,0.7806267806250733,0.9999999999389704,0.057503276143145605
94.6236559139785,1.0837224808002985,-0.010368943182326536,0.7784090909000558,0.7806267806250627,0.999999999938481,0.057503276143167796
94.6486621655414,1.0834702642539533,-0.00980102535084288,0.7784090908999677,0.7806267806250519,0.9999999999380137,0.05750327614319004
94.67366841710428,1.083232418976571,-0.009219673159101952,0.7784090908998799,0.7806267806250405,0.9999999999375698,0.05750327614321226
94.69867466866717,1.0830092700249403,-0.008625760081522387,0.7784090908997925,0.780626780625029,0.9999999999371505,0.05750327614323447
94.72368092023007,1.082801120419975,-0.008020174947201501,0.7784090908997058,0.7806267806250171,0.9999999999367568,0.05750327614325659
94.74868717179295,1.0826082507697572,-0.007403820656379256,0.7784090908996198,0.7806267806250049,0.9999999999363898,0.057503276143278596
94.77369342335584,1.0824309189513104,-0.006777612977966484,0.7784090908995349,0.7806267806249925,0.9999999999360505,0.05750327614330046
94.79869967491874,1.082269359786007,-0.006142479234529716,0.7784090908994511,0.7806267806249798,0.9999999999357398,0.05750327614332211
94.82370592648162,1.082123784778423,-0.005499357062457561,0.7784090908993686,0.780626780624967,0.9999999999354585,0.05750327614334346
94.84871217804452,1.0819943818721236,-0.0048491931427343945,0.7784090908992877,0.7806267806249539,0.9999999999352075,0.057503276143364576
94.87371842960741,1.0818813152341316,-0.004192941895824864,0.7784090908992083,0.7806267806249407,0.9999999999349873,0.057503276143385344
94.8987246811703,1.0817847250844284,-0.003531564233947742,0.7784090908991308,0.7806267806249273,0.9999999999347987,0.057503276143405745
94.92373093273319,1.0817047275459946,-0.002866026271216567,0.7784090908990553,0.7806267806249138,0.9999999999346421,0.05750327614342572
94.94873718429608,1.0816414145300346,-0.002197298031779078,0.7784090908989819,0.7806267806249001,0.9999999999345177,0.057503276143445234
94.97374343585896,1.0815948536563695,-0.0015263521855977832,0.7784090908989109,0.7806267806248863,0.9999999999344262,0.057503276143464274
94.99874968742186,1.0815650882023142,-0.0008541627678979015,0.7784090908988421,0.7806267806248726,0.9999999999343676,0.057503276143482766
95.02375593898475,1.0815521370840744,-0.00018170389873290487,0.7784090908987761,0.7806267806248587,0.9999999999343421,0.05750327614350072
95.04876219054763,1.0815559948710864,0.0004900514877328291,0.7784090908987127,0.7806267806248448,0.9999999999343497,0.05750327614351806
95.07376844211053,1.0815766318314324,0.0011601329085397698,0.7784090908986522,0.7806267806248309,0.9999999999343904,0.05750327614353473
95.09877469367342,1.0816139940088358,0.001827573596051311,0.7784090908985946,0.780626780624817,0.9999999999344639,0.057503276143550774
95.12378094523632,1.0816680033314023,0.0024914117559289026,0.7784090908985402,0.7806267806248033,0.9999999999345699,0.05750327614356607
95.1487871967992,1.081738557751531,0.0031506918161117686,0.7784090908984889,0.7806267806247896,0.9999999999347083,0.057503276143580646
95.17379344836209,1.0818255314168084,0.003804465669483167,0.7784090908984409,0.7806267806247761,0.9999999999348785,0.057503276143594434
95.19879969992499,1.081928774872995,0.0044517939138736425,0.7784090908983963,0.7806267806247627,0.9999999999350798,0.05750327614360744
95.22380595148788,1.0820481152966206,0.005091747072553653,0.7784090908983552,0.7806267806247494,0.9999999999353119,0.057503276143619615
95.24881220305076,1.0821833567572652,0.005723406804408727,0.7784090908983177,0.7806267806247363,0.9999999999355738,0.05750327614363098
95.27381845461366,1.0823342805122884,0.006345867117614941,0.7784090908982838,0.7806267806247235,0.9999999999358649,0.05750327614364145
95.29882470617655,1.082500645332532,0.006958235565182787,0.7784090908982535,0.7806267806247108,0.9999999999361842,0.0575032761436511
95.32383095773945,1.0826821878503605,0.007559634403223253,0.7784090908982271,0.7806267806246985,0.9999999999365308,0.057503276143659784
95.34883720930233,1.0828786229463638,0.008149201777970443,0.7784090908982044,0.7806267806246863,0.9999999999369036,0.057503276143667605
95.37384346086522,1.0830896441633269,0.008726092875778637,0.7784090908981856,0.7806267806246745,0.9999999999373018,0.057503276143674474
95.39884971242812,1.0833149241359166,0.009289481029332825,0.7784090908981706,0.780626780624663,0.9999999999377241,0.05750327614368042
95.423855963991,1.083554115073793,0.009838558879390936,0.7784090908981595,0.7806267806246517,0.9999999999381695,0.057503276143685424
95.44886221555389,1.0838068492461697,0.010372539435797513,0.7784090908981521,0.780626780624641,0.9999999999386364,0.05750327614368948
95.47386846711679,1.08407273950468,0.010890657166183024,0.7784090908981487,0.7806267806246305,0.999999999939124,0.0575032761436926
95.49887471867967,1.0843513798496662,0.011392169083458699,0.7784090908981491,0.7806267806246205,0.9999999999396307,0.05750327614369472
95.52388097024256,1.0846423459763797,0.011876355722975542,0.7784090908981534,0.7806267806246108,0.9999999999401554,0.05750327614369597
95.54888722180546,1.084945195914854,0.012342522232459829,0.7784090908981613,0.7806267806246016,0.9999999999406967,0.05750327614369623
95.57389347336834,1.0852594706179017,0.012789999284195346,0.7784090908981731,0.7806267806245929,0.9999999999412532,0.05750327614369551
95.59889972493124,1.0855846946436638,0.013218144100622,0.7784090908981885,0.7806267806245846,0.9999999999418235,0.05750327614369393
95.62390597649413,1.0859203768139771,0.013626341352853042,0.7784090908982076,0.7806267806245767,0.9999999999424065,0.0575032761436914
95.64891222805701,1.0862660109107807,0.014014004076440548,0.7784090908982303,0.7806267806245694,0.9999999999430006,0.057503276143687956
95.67391847961991,1.0866210764176565,0.014380574566807336,0.7784090908982564,0.7806267806245625,0.9999999999436044,0.05750327614368364
95.6989247311828,1.0869850392218798,0.014725525182270152,0.7784090908982859,0.7806267806245561,0.999999999944217,0.05750327614367843
95.72393098274569,1.0873573524338933,0.015048359215874847,0.7784090908983188,0.7806267806245504,0.9999999999448366,0.05750327614367235
95.74893723430858,1.0877374570980134,0.01534861159892519,0.7784090908983549,0.780626780624545,0.9999999999454621,0.05750327614366543
95.77394348587147,1.088124783078385,0.01562584972287268,0.778409090898394,0.7806267806245402,0.999999999946092,0.057503276143657744
95.79894973743437,1.0885187497841087,0.015879674056630946,0.7784090908984364,0.7806267806245359,0.9999999999467255,0.05750327614364918
95.82395598899726,1.0889187671058995,0.016109718892289338,0.7784090908984815,0.7806267806245323,0.999999999947361,0.05750327614363987
95.84896224056014,1.0893242361699385,0.01631565289216092,0.7784090908985296,0.7806267806245291,0.9999999999479974,0.05750327614362981
95.87396849212304,1.0897345502911835,0.016497179724344616,0.7784090908985803,0.7806267806245265,0.9999999999486335,0.057503276143619
95.89897474368593,1.0901490958015596,0.016654038568579305,0.7784090908986336,0.7806267806245244,0.9999999999492684,0.05750327614360751
95.92398099524881,1.0905672529388417,0.01678600459195874,0.7784090908986894,0.7806267806245228,0.9999999999499009,0.05750327614359533
95.94898724681171,1.0909883968489402,0.016892889452883645,0.7784090908987474,0.780626780624522,0.9999999999505298,0.057503276143582485
95.9739934983746,1.0914118982915946,0.016974541577751738,0.7784090908988077,0.7806267806245215,0.9999999999511544,0.05750327614356908
95.99899974993748,1.0918371248790646,0.017030846650328214,0.77840909089887,0.7806267806245216,0.9999999999517735,0.05750327614355506
96.02400600150038,1.0922634416609656,0.017061727759853724,0.7784090908989343,0.7806267806245224,0.9999999999523864,0.057503276143540456
96.04901225306327,1.0926902123061668,0.017067145714785247,0.7784090908990003,0.7806267806245236,0.999999999952992,0.05750327614352536
96.07401850462617,1.0931168001174316,0.017047099254934046,0.7784090908990682,0.7806267806245253,0.9999999999535899,0.05750327614350975
96.09902475618905,1.0935425685069484,0.017001625055524452,0.7784090908991375,0.7806267806245276,0.9999999999541789,0.057503276143493695
96.12403100775194,1.0939668825312703,0.016930797901114437,0.7784090908992082,0.7806267806245304,0.9999999999547584,0.057503276143477194
96.14903725931484,1.0943891096613256,0.01683473070581651,0.7784090908992802,0.7806267806245337,0.999999999955328,0.05750327614346029
96.17404351087772,1.094808620423371,0.016713574375741756,0.7784090908993534,0.7806267806245375,0.9999999999558866,0.057503276143443034
96.19904976244061,1.095224789768824,0.016567517752676945,0.7784090908994276,0.7806267806245417,0.999999999956434,0.05750327614342544
96.22405601400351,1.0956369977938278,0.016396787451324817,0.7784090908995026,0.7806267806245465,0.9999999999569694,0.057503276143407514
96.2490622655664,1.0960446306706761,0.016201647618268793,0.7784090908995784,0.7806267806245517,0.9999999999574924,0.05750327614338933
96.27406851712928,1.0964470817778273,0.01598239961524655,0.778409090899655,0.7806267806245574,0.9999999999580025,0.05750327614337089
96.29907476869218,1.0968437523415253,0.01573938172274073,0.778409090899732,0.7806267806245635,0.9999999999584994,0.057503276143352225
96.32408102025506,1.0972340526293287,0.015472968639207857,0.7784090908998094,0.78062678062457,0.9999999999589825,0.05750327614333341
96.34908727181796,1.0976174026401697,0.01518357108769516,0.7784090908998871,0.780626780624577,0.9999999999594515,0.0575032761433144
96.37409352338085,1.0979932331454934,0.014871635193911482,0.7784090908999649,0.7806267806245843,0.9999999999599061,0.0575032761432953
96.39909977494374,1.0983609864747348,0.014537641942606214,0.7784090909000427,0.780626780624592,0.9999999999603459,0.0575032761432761
96.42410602650664,1.0987201174340635,0.014182106460516063,0.7784090909001206,0.7806267806246001,0.9999999999607709,0.057503276143256815
96.44911227806952,1.0990700941173897,0.013805577323913847,0.7784090909001983,0.7806267806246086,0.9999999999611806,0.05750327614323749
96.4741185296324,1.0994103987574784,0.013408635733219766,0.7784090909002755,0.7806267806246173,0.999999999961575,0.05750327614321818
96.4991247811953,1.0997405285073178,0.012991894696216475,0.7784090909003526,0.7806267806246263,0.9999999999619535,0.057503276143198875
96.52413103275819,1.10005999625339,0.012555998074422748,0.7784090909004291,0.7806267806246358,0.9999999999623166,0.05750327614317959
96.54913728432109,1.100368331337635,0.01210161966660836,0.7784090909005049,0.7806267806246455,0.9999999999626634,0.05750327614316039
96.57414353588398,1.100665080340062,0.011629462116183145,0.7784090909005801,0.7806267806246554,0.9999999999629945,0.05750327614314129
96.59914978744686,1.10094980773234,0.011140255907380707,0.7784090909006546,0.7806267806246656,0.9999999999633091,0.05750327614312231
96.62415603900976,1.1012220966181958,0.010634758143249884,0.7784090909007282,0.780626780624676,0.9999999999636077,0.057503276143103445
96.64916229057265,1.1014815493274093,0.010113751444688858,0.7784090909008009,0.7806267806246867,0.9999999999638898,0.05750327614308473
96.67416854213553,1.1017277880874963,0.00957804263634503,0.7784090909008725,0.7806267806246976,0.9999999999641556,0.057503276143066245
96.69917479369843,1.1019604555783602,0.00902846151462178,0.778409090900943,0.7806267806247087,0.9999999999644049,0.057503276143047934
96.72418104526132,1.1021792155056764,0.008465859498286234,0.7784090909010124,0.7806267806247199,0.9999999999646377,0.057503276143029844
96.7491872968242,1.1023837531284713,0.007891108233519762,0.7784090909010806,0.7806267806247313,0.9999999999648541,0.057503276143012004
96.7741935483871,1.1025737757298182,0.007305098227971337,0.7784090909011474,0.7806267806247428,0.9999999999650538,0.057503276142994435
96.79919979994999,1.1027490130917847,0.006708737342621759,0.7784090909012128,0.7806267806247544,0.9999999999652371,0.057503276142977136
96.82420605151289,1.1029092178948636,0.006102949342882273,0.7784090909012769,0.7806267806247662,0.9999999999654038,0.057503276142960136
96.84921230307577,1.1030541661016828,0.005488672374158234,0.7784090909013394,0.780626780624778,0.9999999999655539,0.057503276142943455
96.87421855463866,1.1031836573026825,0.004866857385667992,0.7784090909014003,0.7806267806247899,0.9999999999656874,0.05750327614292715
96.89922480620156,1.1032975150075959,0.004238466591782029,0.7784090909014596,0.7806267806248017,0.9999999999658045,0.05750327614291116
96.92423105776444,1.1033955869125802,0.003604471859374964,0.7784090909015172,0.7806267806248137,0.9999999999659048,0.05750327614289553
96.94923730932733,1.1034777451220543,0.0029658530792346094,0.7784090909015731,0.7806267806248257,0.9999999999659888,0.05750327614288031
96.97424356089023,1.103543886325656,0.002323596554613024,0.7784090909016272,0.7806267806248377,0.9999999999660563,0.05750327614286547
96.99924981245312,1.1035939319399164,0.0016786933493545587,0.7784090909016795,0.7806267806248497,0.9999999999661071,0.05750327614285106
97.02425606401601,1.1036278282069778,0.0010321376286835356,0.77840909090173,0.7806267806248617,0.9999999999661416,0.057503276142837054
97.0492623155789,1.1036455462506485,0.00038492500320363575,0.7784090909017786,0.7806267806248736,0.9999999999661596,0.05750327614282349
97.07426856714179,1.1036470820918924,-0.0002619491272063848,0.7784090909018252,0.7806267806248854,0.9999999999661612,0.05750327614281037
97.09927481870469,1.1036324566229982,-0.0009074912365917933,0.7784090909018698,0.7806267806248972,0.9999999999661463,0.057503276142797724
97.12428107026757,1.1036017155399607,-0.0015507113267804566,0.7784090909019123,0.7806267806249089,0.9999999999661151,0.05750327614278557
97.14928732183046,1.1035549292336535,-0.0021906245704291258,0.7784090909019529,0.7806267806249205,0.9999999999660675,0.05750327614277384
97.17429357339336,1.10349219264024,-0.0028262529439438463,0.7784090909019913,0.7806267806249321,0.9999999999660036,0.05750327614276266
97.19929982495624,1.103413625050523,-0.003456626846439631,0.7784090909020276,0.7806267806249435,0.9999999999659234,0.05750327614275196
97.22430607651913,1.1033193698791748,-0.004080786697078257,0.7784090909020617,0.7806267806249546,0.9999999999658269,0.0575032761427418
97.24931232808203,1.1032095943948916,-0.004697784505699526,0.7784090909020935,0.7806267806249657,0.9999999999657141,0.057503276142732165
97.27431857964491,1.1030844894118068,-0.00530668542206166,0.7784090909021233,0.7806267806249766,0.9999999999655852,0.057503276142723075
97.29932483120781,1.1029442689394906,-0.005906569266781995,0.7784090909021507,0.7806267806249874,0.9999999999654401,0.0575032761427145
97.3243310827707,1.1027891697987449,-0.006496532009440606,0.7784090909021759,0.7806267806249978,0.9999999999652789,0.057503276142706505
97.34933733433358,1.102619451202182,-0.007075687214134669,0.7784090909021987,0.7806267806250081,0.9999999999651017,0.0575032761426991
97.37434358589648,1.1024353942915646,-0.007643167474930255,0.7784090909022192,0.7806267806250183,0.9999999999649085,0.05750327614269221
97.39934983745937,1.1022373016458624,-0.008198125778897223,0.7784090909022374,0.7806267806250282,0.9999999999646993,0.0575032761426859
97.42435608902225,1.1020254967615295,-0.008739736821493491,0.7784090909022533,0.7806267806250379,0.9999999999644743,0.05750327614268018
97.44936234058515,1.101800323480422,-0.009267198328741554,0.7784090909022667,0.7806267806250472,0.9999999999642335,0.05750327614267507
97.47436859214804,1.1015621454090365,-0.009779732258992266,0.7784090909022777,0.7806267806250563,0.999999999963977,0.057503276142670576
97.49937484371094,1.1013113452990162,-0.010276585997294845,0.7784090909022864,0.7806267806250652,0.999999999963705,0.05750327614266662
97.52438109527382,1.1010483243797087,-0.010757033519148229,0.7784090909022927,0.7806267806250737,0.9999999999634175,0.0575032761426633
97.54938734683671,1.1007735017079614,-0.011220376414433433,0.7784090909022965,0.7806267806250821,0.9999999999631146,0.05750327614266059
97.57439359839961,1.1004873134346893,-0.01166594497447902,0.7784090909022978,0.78062678062509,0.9999999999627965,0.057503276142658495
97.5993998499625,1.100190212096599,-0.01209309910890146,0.7784090909022967,0.7806267806250976,0.9999999999624635,0.05750327614265707
97.62440610152538,1.0998826658598841,-0.012501229276627676,0.7784090909022932,0.780626780625105,0.9999999999621155,0.0575032761426562
97.64941235308828,1.0995651577271484,-0.012889757345023954,0.778409090902287,0.7806267806251119,0.9999999999617529,0.05750327614265602
97.67441860465117,1.0992381847824704,-0.013258137335499229,0.7784090909022785,0.7806267806251187,0.9999999999613759,0.05750327614265643
97.69942485621405,1.098902257319366,-0.01360585621474603,0.7784090909022675,0.780626780625125,0.9999999999609848,0.057503276142657475
97.72443110777695,1.0985578980813833,-0.013932434476077855,0.778409090902254,0.780626780625131,0.9999999999605795,0.05750327614265916
97.74943735933984,1.0982056413327275,-0.014237426831665487,0.778409090902238,0.7806267806251367,0.9999999999601608,0.057503276142661486
97.77444361090274,1.0978460320874688,-0.014520422652168795,0.7784090909022195,0.7806267806251419,0.9999999999597287,0.05750327614266447
97.79944986246562,1.0974796251372594,-0.014781046540894209,0.7784090909021986,0.7806267806251468,0.9999999999592835,0.05750327614266807
97.82445611402851,1.0971069842732748,-0.015018958641818693,0.7784090909021751,0.7806267806251512,0.9999999999588258,0.05750327614267234
97.8494623655914,1.0967286812739776,-0.015233855090377085,0.7784090909021493,0.7806267806251554,0.9999999999583559,0.05750327614267721
97.87446861715429,1.096345295134359,-0.01542546819226983,0.778409090902121,0.7806267806251591,0.9999999999578741,0.05750327614268276
97.89947486871718,1.0959574110080417,-0.015593566750808896,0.7784090909020901,0.7806267806251624,0.999999999957381,0.05750327614268891
97.92448112028008,1.095565619463881,-0.015737956122404764,0.778409090902057,0.7806267806251653,0.9999999999568772,0.05750327614269571
97.94948737184296,1.0951705153776743,-0.015858478411166846,0.7784090909020214,0.7806267806251678,0.9999999999563629,0.05750327614270316
97.97449362340586,1.0947726972207985,-0.015955012427370355,0.7784090909019835,0.7806267806251699,0.9999999999558391,0.057503276142711175
97.99949987496875,1.0943727659395324,-0.016027473714617855,0.7784090909019433,0.7806267806251717,0.999999999955306,0.057503276142719814
98.02450612653163,1.09397132419124,-0.016075814463872035,0.7784090909019008,0.7806267806251729,0.9999999999547645,0.05750327614272906
98.04951237809453,1.0935689753891393,-0.01610002333224341,0.778409090901856,0.7806267806251737,0.9999999999542152,0.057503276142738965
98.07451862965742,1.0931663226492698,-0.016100125329920677,0.778409090901809,0.7806267806251741,0.9999999999536588,0.0575032761427494
98.0995248812203,1.092763968240253,-0.016076181496027762,0.7784090909017597,0.7806267806251741,0.999999999953096,0.05750327614276046
98.1245311327832,1.0923625122507716,-0.01602828860918449,0.7784090909017084,0.7806267806251735,0.9999999999525278,0.05750327614277211
98.14953738434609,1.091962551898722,-0.015956578897622243,0.778409090901655,0.7806267806251727,0.9999999999519547,0.05750327614278429
98.17454363590898,1.0915646809149515,-0.015861219573040476,0.7784090909015995,0.7806267806251713,0.9999999999513778,0.05750327614279706
98.19954988747187,1.0911694881240566,-0.015742412344246746,0.7784090909015421,0.7806267806251695,0.9999999999507978,0.05750327614281031
98.22455613903476,1.090777556963052,-0.015600393035080358,0.7784090909014827,0.7806267806251674,0.9999999999502159,0.057503276142824127
98.24956239059766,1.0903894646661603,-0.015435430941404125,0.7784090909014215,0.7806267806251648,0.999999999949633,0.05750327614283845
98.27456864216055,1.0900057811562234,-0.015247828243414824,0.7784090909013586,0.7806267806251618,0.9999999999490499,0.05750327614285326
98.29957489372343,1.0896270685401876,-0.015037919459788534,0.7784090909012938,0.7806267806251582,0.9999999999484677,0.057503276142868556
98.32458114528633,1.0892538800645035,-0.014806070656234956,0.7784090909012276,0.7806267806251543,0.9999999999478875,0.057503276142884314
98.34958739684922,1.0888867594614813,-0.01455267883831661,0.7784090909011598,0.78062678062515,0.9999999999473104,0.05750327614290048
98.3745936484121,1.0885262401910307,-0.014278171157397577,0.7784090909010907,0.7806267806251451,0.9999999999467374,0.0575032761429171
98.399599899975,1.0881728445957872,-0.013983004113218928,0.7784090909010202,0.78062678062514,0.9999999999461697,0.05750327614293409
98.42460615153789,1.0878270833230268,-0.013667662803864916,0.7784090909009483,0.7806267806251344,0.9999999999456084,0.05750327614295145
98.44961240310079,1.087489454463568,-0.013332659986543873,0.7784090909008754,0.7806267806251284,0.9999999999450547,0.057503276142969205
98.47461865466367,1.087160443019738,-0.012978535307124195,0.7784090909008015,0.780626780625122,0.9999999999445097,0.057503276142987184
98.49962490622656,1.0868405201096005,-0.012605854287207707,0.7784090909007266,0.7806267806251153,0.9999999999439746,0.05750327614300549
98.52463115778946,1.0865301424517644,-0.012215207502692432,0.7784090909006509,0.780626780625108,0.9999999999434505,0.0575032761430241
98.54963740935234,1.0862297516436707,-0.011807209522646984,0.7784090909005745,0.7806267806251005,0.9999999999429385,0.05750327614304295
98.57464366091523,1.085939773668891,-0.01138249803312695,0.7784090909004977,0.7806267806250927,0.99999999994244,0.05750327614306192
98.59964991247813,1.0856606182478081,-0.010941732741965486,0.7784090909004204,0.7806267806250844,0.999999999941956,0.05750327614308113
98.62465616404101,1.0853926783713523,-0.010485594445812298,0.7784090909003428,0.7806267806250758,0.9999999999414875,0.057503276143100454
98.6496624156039,1.0851363297288974,-0.010014783920617866,0.7784090909002651,0.7806267806250669,0.9999999999410357,0.05750327614311992
98.6746686671668,1.0848919302630229,-0.009530020916930015,0.7784090909001873,0.7806267806250576,0.9999999999406018,0.05750327614313945
98.69967491872968,1.0846598196853712,-0.009032043066957849,0.7784090909001096,0.7806267806250481,0.9999999999401867,0.05750327614315903
98.72468117029258,1.0844403190477956,-0.008521604792054648,0.7784090909000322,0.7806267806250382,0.9999999999397916,0.0575032761431786
98.74968742185547,1.0842337303471947,-0.00799947624156115,0.7784090908999551,0.7806267806250281,0.9999999999394173,0.05750327614319816
98.77469367341835,1.084040336124172,-0.007466442127612052,0.7784090908998786,0.7806267806250177,0.9999999999390647,0.05750327614321767
98.79969992498125,1.0838603991388993,-0.006923300668787817,0.7784090908998028,0.780626780625007,0.999999999938735,0.05750327614323708
98.82470617654414,1.0836941620248552,-0.006370862410130882,0.7784090908997278,0.7806267806249961,0.9999999999384286,0.05750327614325636
98.84971242810703,1.0835418470080416,-0.005809949113395027,0.7784090908996537,0.780626780624985,0.9999999999381466,0.05750327614327543
98.87471867966993,1.0834036556388542,-0.0052413926202798,0.7784090908995808,0.7806267806249737,0.9999999999378897,0.05750327614329436
98.89972493123281,1.083279768547367,-0.004666033672305151,0.7784090908995092,0.7806267806249623,0.9999999999376584,0.05750327614331299
98.9247311827957,1.0831703452451236,-0.004084720795511592,0.7784090908994389,0.7806267806249506,0.9999999999374535,0.05750327614333137
98.9497374343586,1.0830755239384153,-0.0034983091246912324,0.77840909089937,0.7806267806249388,0.9999999999372753,0.05750327614334946
98.97474368592148,1.0829954213779551,-0.002907659236683193,0.7784090908993029,0.780626780624927,0.9999999999371243,0.057503276143367185
98.99974993748438,1.0829301327406105,-0.002313636011607959,0.7784090908992377,0.780626780624915,0.9999999999370011,0.057503276143384505
99.02475618904727,1.0828797315334,-0.0017171074593110524,0.7784090908991743,0.7806267806249029,0.9999999999369058,0.057503276143401436
99.04976244061015,1.0828442695302671,-0.0011189435544160602,0.778409090899113,0.7806267806248908,0.9999999999368385,0.0575032761434179
99.07476869217305,1.082823776738267,-0.0005200150870704403,0.778409090899054,0.7806267806248786,0.9999999999367998,0.05750327614343389
99.09977494373594,1.0828182613911328,7.880749687884825e-05,0.7784090908989971,0.7806267806248663,0.9999999999367892,0.05750327614344938
99.12478119529882,1.0828277099721868,0.0006766552521955559,0.7784090908989427,0.7806267806248541,0.9999999999368072,0.05750327614346433
99.14978744686172,1.0828520872665084,0.0012726618833938177,0.778409090898891,0.7806267806248419,0.9999999999368534,0.05750327614347868
99.17479369842461,1.0828913364413804,0.0018659648876123366,0.7784090908988417,0.7806267806248298,0.9999999999369278,0.057503276143492446
99.19979994998751,1.082945379155555,0.0024557066972137847,0.7784090908987952,0.7806267806248177,0.9999999999370299,0.0575032761435056
99.2248062015504,1.0830141156967141,0.003041035809802756,0.7784090908987514,0.7806267806248057,0.9999999999371596,0.05750327614351808
99.24981245311328,1.08309742514711,0.0036211079124054265,0.7784090908987107,0.7806267806247938,0.9999999999373165,0.0575032761435299
99.27481870467618,1.0831951655770062,0.0041950869989000935,0.7784090908986728,0.780626780624782,0.9999999999375,0.05750327614354104
99.29982495623906,1.0833071742679559,0.004762146485009334,0.7784090908986381,0.7806267806247704,0.9999999999377096,0.05750327614355146
99.32483120780195,1.0834332679602428,0.0053214702934278185,0.7784090908986064,0.7806267806247589,0.9999999999379449,0.05750327614356114
99.34983745936485,1.083573243128412,0.005872253940473779,0.7784090908985779,0.7806267806247477,0.9999999999382049,0.05750327614357002
99.37484371092773,1.0837268762888836,0.006413705626762141,0.7784090908985527,0.7806267806247366,0.999999999938489,0.057503276143578176
99.39984996249062,1.0838939243266061,0.0069450472793273835,0.7784090908985307,0.7806267806247257,0.9999999999387965,0.05750327614358555
99.42485621405352,1.0840741248493484,0.007465515597517971,0.7784090908985121,0.7806267806247151,0.9999999999391265,0.05750327614359209
99.4498624656164,1.0842671965796455,0.007974363112196414,0.7784090908984966,0.7806267806247048,0.9999999999394781,0.05750327614359786
99.4748687171793,1.08447283975119,0.008470859162849889,0.7784090908984846,0.7806267806246947,0.9999999999398503,0.057503276143602816
99.49987496874219,1.0846907365479037,0.008954290920568011,0.778409090898476,0.780626780624685,0.9999999999402422,0.057503276143606924
99.52488122030508,1.0849205515680667,0.009423964375018083,0.7784090908984707,0.7806267806246756,0.9999999999406528,0.05750327614361021
99.54988747186798,1.0851619322883588,0.00987920525730671,0.7784090908984687,0.7806267806246666,0.999999999941081,0.0575032761436127
99.57489372343086,1.0854145095967833,0.01031936003914697,0.77840909089847,0.7806267806246578,0.9999999999415258,0.057503276143614356
99.59989997499375,1.0856778982933872,0.010743796788509721,0.7784090908984745,0.7806267806246495,0.999999999941986,0.057503276143615195
99.62490622655665,1.0859516976642947,0.011151906115801968,0.7784090908984824,0.7806267806246415,0.9999999999424606,0.05750327614361523
99.64991247811953,1.0862354920475672,0.011543102020795743,0.7784090908984936,0.780626780624634,0.9999999999429483,0.057503276143614404
99.67491872968243,1.0865288514197344,0.011916822734349297,0.778409090898508,0.7806267806246269,0.9999999999434482,0.057503276143612746
99.69992498124532,1.0868313320397072,0.012272531571655733,0.7784090908985254,0.7806267806246201,0.999999999943959,0.05750327614361037
99.7249312328082,1.0871424770409173,0.012609717667197807,0.7784090908985459,0.7806267806246138,0.9999999999444797,0.057503276143607174
99.7499374843711,1.0874618171468975,0.01292789681282506,0.7784090908985696,0.780626780624608,0.9999999999450091,0.05750327614360317
99.77494373593399,1.0877888712734813,0.013226612101883726,0.7784090908985961,0.7806267806246026,0.999999999945546,0.057503276143598424
99.79994998749687,1.0881231473059083,0.013505434727153588,0.7784090908986255,0.7806267806245974,0.9999999999460893,0.05750327614359298
99.82495623905977,1.0884641427129256,0.013763964544327264,0.7784090908986578,0.780626780624593,0.999999999946638,0.057503276143586704
99.84996249062266,1.0888113453800137,0.014001830813307312,0.7784090908986928,0.780626780624589,0.999999999947191,0.05750327614357976
99.87496874218554,1.0891642342318029,0.014218692683622759,0.7784090908987304,0.7806267806245853,0.9999999999477471,0.057503276143572146
99.89997499374844,1.089522280118833,0.014414239866681833,0.7784090908987705,0.7806267806245822,0.9999999999483054,0.05750327614356382
99.92498124531133,1.0898849464461464,0.014588193046813486,0.7784090908988133,0.7806267806245796,0.9999999999488648,0.05750327614355483
99.94998749687423,1.0902516901001202,0.01474030446428135,0.7784090908988582,0.7806267806245774,0.9999999999494243,0.05750327614354522
99.97499374843711,1.0906219621064657,0.014870358271563277,0.7784090908989054,0.7806267806245757,0.999999999949983,0.057503276143535016
100.0,1.0909952085311494,0.014978170981938954,0.7784090908989548,0.7806267806245746,0.99999999995054,0.05750327614352416
