t,phi,dphi,A,B,R,gamma_eff
0.0,0.05,0.0,0.02,0.02,0.000552778636923601,1.1976023984007997
0.025006251562890724,0.050015517167440245,0.0012349537064875336,0.01980143987655481,0.020602366804678342,0.0005530358812435576,1.197554755565816
0.05001250312578145,0.050061465283960174,0.002434172700764348,0.01960487097825918,0.021191306922017112,0.0005537983131445046,1.1975098701957494
0.07501875468867217,0.05013697334921241,0.003599451135730504,0.019410273665352952,0.021767034310037885,0.000555053525154614,1.1974676512040494
0.1000250062515629,0.0502412142920271,0.004732508892182501,0.01921762852419419,0.022329759689085016,0.0005567910531789622,1.1974280100893857
0.12503125781445362,0.05037340315438318,0.005834994845386201,0.019026916364023455,0.0228796905957498,0.000559002247683682,1.1973908608648165
0.15003750937734434,0.050532795355889004,0.0069084899891401225,0.018838118213971564,0.02341703143573543,0.0005616801617463474,1.1973561199889453
0.17504376094023508,0.05071868503492626,0.007954510424114195,0.018651215320290068,0.02394198353568383,0.0005648194541979512,1.1973237062989988
0.2000500125031258,0.05093040345881071,0.008974510224141082,0.018466189143780072,0.02445474519412712,0.0005684163062598113,1.1972935409457526
0.2250562640660165,0.051167317505107446,0.00996988417655545,0.018283021357410015,0.024955511731483845,0.0005724683504506056,1.197265547330259
0.25006251562890724,0.051428828221554417,0.010941970383019521,0.01810169384411973,0.025444475538848557,0.000576974610814962,1.197239651042344
0.27506876719179796,0.05171436943711555,0.011892052770125682,0.017922188694781137,0.02592182612606506,0.000581935453088378,1.197215779800777
0.30007501875468867,0.05202340642335112,0.01282136351146851,0.017744488206296812,0.026387750169354334,0.0005873525439897831,1.1971938633950303
0.3250812703175794,0.05235543464783491,0.013731085285654835,0.01756857487987945,0.02684243155724815,0.0005932288197121327,1.197173833628712
0.35008752188047015,0.05270997856408474,0.014622353470177197,0.017394431419458664,0.027286051435965273,0.0005995684620992425,1.1971556242645074
0.37509377344336087,0.05308659042930274,0.015496258287343455,0.017222040730192744,0.027718788254908276,0.0006063768818727611,1.197139170970519
0.4001000250062516,0.05348484923472588,0.016353846748459203,0.01705138591717309,0.02814081780972511,0.0006136607100567515,1.197124411268215
0.4251062765691423,0.05390435963349458,0.017196124604300533,0.016882450284211557,0.02855231328565797,0.0006214277952524272,1.1971112844816751
0.450112528132033,0.05434475091495552,0.018024058213996157,0.016715217332750238,0.02895344530072083,0.0006296872073806581,1.1970997316881415
0.4751187796949238,0.054805676086215366,0.018838576220833337,0.01654967076096033,0.029344381945911942,0.0006384492488867854,1.1970896956701014
0.5001250312578145,0.05528681089479737,0.019640571337521374,0.01638579446286717,0.02972528882780925,0.0006477254701920954,1.1970811208683554
0.5251312828207052,0.05578785299906706,0.0204309018646656,0.016223572527710395,0.030096329107592867,0.000657528693218834,1.1970739533365973
0.5501375343835959,0.056308521100037215,0.021210393281473013,0.016062989239343895,0.030457663541093825,0.0006678730394701349,1.1970681406970396
0.5751437859464866,0.05684855413707102,0.021979839722621682,0.015904029075815288,0.030809450518352117,0.0006787739646368363,1.1970636320971881
0.6001500375093773,0.05740771055216319,0.022740005331115795,0.01574667670907726,0.031151846100372464,0.0006902482999770476,1.197060378167952
0.6251562890722681,0.05798576750379346,0.023491625706664583,0.01559091700479273,0.03148500405916265,0.0007023142981846808,1.1970583309824907
0.6501625406351588,0.058582520239112194,0.024235409064787213,0.015436735022363243,0.0318090759119829,0.0007149916881926122,1.197057444016598
0.6751687921980496,0.05919778134407704,0.02497203762356044,0.015284116014990672,0.032124210961086884,0.0007283017333479247,1.1970576721095725
0.7001750437609403,0.05983138019572162,0.025702168619234397,0.015133045430030015,0.03243055632625589,0.0007422673000266888,1.1970589714266786
0.725181295323831,0.0604831622599315,0.02642643561043866,0.014983508909342767,0.03272825698382501,0.0007569129294114907,1.197061299421958
0.7501875468867217,0.06115298860763223,0.027145449379358946,0.014835492289990197,0.033017455797821546,0.0007722649208817822,1.1970646148026205
0.7751937984496124,0.06184073526123697,0.0278597991513665,0.01468898160491916,0.033298293558287916,0.0007883514188630758,1.197068877493684
0.8002000500125032,0.062546292767347,0.02857005339476421,0.01454396308401608,0.033570909011018155,0.0008052025125152573,1.1970740486041858
0.8252063015753939,0.06326956558817233,0.02927676096250888,0.014400423155180388,0.03383543889539897,0.0008228503394269171,1.1970800903935193
0.8502125531382846,0.06401047172554065,0.02998045179952425,0.014258348445752522,0.03409201797264373,0.0008413292035897024,1.1970869662393708
0.8752188047011753,0.06476894215559621,0.030681638009374176,0.014117725784060656,0.03434077906334187,0.0008606756982070807,1.1970946406056293
0.900225056264066,0.06554492049413625,0.03138081448728699,0.01397854220121418,0.03458185307428358,0.0008809288442940266,1.1971030790119486
0.9252313078269567,0.06633836248196898,0.03207845989725006,0.013840784933250505,0.03481536903549879,0.0009021302356157501,1.1971122480031309
0.9502375593898476,0.06714923566990268,0.032775037271582486,0.013704441423273019,0.0350414541264558,0.0009243242004680075,1.1971221151201705
0.9752438109527383,0.0679775189766644,0.03347099485550126,0.013569499324326927,0.03526023371138348,0.0009475579727777905,1.1971326488711005
1.000250062515629,0.06882320235829084,0.034166766741214716,0.013435946501935164,0.035471831366855285,0.0009718818798129525,1.1971438187032577
1.0252563140785196,0.0696862864696477,0.03486277351803479,0.013303771037707563,0.03567636891299038,0.0009973495445189662,1.1971555949757093
1.0502625656414104,0.07056678228692283,0.035559423002903476,0.013172961232542867,0.03587396644506624,0.001024018102642077,1.1971679489324014
1.0752688172043012,0.07146471088036904,0.03625711067828869,0.01304350561075874,0.03606474235880427,0.0010519484416388614,1.197180852676266
1.1002750687671918,0.07238010300666424,0.03695622048782564,0.012915392924434619,0.036248813386278285,0.001081205452921341,1.197194279143074
1.1252813203300827,0.07331299893404768,0.037657125175334656,0.012788612157798017,0.03642629461763214,0.001111858311638625,1.197208202077016
1.1502875718929733,0.07426344808571006,0.03836018698517459,0.012663152533096632,0.03659729953682928,0.0011439807729277662,1.1972225960054634
1.175293823455864,0.07523150882066516,0.039065758094406634,0.01253900351538394,0.03676194004613578,0.0011776514965572416,1.1972374362154352
1.2003000750187547,0.07621724821036496,0.03977418105084369,0.01241615481949646,0.03692032649468882,0.0012129543977690282,1.1972526987298349
1.2253063265816455,0.07722074172935725,0.040485789392426745,0.012294596416466942,0.037072567711442315,0.0012499790234882235,1.1972683602840486
1.2503125781445361,0.07824207313608111,0.041200907878854776,0.012174318540517618,0.03721877102570377,0.0012888209663348693,1.1972843983038903
1.275318829707427,0.07928133416964024,0.04191985310215689,0.012055311698278788,0.03735904230370232,0.0013295823057580258,1.197300790882394
1.3003250812703175,0.08033862438936448,0.04264293381014938,0.01193756667593141,0.03749348597150842,0.0013723720911638648,1.1973175167586039
1.3253313328332084,0.0814140510143708,0.04337045122334165,0.01182107454982317,0.03762220504226059,0.001417306865457102,1.197334555295772
1.3503375843960992,0.08250772865656152,0.04410269958581085,0.011705826696920047,0.03774530115118526,0.001464511227955434,1.1973518864595423
1.3753438359589898,0.08361977924172292,0.044839966317480266,0.011591814804434717,0.03786287457428246,0.0015141184529230411,1.1973694907979728
1.4003500875218806,0.08475033179246748,0.045582532458112474,0.011479030884592857,0.037975024263811726,0.0015662711546802766,1.1973873494196827
1.4253563390847712,0.08589952225499564,0.046330673031021063,0.011367467285744623,0.03808184787595122,0.001621122011469578,1.1974054439738582
1.450362590647662,0.087067493427743,0.04708465717452209,0.01125711670666394,0.03818344179240495,0.0016788345567050889,1.1974237566304036
1.4753688422105526,0.08825439473564058,0.04784474861860556,0.011147972215112333,0.03827990115972896,0.0017395840313200184,1.1974422700583622
1.5003750937734435,0.08946038212749848,0.04861120589969965,0.011040027260955048,0.03837131991198037,0.0018035583166814972,1.1974609674071677
1.525381345336334,0.0906856179956896,0.04938428250882138,0.01093327569585796,0.038457790796465594,0.0018709589510470526,1.197479832286607
1.550387596899225,0.09193027096981155,0.05016422734007124,0.010827711796552389,0.03853940541493903,0.0019420022291201655,1.1974988487453737
1.5753938484621155,0.09319451585557409,0.05095128481243031,0.010723330280962583,0.038616254243740246,0.00201692040781859,1.1975180012530877
1.6004001000250063,0.09447853354833266,0.051745695030624525,0.010620126334787617,0.03868842666412631,0.00209596301923487,1.1975372746796447
1.6254063515878971,0.0957825108560771,0.052547694179906124,0.010518095640458152,0.03875601100437218,0.0021793982967176495,1.1975566542736857
1.6504126031507877,0.0971066404571782,0.053357514602336516,0.010417234397647173,0.03881909456001684,0.0022675147393569905,1.1975761256448396
1.6754188547136786,0.0984511208207233,0.05417538494010725,0.010317539357958514,0.03887776362763746,0.0023606228179304245,1.1975956747422198
1.7004251062765692,0.09981615605243145,0.05500153048693983,0.010219007862355127,0.03893210354962606,0.002459056833167661,1.197615287832012
1.72543135783946,0.10120195586010708,0.05583617324489607,0.010121637866923914,0.038982198735852326,0.002563176955336144,1.1976349514796325
1.7504376094023506,0.1026087354912168,0.056679532021218434,0.010025427986704192,0.0390281326995089,0.0026733714532426456,1.1976546525271945
1.7754438609652414,0.10403671559359064,0.05753182275081697,0.009930377546768657,0.03906998810780043,0.0027900591273093966,1.1976743780688048
1.800450112528132,0.10548612218197016,0.058393258552700555,0.009836486613514318,0.03910784680567839,0.00291369198206759,1.1976941154325293
1.8254563640910229,0.10695718659697462,0.05926404976365853,0.009743756048868256,0.03914178985308442,0.0030447581539908564,1.197713852156595
1.8504626156539135,0.10845014537848063,0.06014440423030185,0.009652187582007785,0.03917189758447621,0.003183785113404891,1.1977335759606031
1.8754688672168043,0.10996524022795863,0.061034527382969654,0.009561783846601663,0.03919824963553194,0.0033313431844482766,1.1977532747271888
1.900475118779695,0.11150271798299667,0.06193462221681123,0.009472548449367905,0.03922092498399858,0.003488049409921423,1.1977729364759349
1.9254813703425857,0.11306283051330117,0.06284488951755708,0.00938448606406465,0.039240002015594466,0.00365457178748535,1.1977925493303252
1.9504876219054765,0.11464583466855913,0.06376552797830326,0.009297602487788785,0.039255558562199595,0.0038316339292305823,1.1978121014956096
1.9754938734683671,0.11625199226177867,0.06469673415643426,0.009211904719720387,0.03926767194430927,0.004020020188547357,1.1978315812316038
2.000500125031258,0.11788156999792228,0.06563870258611683,0.009127401076908168,0.03927641903994272,0.004220581293483683,1.197850976815788
2.025506376594149,0.11953483940143006,0.06659162594587067,0.009044101297583615,0.03928187634806022,0.004434240546060786,1.1978702765101736
2.050512628157039,0.12121207679994758,0.06755569503489446,0.008962016621494014,0.03928412002956983,0.004662000655908327,1.197889468535321
2.07551887971993,0.12291356328717638,0.06853109875098388,0.008881159922443413,0.03928322597573744,0.0049049512669046,1.1979085410311023
2.100525131282821,0.12463958463662614,0.06951802427345012,0.008801545891995428,0.03927926990837012,0.005164277246499371,1.1979274820043246
2.1255313828457116,0.1263904312797174,0.07051665708592007,0.008723191116902325,0.039272327419036315,0.005441267836632402,1.197946279305228
2.1505376344086025,0.12816639828205542,0.07152718088618198,0.008646114249557059,0.03926247404958415,0.00573732675090427,1.1979649205804823
2.175543885971493,0.1299677852747511,0.07254977767934814,0.008570336236474525,0.0392497854044711,0.0060539833131204035,1.1979833932115649
2.2005501375343837,0.13179489640744238,0.07358462786221867,0.008495880487735948,0.03923433723317645,0.006392904761204243,1.1980016842693288
2.2255563890972745,0.13364804032966007,0.07463191015636783,0.008422773043648102,0.039216205504677915,0.006755909845921448,1.1980197804703254
2.2505626406601653,0.13552753014925067,0.07569180154882042,0.008351042831711222,0.03919546652416498,0.007144983856485154,1.1980376681104965
2.2755688922230557,0.13743368336086928,0.0767644774002811,0.008280722018418745,0.039172197091319014,0.007562295226076099,1.1980553329754158
2.3005751437859465,0.1393668218272375,0.07785011143720047,0.008211846149466545,0.03914647456123797,0.008010213907431618,1.198072760306006
2.3255813953488373,0.14132727174563509,0.0789488756141192,0.008144454489626085,0.03911837699088062,0.008491331697949411,1.198089934713947
2.350587646911728,0.14331536358374763,0.08006094014311142,0.008078590462014085,0.039087983325710174,0.009008484721191201,1.1981068400729051
2.3755938984746185,0.14533143203670026,0.08118647352859945,0.008014301975894032,0.03905537353634734,0.00956477831075464,1.1981234594394943
2.4006001500375094,0.14737581600062508,0.08232564246485581,0.007951641753993625,0.03902062875359222,0.010163614555935563,1.1981397749754494
2.4256064016004,0.1494488585208005,0.0834786117306709,0.007890667854382631,0.03898383148447993,0.010808722782764568,1.1981557678215222
2.450612653163291,0.15155090672424668,0.08464554422615148,0.00783144431908085,0.03894506586926595,0.011504193283583597,1.1981714179412843
2.475618904726182,0.153682311795959,0.08582660092659487,0.007774041477683689,0.03890441780194523,0.012254514656861226,1.1981867040533378
2.5006251562890722,0.15584342892708225,0.08702194070165838,0.007718536642840723,0.0388619752116942,0.013064615110245648,1.1982016034656755
2.525631407851963,0.15803461724313816,0.08823172030270293,0.00766501497645105,0.038817828395590094,0.013939908132994283,1.1982160918696405
2.550637659414854,0.16025623976528164,0.08945609433592644,0.007613570021446502,0.03877207022094416,0.01488634299757513,1.1982301432194666
2.5756439109777447,0.1625086633604833,0.09069521508249487,0.00756430450491777,0.038724796443278295,0.015910460549517613,1.1982437295446935
2.600650162540635,0.164792258665513,0.09194923241107343,0.007517331478018298,0.0386761061384513,0.01701945478219513,1.1982568206809778
2.625656414103526,0.16710740003262597,0.09321829374787015,0.0074727751911029235,0.03862610202462755,0.01822124075203796,1.198269384069285
2.6506626656664167,0.1694544654778752,0.09450254390359396,0.007430772061044644,0.038574890838849,0.019524529388918188,1.1982813845326525
2.6756689172293076,0.17183383659699497,0.09580212493922144,0.007391472191319492,0.038522583906310935,0.02093890976015894,1.198292783918101
2.7006751687921984,0.17424589850149205,0.09711717611799459,0.007355040592832101,0.03846929758096785,0.02247493939985301,1.1983035408153975
2.7256814203550888,0.1766910397575999,0.09844783371791875,0.007321658501608706,0.03841515375330619,0.024144243275028454,1.1983136102515917
2.7506876719179796,0.17916965229133497,0.09979423088580998,0.007291525401917812,0.03836028059614766,0.025959621911713804,1.198322943213748
2.7756939234808704,0.1816821313207614,0.10115649756285426,0.0072648605554627875,0.03830481311526301,0.027935169210925426,1.19833148629521
2.8007001750437612,0.1842288752768296,0.10253476026568412,0.0072419049700544426,0.03824889390426305,0.030086400328655893,1.1983391812319233
2.8257064266066516,0.18681028569979782,0.10392914196042438,0.007222923957629491,0.038192674071901314,0.032430389858208286,1.1983459642960963
2.8507126781695424,0.18942676716697518,0.10533976193529368,0.007208209077728835,0.038136313961984095,0.034985920407805016,1.1983517658388971
2.8757189297324333,0.19207872718920702,0.1067667355759681,0.007198081065303779,0.038079984265927964,0.037773641281396486,1.198356509588344
2.900725181295324,0.1947665761077252,0.10821017425975935,0.007192892753794701,0.0380238670812382,0.04081623665644446,1.1983601119475678
2.9257314328582145,0.1974907270051961,0.10967018515043177,0.007193031905246893,0.03796815700949305,0.044138602132933635,1.198362481307062
2.9507376844211053,0.20025159558026157,0.11114687102855897,0.007198925137283242,0.03791306262974943,0.04776802778044731,1.1983635170830957
2.975743935983996,0.20304960005279513,0.11264033014276326,0.007211041094947122,0.037858807716820285,0.05173438508393935,1.1983631089286106
3.000750187546887,0.20588516103671334,0.11415065599065008,0.007229894892533746,0.03780563299221837,0.056070313949226236,1.1983611356178931
3.0257564391097778,0.20875870142343433,0.11567793719116956,0.0072560521605260124,0.03775379769540483,0.06081140470141455,1.1983574640100345
3.050762690672668,0.21167064625976073,0.11722225726146045,0.007290133701789051,0.037703581515089776,0.06599636827466515,1.1983519478338553
3.075768942235559,0.21462142261121012,0.11878369448357028,0.007332820441442846,0.03765528660268353,0.07166718577772013,1.1983444263712173
3.10077519379845,0.21761145943883953,0.12036232169821072,0.007384858341200069,0.037609239733253544,0.07786922629278836,1.1983347231015853
3.1257814453613406,0.22064118744942082,0.12195820616305275,0.007447063969746554,0.03756579475463877,0.08465131884770682,1.1983226441350232
3.150787696924231,0.22371103896639846,0.12357140936724975,0.007520329635321325,0.03752533504340842,0.09206576148294576,1.1983079766801892
3.175793948487122,0.22682144777063576,0.1252019868901073,0.007605629190494318,0.0374882763695645,0.10016824660662021,1.1982904872641056
3.2008002000500126,0.2299728489636535,0.12684998823294866,0.007704023125925473,0.0374550696932923,0.1090176782904288,1.198269920018384
3.2258064516129035,0.23316567880119352,0.12851545668927808,0.007816664019372116,0.03742620438895202,0.11867585309973017,1.1982459947484745
3.2508127031757943,0.2364003745483568,0.1301984291896413,0.007944801040129592,0.03740221138920735,0.12920697274340637,1.1982184050763112
3.2758189547386847,0.23967737430736777,0.13189893619005721,0.00808978419276453,0.037383666669364386,0.14067695367234362,1.1981868164550464
3.3008252063015755,0.24299711686478495,0.13361700152609798,0.00825306728768693,0.03737119467485855,0.1531524974253382,1.19815086426922
3.3258314578644663,0.24636004151471913,0.13535264231881425,0.008436209815051162,0.03736547190614212,0.16669988568632654,1.198110151934945
3.350837709427357,0.24976658789796513,0.13710586883399353,0.00864087696978328,0.03736723045584795,0.18138346775247222,1.1980642491394125
3.3758439609902475,0.25321719582258334,0.1388766843941898,0.00886883769445694,0.03737726144906852,0.19726381541341598,1.1980126902109693
3.4008502125531384,0.25671230509269277,0.14066508523622523,0.00912195988844218,0.03739641838840219,0.21439553330538602,1.1979549727680607
3.425856464116029,0.2602523553292751,0.14247106040612767,0.009402202994039939,0.0374256200894005,0.2328247318026358,1.1978905565752702
3.45086271567892,0.2638377857852028,0.14429459160044072,0.009711606308215182,0.03746585337075287,0.25258619581848174,1.197818862930489
3.475868967241811,0.2674690351666714,0.14613565300948816,0.010052274510130648,0.03751817502206136,0.2737003163847562,1.1977392742454698
3.500875218804701,0.27114654143253764,0.14799421111721947,0.01042635754144233,0.037583713224860725,0.29616989137786237,1.1976511344338985
3.525881470367592,0.27487074161168473,0.14987022444845174,0.010836027804175863,0.037663667978775815,0.3199769458778621,1.1975537494655935
3.550887721930483,0.2786420715859478,0.15176364329042735,0.011283451578606682,0.03775931061508816,0.3450797658961958,1.1974463887972118
3.5758939734933737,0.28246096589442354,0.15367440929623474,0.011770757874850338,0.03787198201536517,0.37141037797872845,1.1973282870262545
3.600900225056264,0.2863278574983732,0.15560245508168813,0.012300003443188734,0.03800308970390013,0.3988727317308016,1.19719864611901
3.625906476619155,0.290243177560352,0.1575477036458495,0.012873135819428262,0.03815410328473934,0.42734184760683624,1.1970566379333891
3.6509127281820457,0.29420735518844876,0.15951006779827925,0.0134919563860705,0.038326548854205715,0.4566641682338173,1.196901406680196
3.6759189797449365,0.2982208171748342,0.16148944937477572,0.014158083082777594,0.03852200142503637,0.4866592959023107,1.196732071646502
3.700925231307827,0.3022839877152343,0.16348573846944586,0.014872918064737948,0.03874207678416671,0.5171232090186549,1.1965477290489703
3.7259314828707177,0.30639728809368494,0.1654988124594385,0.015637618050183922,0.038988421309228506,0.5478329324870921,1.1963474538496928
3.7509377344336086,0.31056113636795246,0.16752853504203286,0.016453073497364544,0.03926270180076399,0.5785525027069943,1.1961303001426895
3.7759439859964994,0.3147759469942659,0.1695747551311861,0.017319894618502855,0.03956659384833915,0.6090399323271329,1.19589530086608
3.80095023755939,0.31904213046535806,0.17163730573451996,0.01823840766019945,0.03990177058497051,0.6390547655198863,1.1956414660099357
3.8259564891222806,0.3233600928770496,0.17371600281865754,0.01920866103941684,0.040269891226951716,0.6683657361898728,1.1953677795420374
3.8509627406851714,0.32773023550600494,0.1758106441083229,0.020230441103616558,0.0406725901225251,0.6967580176648352,1.1950731950540148
3.8759689922480622,0.3321529543259567,0.17792100801352181,0.0213032971498631,0.04111146699275183,0.7240395839992064,1.1947566300801236
3.900975243810953,0.336628639517465,0.18004685247228663,0.02242657435734674,0.04158807783686902,0.7500462903030025,1.1944169593476828
3.9259814953738434,0.3411576749454629,0.18218791400925702,0.023599451445393344,0.04210392793478345,0.774645405887288,1.1940530073842481
3.9509877469367343,0.3457404375996449,0.18434390673266252,0.024820984220714205,0.04266046580509881,0.7977374823720806,1.193663540102986
3.975993998499625,0.35037729704560416,0.18651452157470372,0.02609014730725823,0.04325907947358958,0.8192565871947677,1.1932472568537034
4.001000250062516,0.3550686148046155,0.18869942550729052,0.0274058796067745,0.04390109398790178,0.8391690609924427,1.1928027814260174
4.026006501625407,0.35981474378588957,0.19089826099177584,0.02876712241133769,0.04458777084971973,0.8574710540341915,1.1923286544771987
4.051012753188298,0.3646160276227921,0.19311064541513245,0.030172858928479686,0.04532030887077595,0.8741851516688176,1.1918233249847177
4.076019004751188,0.36947280008459615,0.19533617076476056,0.031622144005633894,0.04609984621333765,0.8893564169509983,1.1912851435008869
4.101025256314078,0.3743853844020722,0.19757440323381043,0.033114132457238786,0.04692746383266327,0.9030481606214159,1.1907123548301384
4.126031507876969,0.3793540926371076,0.1998248831155668,0.03464809913610613,0.0478041893805616,0.9153377087651552,1.1901030920311546
4.15103775943986,0.3843792250387165,0.2020871245281674,0.03622345446272771,0.04873100217016549,0.9263123825108803,1.1894553706103963
4.176044011002751,0.38946106936066327,0.2043606154689156,0.03783975510234147,0.04970883822018424,0.9360658441155914,1.1887670831653223
4.201050262565642,0.394599900248973,0.20664481765235476,0.03949670893494559,0.05073859576343984,0.9446949061522931,1.188035994700342
4.2260565141285324,0.3997959785346969,0.20893916664486487,0.04119417723285509,0.05182114069556379,0.9522968493675252,1.1872597379543717
4.251062765691423,0.4050495506359621,0.21124307180399132,0.042932172477684064,0.052957311923993444,0.958967254850627,1.186435809301611
4.276069017254314,0.4103608478453406,0.21355591645339575,0.04471085417037154,0.05414792661781406,0.9647983254143121,1.1855615646341948
4.301075268817205,0.41573008573957415,0.21587705789129574,0.04653052227861902,0.05539378497940859,0.96987765186399,1.184634215536185
4.326081520380095,0.4211574634699055,0.21820582759579515,0.04839160914708036,0.056695674855456776,0.9742873678399572,1.183650825538474
4.351087771942986,0.42664316317899675,0.22054153127570814,0.05029467067253812,0.05805437571354711,0.9781036329868581,1.1826083064357176
4.3760940235058765,0.43218734929674285,0.22288344910380312,0.05224037636200136,0.05947066237767472,0.9813963841864454,1.1815034148041097
4.401100275068767,0.4377901679662795,0.22523083579635628,0.05422949972356006,0.06094530811473918,0.9842292988932237,1.1803327484600104
4.426106526631658,0.44345174634589724,0.2275829208740559,0.0562629078682978,0.062479087415267455,0.9866599200929131,1.1790927432499205
4.451112778194549,0.44917219204632663,0.22993890876632317,0.05834155208282584,0.06407277817983016,0.9887398995651854,1.1777796697447986
4.47611902975744,0.45495159243949346,0.23229797909895752,0.060466457792353254,0.06572716356097293,0.9905153228707213,1.1763896304207389
4.501125281320331,0.4607900141083796,0.23465928682593035,0.06263871586505754,0.06744303329597255,0.9920270864663499,1.174918556756876
4.526131532883221,0.46668750216485316,0.2370219625383009,0.06485947333145958,0.06922118467427765,0.9933113032618219,1.1733622070110685
4.551137784446111,0.47264407971114347,0.23938511263177922,0.06712992566969352,0.07106242309507917,0.9943997184919695,1.171716163948008
4.576144036009002,0.47865974717211796,0.24174781962213668,0.06945130840761322,0.0729675622435233,0.9953201221877611,1.169975833476813
4.601150287571893,0.4847344817630778,0.24410914236300213,0.07182489043355109,0.07493742396334396,0.9960967484483345,1.168136443287225
4.626156539134784,0.49086823684704123,0.24646811633897978,0.07425196646430922,0.07697283773158412,0.9967506546747701,1.1661930426563896
4.651162790697675,0.49706094139694995,0.2488237539546792,0.07673385128875222,0.07907463992835052,0.9973000764382556,1.1641405023244211
4.6761690422605655,0.5033124993949193,0.2511750447612127,0.07927187303449997,0.08124367270935683,0.9977607554785805,1.1619735157943187
4.701175293823456,0.5096227892702345,0.2535209558387429,0.08186736815777207,0.08348078272575817,0.9981462397934863,1.1596866008408573
4.726181545386347,0.5159916633603663,0.2558604319061006,0.08452167544734357,0.08578681951272765,0.9984681558145618,1.1572741026232503
4.751187796949237,0.5224189473077,0.25819239579821174,0.08723613152344818,0.08816263367733468,0.998736453418476,1.154730197282059
4.776194048512128,0.5289044395898901,0.2605157484357273,0.09001206553392184,0.09060907492723543,0.9989596250523434,1.1520488971808027
4.801200300075019,0.5354479108775528,0.2628293693318359,0.0928507948989533,0.09312698973294149,0.999144900559894,1.1492240570928671
4.82620655163791,0.5420491036127072,0.2651321164730192,0.09575362071369925,0.09571721910306662,0.9992984195169641,1.1462493818694848
4.8512128032008,0.5487077313562094,0.2674228266917656,0.098721823433983,0.0983805957271456,0.9994253829407244,1.1431184357692086
4.876219054763691,0.555423478366002,0.2697003155787865,0.10175665903206786,0.10111794157924571,0.9995301862766414,1.1398246528397211
4.901225306326582,0.5621959989878778,0.2719633775035393,0.10485935445714331,0.10393006462418486,0.9996165354991519,1.1363613498411227
4.926231557889473,0.5690249171544536,0.27421078566207613,0.10803110431645853,0.10681775614169375,0.9996875480983514,1.1327217398778435
4.951237809452364,0.5759098258837677,0.2764412916101255,0.11127306634768386,0.10978178730474589,0.999745840610035,1.1288989489900159
4.976244061015254,0.582850286646174,0.27865362534779475,0.11458635811090405,0.11282290596457778,0.9997936042295263,1.1248860338316486
5.0012503125781445,0.5898458289516573,0.280846494512435,0.11797205288422712,0.11594183338910402,0.9998326699272392,1.1206760018311692
5.026256564141035,0.5968959496349627,0.28301858406956376,0.12143117583869656,0.11913926038437199,0.9998645643494141,1.1162618336525023
5.051262815703926,0.6040001124095593,0.28516855554866805,0.12496470069197917,0.12241584425636355,0.9998905576707107,1.1116365069001488
5.076269067266817,0.6111577471990752,0.2872950459017642,0.1285735452921497,0.12577220456728594,0.9999117044382948,1.1067930234865968
5.101275318829708,0.6183682494951604,0.2893966668217038,0.13225856857872115,0.12920891980356977,0.9999288783387801,1.101724437658179
5.126281570392599,0.6256309798161249,0.2914720029633417,0.1360205663592131,0.1327265235135294,0.9999428017122466,1.0964238873641576
5.151287821955489,0.6329452628391664,0.29351961063306153,0.13986026762473486,0.13632550011286818,0.9999540705399528,1.0908846277161293
5.17629407351838,0.6403103868489409,0.29553801609216807,0.14377833127260195,0.14000628166963056,0.9999631755462942,1.0851000655609009
5.20130032508127,0.6477256028421905,0.2975257130202103,0.14777534167653472,0.14376924332112495,0.9999705199727335,1.0790637980266429
5.226306576644161,0.6551901236916974,0.2994811607326407,0.15185180571351067,0.1476146997933576,0.9999764345117028,1.072769651176071
5.251312828207052,0.6627031233784381,0.3014027811682879,0.15600814879076885,0.15154290158003567,0.9999811898231298,1.0662117215452558
5.276319079769943,0.6702637357953543,0.30328895572352055,0.16024471098593365,0.15555403048669358,0.9999850069990183,1.0593844199165476
5.3013253313328335,0.6778710539127127,0.30513802261608325,0.16456174421883063,0.15964819657887272,0.9999880662919294,1.0522825146836385
5.326331582895724,0.6855241285758593,0.3069482725890881,0.16895940808157475,0.1638254339457907,0.9999905143776533,1.044901178642731
5.351337834458615,0.6932219671371904,0.308717945057379,0.1734377666692157,0.16808569682211347,0.999992470384228,1.03723603583974
5.376344086021506,0.700963532410658,0.3104452244020676,0.17799678565980628,0.17242885664255567,0.9999940308853503,1.0292832081951584
5.401350337584397,0.7087477409282903,0.31212823432287923,0.18263632843153274,0.17685469779278626,0.9999952740263456,1.0210393646559568
5.426356589147287,0.7165734615140317,0.31376503353547125,0.1873561536334973,0.18136291457512516,0.9999962629259134,1.012501768193694
5.4513628407101775,0.72443951372978,0.3153536107052203,0.19215591217300604,0.18595310820343713,0.9999970484743843,1.0036683230404932
5.476369092273068,0.7323446656446647,0.31689187767387555,0.1970351440796586,0.19062478307745157,0.9999976716304464,0.9945376221373928
5.501375343835959,0.7402876322902721,0.318377664795512,0.2019932766706047,0.19537734448202967,0.999998165302249,0.9851089909687643
5.52638159539885,0.748267073403852,0.319808714550162,0.20702962179306328,0.20021009577351617,0.9999985558846614,0.9753825311954241
5.551387846961741,0.7562815908017984,0.32118267403572665,0.2121433736868829,0.20512223551233713,0.9999988645129266,0.9653591617896996
5.576394098524632,0.764329726547903,0.322497089955573,0.2173336076495201,0.2101128557759997,0.9999991080829378,0.9550406556915757
5.6014003500875225,0.7724099599377027,0.32374940135979147,0.22259927799572746,0.2151809399414179,0.9999993000797928,0.9444296746642247
5.626406601650413,0.7805207045532421,0.32493693186902595,0.22793921700873132,0.2203253608270528,0.9999994512493485,0.9335297993115211
5.651412853213303,0.7886603059621908,0.32605688455851767,0.23335213415230277,0.22554487964387812,0.9999995701414384,0.9223455539594057
5.676419104776194,0.7968270379290519,0.32710633429673625,0.2388366151422225,0.23083814469956718,0.9999996635483807,0.9108824274479206
5.701425356339085,0.8050190993513203,0.32808222063710046,0.24439112200732954,0.23620369065337238,0.9999997368583202,0.8991468873815397
5.726431607901976,0.8132346111926044,0.328981342851349,0.25001399298447013,0.24163993819638785,0.999999794339388,0.8871463887226669
5.7514378594648665,0.8214716120909434,0.32980035263826507,0.2557034430686395,0.24714519398484003,0.9999998393677945,0.8748893756856676
5.776444111027757,0.8297280553883243,0.33053574876675834,0.2614575649994748,0.25271765093070414,0.9999998746106057,0.8623852767134705
5.801450362590648,0.8380018049046315,0.33118387263024934,0.2672743302242691,0.2583553888932158,0.9999999021719259,0.8496444927264462
5.826456614153539,0.8462906305967739,0.33174090273019957,0.2731515910249435,0.26405637596242504,0.9999999237096204,0.8366783769413428
5.851462865716429,0.8545922053049483,0.33220285160051516,0.2790870822501552,0.26981846967910916,0.9999999405283565,0.8234992085828482
5.87646911727932,0.8629040996518624,0.33256556312016106,0.2850784239027394,0.2756394191393362,0.9999999536536379,0.8101201580266966
5.901475368842211,0.8712237783234166,0.33282470996382246,0.29112312440029026,0.2815168673494308,0.9999999638906277,0.7965552443323572
5.926481620405101,0.879548595820944,0.33297579356809653,0.2972185833433132,0.28744835362396054,0.999999971870807,0.7828192868732031
5.951487871967992,0.8878757916112427,0.33301414461106943,0.30336209599541814,0.2934313172306448,0.9999999780889283,0.768927847454952
5.976494123530883,0.8962024867842167,0.33293492440061284,0.309550856940133,0.29946310038312157,0.9999999829322415,0.7548971683020276
6.001500375093774,0.9045256789102104,0.33273312926558096,0.31578196485447907,0.3055409524751947,0.9999999867035716,0.7407441019807096
6.026506626656665,0.912842238705095,0.33240359490364657,0.32205242777261905,0.3116620344037994,0.999999989639519,0.7264860358192667
6.0515128782195555,0.9211489057206709,0.3319410034426782,0.3283591678531877,0.3178234228917976,0.9999999919247917,0.7121408126623081
6.0765191297824455,0.9294422845829704,0.33133989281568355,0.33469902794083317,0.32402211613216797,0.9999999937034787,0.6977266445045401
6.101525381345336,0.9377188419146656,0.3305946660384466,0.34106877678749814,0.33025503841610465,0.9999999950879048,0.683262026033817
6.126531632908227,0.9459749024470578,0.32969960579389723,0.3474651161687832,0.33651904652685966,0.9999999961655778,0.668765641973621
6.151537884471118,0.9542066470223739,0.32864888743634996,0.353884687151333,0.342810935209321,0.999999997004634,0.6542562753166021
6.176544136034009,0.9624101092107661,0.32743659753238863,0.3603240771837103,0.3491274437211887,0.9999999976581,0.6397527130860012
6.2015503875969,0.9705811742397796,0.3260567521501419,0.3667798274647947,0.3554652622998892,0.9999999981672261,0.6252736524906194
6.22655663915979,0.9787155766301923,0.3245033186841382,0.3732484400064032,0.36182103875813226,0.9999999985640904,0.6108376087501051
6.251562890722681,0.9868089000539986,0.32277023994844145,0.3797263857522745,0.3681913857254457,0.9999999988736314,0.5964628233445793
6.276569142285572,0.9948565763524803,0.3208514590632801,0.3862101116882428,0.37457288729216875,0.9999999991152334,0.5821671772356932
6.301575393848462,1.0028538864911316,0.31874094924922236,0.3926960494016808,0.38096210677707515,0.9999999993039618,0.5679681051619329
6.326581645411353,1.0107959611528783,0.3164327419404275,0.39918062228210965,0.38735559345029397,0.9999999994515247,0.5538825172794652
6.351587896974244,1.018677783082018,0.3139209614692016,0.4056602542046049,0.3937498905279413,0.9999999995670217,0.539926723081392
6.3765941485371345,1.0264941893611903,0.3111998566071247,0.41213137680616074,0.4001415419788718,0.9999999996575261,0.5261163640551436
6.401600400100025,1.0342398754427562,0.3082638391576773,0.41859043806254753,0.40652710050991425,0.9999999997285373,0.5124663500112837
6.426606651662916,1.0419093991873063,0.30510751876737546,0.42503390953469194,0.4129031343828678,0.9999999997843322,0.49899080485961594
6.451612903225807,1.0494971868518435,0.30172574441273886,0.4314582946777892,0.41926623521584006,0.9999999998282387,0.48570301723283876
6.476619154788698,1.0569975389421995,0.2981136419965303,0.43786013591475287,0.42561302469933915,0.9999999998628473,0.4726154007790257
6.501625406351589,1.0644046383662311,0.2942666575572624,0.44423602253560157,0.43194016205939784,0.9999999998901756,0.45973946010307126
6.5266316579144785,1.0717125581526936,0.29018059701190513,0.45058259746962687,0.4382443505696016,0.9999999999117967,0.4470857661300908
6.551637909477369,1.0789152718562374,0.28585166963810416,0.4568965646235783,0.4445223445171446,0.9999999999289373,0.4346639375840956
6.57664416104026,1.0860066632466303,0.28127652924298047,0.46317469525827437,0.45077095543073287,0.9999999999425554,0.42248263113456996
6.601650412603151,1.0929805388661409,0.27645231631270223,0.4694138346147112,0.45698705840118925,0.9999999999533997,0.4105495378664171
6.626656664166042,1.0998306398754785,0.27137669956357896,0.47561090781256726,0.46316759793854073,0.9999999999620564,0.39887138722723164
6.651662915728933,1.1065506564488077,0.2660479154254377,0.48176292565010587,0.4693095935549524,0.999999999968984,0.3874539572146896
6.6766691672918235,1.1131342420371177,0.2604648082666556,0.4878669899325365,0.47541014512680585,0.9999999999745429,0.37630209063252856
6.701675418854714,1.119575029121007,0.25462686637985704,0.4939202983772926,0.48146643771368347,0.9999999999790158,0.36541971713638005
6.726681670417605,1.1258666460506495,0.24853425864125683,0.4999201492762577,0.48747574628423207,0.9999999999826252,0.3548098799288088
6.751687921980495,1.132002733901429,0.24218786659851402,0.5058639455088701,0.49343543980667637,0.9999999999855465,0.34447476738423216
6.776694173543386,1.1379769653878695,0.2355893149858556,0.5117491983847737,0.49934298516575604,0.9999999999879181,0.3344157481621202
6.801700425106277,1.1437830631703134,0.22874099931960867,0.5175735308465641,0.5051959505885755,0.9999999999898495,0.32463340991417394
6.8267066766691675,1.149414819772846,0.22164610888559183,0.5233346803703964,0.5109920086738056,0.9999999999914273,0.31512760061519557
6.851712928232058,1.154866117731454,0.2143086475794442,0.5290305013933251,0.516728939100863,0.9999999999927207,0.30589747203277284
6.876719179794949,1.1601309498146914,0.20673344966187474,0.5346589672716996,0.5224046308491013,0.9999999999937842,0.2969415249231238
6.90172543135784,1.1652034404377156,0.198926191353824,0.5402181718925864,0.528017084088153,0.9999999999946616,0.28825765520190805
6.926731682920731,1.170077866449001,0.19089339874768876,0.5457063307727977,0.533564411659089,0.9999999999953879,0.279843200805463
6.951737934483622,1.174748678473516,0.18264244996803328,0.5511217818098594,0.539044840152601,0.999999999995991,0.27169498865986946
6.976744186046512,1.1792105224483813,0.17418157291547673,0.556462985609966,0.5444567106359562,0.9999999999964932,0.2638093813732228
7.001750437609402,1.1834582604945287,0.16551983851966362,0.5617285254011656,0.549798479005586,0.9999999999969127,0.25618232330056173
7.026756689172293,1.1874869919563877,0.15666714802975237,0.5669171066184173,0.555068715976535,0.9999999999972642,0.24880938559274085
7.051762940735184,1.1912920740905644,0.14763421556491108,0.5720275560897049,0.5602661067351205,0.9999999999975593,0.2416858099893045
7.076769192298075,1.1948691419332653,0.1384325460318065,0.5770588208837077,0.5653894502711002,0.9999999999978078,0.23480655107114592
7.101775443860966,1.1982141277905938,0.1290744072794331,0.5820099668619322,0.5704376583905953,0.999999999998017,0.22816631675787163
7.1267816954238565,1.2013232800256335,0.11957279738078394,0.5868801768918668,0.5754097544275735,0.9999999999981937,0.22175960692093624
7.151787946986747,1.2041931807468065,0.10994140767364752,0.5916687487844421,0.5803048716921435,0.9999999999983427,0.21558074993612522
7.176794198549637,1.2068207626429837,0.10019458067251877,0.5963750929819035,0.5851222516528161,0.9999999999984683,0.2096239370900291
7.201800450112528,1.2092033247371157,0.0903472635531118,0.6009987299909743,0.589861241873619,0.9999999999985739,0.20388325479066993
7.226806701675419,1.2113385468778441,0.08041495768977559,0.6055392875882483,0.5945212937301968,0.9999999999986624,0.1983527145392091
7.25181295323831,1.2132245028991828,0.07041366456145372,0.6099964978346724,0.5991019599301896,0.999999999998736,0.1930262806410981
7.276819204801201,1.2148596724218947,0.060359827922919614,0.6143701939148941,0.6036028918451474,0.9999999999987965,0.1878978956828929
7.301825456364091,1.2162429511663748,0.0502702730052436,0.6186603068126386,0.6080238366772419,0.9999999999988454,0.18296150381312565
7.326831707926982,1.217373659704363,0.04016214310291252,0.6228668618479697,0.612364634479927,0.999999999998884,0.178211071876696
7.351837959489873,1.2182515505912956,0.030052834040486767,0.6269899751034665,0.6166252150553295,0.9999999999989129,0.1736406084644755
7.376844211052764,1.218876813843832,0.01995992690063268,0.6310298497543259,0.620805594742678,0.9999999999989331,0.16924418096314253
7.401850462615654,1.2192500807189504,0.009901119456203908,0.6349867723196759,0.624905873113654,0.9999999999989451,0.16501593069652196
7.426856714178545,1.2193724257664917,-0.00010584307642257692,0.638861108857438,0.6289262295962353,0.9999999999989488,0.16095008625061433
7.4518629657414355,1.2192453671457733,-0.010043237529959899,0.6426533011184422,0.6328669200411914,0.9999999999989448,0.15704097508672174
7.476869217304326,1.2188708652099323,-0.019893431998437933,0.6463638626752702,0.6367282732466818,0.999999999998933,0.15328303354884198
7.501875468867217,1.218251319364058,-0.02963895431276571,0.6499933750453849,0.6405106874572761,0.9999999999989129,0.1496708153699663
7.526881720430108,1.217389563226878,-0.03926255926050778,0.6535424838211518,0.6442146268510421,0.9999999999988844,0.14619899878630765
7.551887971992999,1.216288858133283,-0.04874729408608008,0.6570118948206541,0.6478406180279455,0.999999999998847,0.14286239236611226
7.57689422355589,1.2149528850247264,-0.058076561840117426,0.6604023702728595,0.6513892465121184,0.9999999999987998,0.13965593965735618
7.60190047511878,1.2133857347872383,-0.067234182153855,0.663714725049191,0.6548611532797924,0.9999999999987421,0.1365747227560145
7.62690672668167,1.2115918971002373,-0.07620444907063165,0.6669498229514544,0.65825703132256,0.9999999999986726,0.13361396489410995
7.651912978244561,1.209576247879623,-0.08497218554219124,0.6701085730670265,0.6615776222570622,0.9999999999985898,0.13076903214066754
7.676919229807452,1.2073440354219358,-0.09352279421993322,0.6731919261976811,0.6648237129897252,0.9999999999984921,0.12803543430652614
7.701925481370343,1.2049008653146467,-0.10184230438150549,0.676200871376007,0.6679961324457969,0.9999999999983775,0.1254088251347607
7.726931732933234,1.2022526842302923,-0.10991741471956205,0.6791364324762484,0.6710957483710546,0.9999999999982433,0.12288500185641173
7.7519379844961245,1.1994057626326486,-0.11773553188556536,0.6819996649113205,0.6741234642000308,0.9999999999980866,0.12045990419749164
7.776944236059015,1.196366676707303,-0.12528480420602145,0.6847916524334424,0.6770802160153336,0.999999999997904,0.11812961289334957
7.801950487621906,1.193142289467718,-0.1325541509732133,0.687513504051237,0.6799669695973574,0.9999999999976912,0.11589034777423077
7.826956739184797,1.1897397310860252,-0.1395332872742644,0.6901663510608349,0.6827847175627139,0.9999999999974429,0.11373846548664478
7.851962990747687,1.1861663786883028,-0.14621274386100094,0.6927513441644264,0.6855344765842574,0.9999999999971536,0.11167045692044701
7.876969242310578,1.1824298359405443,-0.15258388216239913,0.6952696507176721,0.6882172847269309,0.9999999999968161,0.10968294436317166
7.9019754938734685,1.1785379120099242,-0.1586389052892599,0.6977224521262582,0.6908341988898503,0.9999999999964218,0.10777267842566306
7.926981745436359,1.174498600303589,-0.1643708640435547,0.7001109413005356,0.6933862923139377,0.9999999999959608,0.10593653483085717
7.95198799699925,1.1703200575883603,-0.16977365842369466,0.702436320256419,0.6958746522278415,0.9999999999954212,0.10417151104124105
7.976994248562141,1.1660105824474642,-0.17484203564702722,0.7046997978760755,0.6983003775979857,0.9999999999947893,0.10247472276812244
8.002000500125032,1.1615785942199144,-0.17957158318126962,0.7069025876913003,0.7006645769363958,0.9999999999940483,0.10084340045842125
8.027006751687923,1.1570326124579267,-0.18395871870392935,0.7090459058715469,0.7029683662778232,0.9999999999931788,0.09927488567758413
8.052013003250813,1.152381235664953,-0.18800067629564063,0.7111309693033162,0.7052128672109274,0.9999999999921573,0.09776662749513067
8.077019254813704,1.1476331218239593,-0.19169548884840346,0.7131589937102986,0.7073992050087816,0.9999999999909567,0.09631617889167408
8.102025506376595,1.1427969681622805,-0.19504196853787253,0.7151311920367032,0.709528506920906,0.9999999999895446,0.09492119310602166
8.127031757939486,1.1378814920302143,-0.19803968294139696,0.7170487727538335,0.7116019004589345,0.9999999999878835,0.09357942011191082
8.152038009502377,1.1328954127207833,-0.2006889305762809,0.7189129384335776,0.7136205118959681,0.9999999999859284,0.09228870304210789
8.177044261065266,1.1278474327037542,-0.20299071225128498,0.7207248843289423,0.7155854647601979,0.9999999999836275,0.09104697473360808
8.202050512628157,1.1227462215845752,-0.20494670245775462,0.7224857970580598,0.7174978784794452,0.9999999999809202,0.08985225431474027
8.227056764191047,1.1176003982730789,-0.20655921748435516,0.7241968534802505,0.7193588671106947,0.9999999999777351,0.08870264383489557
8.252063015753938,1.112418516849968,-0.20783118359195105,0.7258592194752375,0.7211695381036842,0.9999999999739904,0.08759632505100415
8.27706926731683,1.107209050113047,-0.20876610307117835,0.7274740490825833,0.7229309912536483,0.9999999999695907,0.08653155617682999
8.30207551887972,1.101980377317454,-0.20936802047909805,0.7290424833907847,0.7246443175866313,0.9999999999644262,0.08550666887458974
8.32708177044261,1.0967407692116844,-0.20964148740546404,0.7305656498987376,0.7263105985070084,0.999999999958371,0.08452006515608464
8.352088022005502,1.0914983777808362,-0.20959152823985455,0.7320446615232012,0.7279309048096709,0.999999999951281,0.08357021457831638
8.377094273568392,1.0862612227037889,-0.20922360406669877,0.7334806161479588,0.7295062959938596,0.9999999999429924,0.08265565131769756
8.402100525131283,1.0810371831917718,-0.20854357961387465,0.7348745957626266,0.7310378194121081,0.99999999993332,0.08177497155974912
8.427106776694174,1.075833985915457,-0.20755768627764115,0.7362276661378735,0.7325265097042588,0.9999999999220551,0.08092683077446772
8.452113028257065,1.0706591985531553,-0.20627249187255506,0.7375408761651211,0.733973388125661,0.9999999999089648,0.08010994125925616
8.477119279819956,1.0655202200061926,-0.2046948632637891,0.7388152575123482,0.7353794620107222,0.9999999998937904,0.0793230696760362
8.502125531382847,1.060424274027502,-0.20283193843507072,0.7400518243341638,0.7367457243691949,0.9999999998762463,0.07856503466169991
8.527131782945737,1.055378403752798,-0.20069109258661827,0.7412515726939691,0.7380731532679903,0.9999999998560207,0.07783470470802045
8.552138034508628,1.0503894635335094,-0.19827990823337396,0.7424154807518266,0.7393627117285186,0.9999999998327755,0.07713099578871704
8.577144286071519,1.0454641176556654,-0.19560614977804003,0.7435445080557584,0.7406153471095398,0.9999999998061475,0.0764528695109871
8.60215053763441,1.0406088334031913,-0.19267773034664568,0.7446395956874251,0.7418319909769354,0.9999999997757512,0.0757993309908222
8.627156789197299,1.0358298776738895,-0.18950269073399426,0.7457016662687179,0.7430135589811173,0.9999999997411821,0.0751694268778685
8.65216304076019,1.0311333170810628,-0.18608917460334326,0.7467316233426491,0.7441609503086553,0.9999999997020215,0.07456224377811559
8.67716929232308,1.0265250119195999,-0.18244540072809387,0.7477303519202405,0.7452750478772073,0.9999999996578426,0.07397690623875647
8.702175543885971,1.0220106161811566,-0.17857964732028425,0.7486987182596437,0.7463567181109947,0.9999999996082192,0.07341257516390921
8.727181795448862,1.01759557770574,-0.17450022941018614,0.7496375696279177,0.7474068106610752,0.9999999995527338,0.07286844633760699
8.752188047011753,1.0132851346266305,-0.17021547902233308,0.750547734847478,0.7484261586721768,0.9999999994909903,0.07234374866854776
8.777194298574644,1.0090843175091986,-0.16573373177636283,0.7514300239694148,0.7494155784992655,0.9999999994226252,0.07183774290946682
8.802200550137535,1.0049979486185985,-0.16106330837812044,0.7522852285547379,0.7503758698109276,0.9999999993473228,0.07134972018296387
8.827206801700425,1.0010306418747752,-0.15621250242592652,0.7531141218698764,0.7513078156713917,0.9999999992648299,0.07087900061411401
8.852213053263316,0.9971868051030155,-0.1511895681464945,0.7539174588227407,0.7522121824405438,0.9999999991749723,0.07042493215316815
8.877219304826207,0.99347063954189,-0.1460027082023925,0.7546959764118867,0.7530897200389313,0.9999999990776711,0.06998688923213882
8.902225556389098,0.9898861426748422,-0.14066006595546898,0.7554503936497963,0.7539411618599217,0.9999999989729593,0.06956427172107517
8.927231807951989,0.986437108774739,-0.1351697155530197,0.7561814119928911,0.754767225037314,0.9999999988609978,0.06915650371755491
8.95223805951488,0.9831271313522141,-0.1295396565798449,0.7568897153954856,0.7555686104618462,0.9999999987420896,0.06876303256098022
8.97724431107777,0.9799596048170622,-0.12377780733378202,0.7575759706575929,0.756346003007187,0.9999999986166921,0.06838332777036338
9.002250562640661,0.9769377265865714,-0.11789200115690265,0.7582408275998991,0.7571000716428082,0.9999999984854262,0.06801688011013435
9.027256814203552,0.9740644994021489,-0.11188998276538739,0.7588849193578344,0.7578314696355567,0.999999998349083,0.06766320065199205
9.052263065766441,0.9713427333329843,-0.10577940618606986,0.7595088626293162,0.7585408347246101,0.9999999982086243,0.0673218199033647
9.077269317329332,0.9687750483421089,-0.09956783361851093,0.7601132579511152,0.7592287893216161,0.9999999980651798,0.06699228696698523
9.102275568892223,0.9663638763041957,-0.09326273503345554,0.7606986899790235,0.759895940718299,0.9999999979200381,0.06667416874022504
9.127281820455114,0.9641114635662128,-0.08687148903795901,0.7612657277712028,0.7605428813011945,0.9999999977746328,0.06636704915209199
9.152288072018004,0.9620198729933557,-0.08040138411658405,0.7618149250736683,0.7611701887711306,0.999999997630522,0.06607052843653748
9.177294323580895,0.9600909863693401,-0.0738596210557963,0.7623468206241938,0.761778426381427,0.9999999974893636,0.0657842224323672
9.202300575143786,0.958326506436718,-0.06725331573114474,0.7628619384271437,0.7623681431561481,0.9999999973528843,0.06550776192945519
9.227306826706677,0.9567279590358247,-0.060589502705466446,0.7633607880819061,0.7629398741539585,0.9999999972228448,0.06524079202211966
9.252313078269568,0.9552966950863077,-0.05387513942604542,0.7638438650421958,0.7634941406803303,0.9999999971010025,0.06498297152299182
9.277319329832459,0.9540338924097896,-0.04711711066440538,0.7643116509615022,0.7640314505705234,0.9999999969890698,0.06473397236625844
9.30232558139535,0.9529405575685654,-0.04032223390784926,0.7647646139462396,0.7645522984021963,0.9999999968886737,0.06449347907831168
9.32733183295824,0.9520175273838465,-0.03349726446628287,0.7652032088956242,0.7650571657789695,0.9999999968013142,0.06426118823461863
9.352338084521131,0.951265470503875,-0.026648901629243292,0.7656278777725354,0.7655465215617289,0.9999999967283262,0.06403680797055293
9.377344336084022,0.9506848886704844,-0.019783794484420483,0.7660390499108233,0.7660208221304272,0.9999999966708428,0.0638200574981758
9.402350587646913,0.9502761179235188,-0.012908548319452104,0.7664371423156243,0.7664805116430292,0.9999999966297656,0.0636106666467173
9.427356839209803,0.9500393296148458,-0.0060297311261231345,0.7668225599424923,0.7669260222784514,0.9999999966057393,0.0634083754321207
9.452363090772694,0.949974531247694,0.0008461199739193759,0.7671956959998315,0.767357774500377,0.9999999965991346,0.06321293363459106
9.477369342335585,0.9500815671760533,0.007712492015720667,0.7675569322293141,0.7677761773046774,0.9999999966100377,0.06302410040322999
9.502375593898474,0.9503601191222324,0.014562889633213214,0.7679066391921504,0.7681816284729741,0.999999996638248,0.06284164387439528
9.527381845461365,0.9508097065356427,0.021390828515776544,0.7682451765486296,0.7685745148220186,0.9999999966832857,0.06266534080838387
9.552388097024256,0.9514296867881182,0.028189828966650406,0.7685728933349081,0.768955212452062,0.9999999967444044,0.062494976241761924
9.577394348587147,0.9522192552088159,0.034953409649012765,0.7688901282342399,0.7693240869916625,0.9999999968206137,0.062330343155754545
9.602400600150037,0.9531774449744655,0.041675081579270745,0.769197209848974,0.7696814938443486,0.9999999969107063,0.062171242157043116
9.627406851712928,0.9543031268376274,0.04834834229583783,0.7694944569627774,0.7700277784280632,0.9999999970132912,0.06201748117490177
9.65241310327582,0.9555950087148184,0.054966670428027865,0.7697821787956431,0.7703632764091247,0.9999999971268311,0.06186887517287518
9.67741935483871,0.9570516351813025,0.06152352073422249,0.7700606752710559,0.7706883139479217,0.9999999972496814,0.0617252458655841
9.7024256064016,0.9586713867609346,0.0680123192617997,0.7703302372531939,0.7710032079194329,0.9999999973801312,0.061586421458858856
9.727431857964492,0.9604524792112927,0.07442645941370625,0.7705911468000082,0.7713082661480314,0.9999999975164439,0.061452236392225607
9.752438109527382,0.96239296263203,0.08075929820982664,0.7708436774082412,0.7716037876367656,0.999999997656895,0.06132253109362632
9.777444361090273,0.9644907204931376,0.08700415321265048,0.7710880942345479,0.7718900627753988,0.9999999977998089,0.061197151753254006
9.802450612653164,0.9667434687069205,0.0931543003795564,0.7713246543510276,0.7721673735804131,0.9999999979435898,0.06107595008960257
9.827456864216055,0.9691487544026223,0.0992029719498606,0.7715536069418149,0.7724359938826777,0.9999999980867502,0.06095878314925243
9.852463115778946,0.9717039550506057,0.10514335605021546,0.7717751935579937,0.7726961895680986,0.9999999982279321,0.06084551308736779
9.877469367341837,0.9744062770637835,0.11096859588634418,0.7719896482998221,0.7729482187536073,0.999999998365924,0.06073600698711676
9.902475618904727,0.9772527550271902,0.11667179114292685,0.7721971980633419,0.77319233202152,0.9999999984996728,0.06063013665635783
9.927481870467618,0.9802402502301122,0.12224599881509772,0.7723980627130593,0.7734287725878501,0.9999999986282897,0.06052777846298902
9.952488122030507,0.9833654500796006,0.12768423652156505,0.7725924553185751,0.773657776528762,0.9999999987510511,0.060428813147074954
9.977494373593398,0.9866248666438646,0.1329794851777305,0.7727805823166367,0.7738795729399323,0.9999999988673955,0.06033312567124564
10.002500625156289,0.990014836378352,0.13812469446570558,0.772962643741306,0.7740943841582509,0.9999999989769168,0.060240605045354924
10.02750687671918,0.9935315187326424,0.14311278740784344,0.7731388333710701,0.7743024259079483,0.999999999079354,0.06015114419266966
10.05251312828207,0.9971708963500292,0.14793666831914923,0.7733093389569825,0.774503907521642,0.9999999991745785,0.06006463978388403
10.077519379844961,1.0009287738039223,0.15258922926501528,0.7734743423522775,0.7746990320705088,0.9999999992625798,0.059980992119200105
10.102525631407852,1.0048007783840347,0.15706336081143538,0.7736340197389483,0.7748879965851955,0.9999999993434507,0.05990010497043105
10.127531882970743,1.0087823591607037,0.16135196035062263,0.7737885417434208,0.7750709921729243,0.9999999994173712,0.05982188547647667
10.152538134533634,1.0128687882745073,0.16544794583467276,0.7739380736537234,0.7752482042310598,0.9999999994845927,0.05974624399609127
10.177544386096525,1.0170551608184704,0.1693442661887452,0.7740827755358937,0.7754198125646533,0.9999999995454234,0.0596730940093486
10.202550637659416,1.0213363961828645,0.1730339175339864,0.774222802419974,0.7755859915718559,0.999999999600214,0.059602351990106196
10.227556889222306,1.025707239679501,0.17650995704191105,0.7743583044468607,0.7757469103905402,0.9999999996493446,0.05953393729922116
10.252563140785197,1.0301622631517142,0.17976551954763717,0.7744894269920305,0.7759027330247441,0.9999999996932132,0.05946777209025233
10.277569392348088,1.0346958691242745,0.18279383717910433,0.7746163108625345,0.7760536185404822,0.9999999997322255,0.059403781184619454
10.302575643910979,1.03930229095071,0.18558825470962032,0.7747390923679996,0.776199721140864,0.999999999766787,0.05934189200586854
10.32758189547387,1.043975598102009,0.18814225476942625,0.7748579035196832,0.776341190365825,0.9999999997972947,0.059282034457764685
10.35258814703676,1.0487096992676848,0.19044947532454778,0.7749728721384057,0.7764781712022046,0.9999999998241327,0.059224140846006045
10.37759439859965,1.0534983445352968,0.1925037324014313,0.7750841219487472,0.7766108041822692,0.9999999998476667,0.05916814580751249
10.40260065016254,1.0583351341249887,0.19429904841213824,0.7751917727830058,0.7767392255888306,0.999999999868242,0.05911398619173369
10.427606901725431,1.0632135203068747,0.19582966973305482,0.7752959406315117,0.776863567509547,0.9999999998861803,0.05906160101350525
10.452613153288322,1.0681268137064424,0.1970900969934902,0.775396737773264,0.7769839579717809,0.9999999999017792,0.05901093137041925
10.477619404851213,1.073068193358075,0.1980751123579741,0.7754942729435164,0.7771005211125714,0.9999999999153119,0.05896192034514182
10.502625656414104,1.0780307093832453,0.19877980082178734,0.7755886513721564,0.7772133772215881,0.9999999999270262,0.058914512967752686
10.527631907976994,1.0830072936151314,0.19919958436509824,0.7756799749314662,0.7773226428933763,0.9999999999371467,0.05886865612920972
10.552638159539885,1.0879907691143933,0.19933024644740416,0.7757683422518823,0.7774284311465413,0.9999999999458749,0.05882429851091023
10.577644411102776,1.0929738562672375,0.19916796003266005,0.7758538487816401,0.7775308514882453,0.9999999999533904,0.05878139054065146
10.602650662665667,1.0979491868465179,0.19870931937833192,0.775936586931508,0.7776300100636524,0.999999999959853,0.05873988431074963
10.627656914228558,1.1029093117146251,0.19795136429714766,0.7760166461381756,0.7777260097233787,0.9999999999654039,0.058699733534433626
10.652663165791449,1.1078467142492274,0.19689161237680355,0.7760941129737599,0.7778189501383711,0.9999999999701669,0.058660893481765924
10.67766941735434,1.1127538218467419,0.1955280838863652,0.7761690712319951,0.7779089278904703,0.9999999999742507,0.058623320927277955
10.70267566891723,1.1176230187992604,0.19385933123178947,0.776241602012326,0.7779960365616639,0.9999999999777502,0.05858697409916208
10.727681920480121,1.1224466604871237,0.1918844639977892,0.776311783812263,0.7780803668313477,0.9999999999807478,0.05855181262549457
10.752688172043012,1.1272170868332172,0.18960317551469613,0.7763796926010363,0.7781620065549586,0.999999999983315,0.058517797489649644
10.777694423605903,1.1319266380508293,0.18701576622194058,0.7764454019079648,0.7782410408575215,0.9999999999855134,0.05848489097961471
10.802700675168794,1.1365676693741895,0.18412316727800496,0.7765089828926243,0.7783175522088072,0.9999999999873963,0.05845305664623736
10.827706926731683,1.1411325676179669,0.18092696080974424,0.7765705044254609,0.778391620509155,0.9999999999890093,0.05842225925723725
10.852713178294573,1.1456137674807214,0.17742939992513543,0.7766300331571624,0.7784633231639673,0.9999999999903919,0.0583924647568823
10.877719429857464,1.1500037684082747,0.17363342494299192,0.7766876335903816,0.7785327351605208,0.9999999999915774,0.05836364022509957
10.902725681420355,1.1542951524552265,0.16954267871362277,0.776743368149163,0.7785999291426946,0.9999999999925949,0.05833575383805012
10.927731932983246,1.1584806012223703,0.1651615183196292,0.7767972972422817,0.7786649754792213,0.9999999999934688,0.058308774831991116
10.952738184546137,1.1625529148065328,0.1604950244788164,0.7768494793317259,0.7787279423375808,0.9999999999942198,0.05828267346510155
10.977744436109028,1.1665050290103123,0.15554900817613881,0.776899970990201,0.7787888957463254,0.9999999999948661,0.058257420984805186
11.002750687671918,1.170330034432086,0.15033001347846642,0.776948826965622,0.7788478996648966,0.9999999999954227,0.058232989592169895
11.02775693923481,1.1740211943762389,0.14484531791956398,0.7769961002367989,0.7789050160442237,0.9999999999959024,0.058209352410729824
11.0527631907977,1.1775719631500556,0.13910292892271553,0.7770418420707719,0.7789603048890876,0.9999999999963165,0.058186483454848385
11.07776944236059,1.1809760046093052,0.13311157662337175,0.7770861020787816,0.7790138243191798,0.9999999999966741,0.058164357598982454
11.102775693923482,1.184227209618268,0.1268807037730965,0.7771289282673188,0.7790656306249307,0.9999999999969832,0.05814295054952133
11.127781945486372,1.1873197140134781,0.12042045113789827,0.7771703670912372,0.7791157783256238,0.9999999999972504,0.05812223881590079
11.152788197049263,1.1902479158366883,0.11374163958860542,0.7772104635031708,0.7791643202236392,0.9999999999974817,0.05810219968367235
11.177794448612154,1.1930064918674377,0.10685574881039199,0.7772492610010745,0.7792113074567101,0.9999999999976816,0.058082811188673755
11.202800700175045,1.1955904139939466,0.09977489168249658,0.7772868016759199,0.7792567895504237,0.9999999999978546,0.05806405209132261
11.227806951737936,1.197994964658319,0.09251178540957478,0.7773231262566327,0.7793008144678107,0.9999999999980039,0.05804590185239154
11.252813203300827,1.2002157514653529,0.0850797193859876,0.7773582741535333,0.7793434286573552,0.9999999999981326,0.05802834060966546
11.277819454863716,1.2022487211360329,0.07749251923489024,0.7773922835012331,0.779384677100474,0.9999999999982431,0.058011349155017086
11.302825706426606,1.204090172462376,0.06976450765580856,0.7774251911997669,0.7794246033571403,0.9999999999983376,0.05799490891246429
11.327831957989497,1.205736768140888,0.061910462644093764,0.7774570329540392,0.7794632496097088,0.9999999999984177,0.05797900191716808
11.352838209552388,1.207185545632886,0.053945572543304586,0.7774878433125214,0.7795006567059766,0.999999999998485,0.0579636107949162
11.377844461115279,1.2084339268510955,0.04588538855725631,0.7775176557046167,0.7795368642008319,0.9999999999985406,0.057948718742361086
11.40285071267817,1.2094797266133168,0.0377457749754999,0.7775465024767572,0.7795719103965596,0.9999999999985857,0.05793430950797375
11.42785696424106,1.2103211598153725,0.02954285751679364,0.7775744149272913,0.7796058323818592,0.9999999999986209,0.05792036737367891
11.452863215803951,1.2109568473083032,0.02129296987769271,0.7776014233403499,0.7796386660697788,0.9999999999986471,0.05790687713707629
11.477869467366842,1.2113858204193744,0.013012598919196521,0.777627557018638,0.7796704462345049,0.9999999999986643,0.05789382409426594
11.502875718929733,1.211607524085523,0.004718328870447761,0.7776528443151413,0.7797012065469914,0.9999999999986732,0.057881194023277016
11.527881970492624,1.2116218185831498,-0.0035732151371618394,0.7776773126638395,0.7797309796095238,0.9999999999986737,0.05786897316805204
11.552888222055515,1.211428979840419,-0.01184542378380002,0.7777009886094011,0.7797597969891901,0.999999999998666,0.057857148222992205
11.577894473618406,1.211029698334526,-0.02008176021306572,0.7777238978359481,0.7797876892503516,0.99999999999865,0.05784570631801731
11.602900725181296,1.2104250765745463,-0.02826581625955478,0.7777460651949157,0.7798146859861361,0.9999999999986253,0.0578346350041253
11.627906976744187,1.209616625189129,-0.036381367828637746,0.77776751473199,0.7798408158489366,0.9999999999985916,0.05782392223945303
11.652913228307078,1.2086062576431849,-0.044412429120369135,0.7777882697131878,0.7798661065799788,0.9999999999985482,0.05781355637580608
11.677919479869969,1.2073962836172054,-0.0523433053472891,0.7778083526500997,0.7798905850379819,0.9999999999984945,0.05780352614564242
11.702925731432858,1.2059894010884646,-0.06015864363076539,0.7778277853243287,0.7799142772269434,0.9999999999984296,0.05779382064949218
11.727931982995749,1.204388687161469,-0.06784348176440012,0.7778465888111468,0.7799372083230736,0.9999999999983523,0.05778442934379868
11.75293823455864,1.2025975877229957,-0.07538329448243188,0.7778647835023442,0.7799594027008449,0.9999999999982614,0.05777534202919124
11.77794448612153,1.2006199059611622,-0.08276403709784766,0.7778823891283798,0.7799808839582784,0.999999999998155,0.057766548839133944
11.802950737684421,1.19845978984855,-0.0899721861923314,0.777899424779809,0.7800016749414376,0.9999999999980316,0.05775804022895992
11.827956989247312,1.196121718594782,-0.09699477730741325,0.7779159089280921,0.7800217977682458,0.9999999999978886,0.057749806965238556
11.852963240810203,1.1936104882419227,-0.10381943915200191,0.7779318594456176,0.7800412738514333,0.9999999999977234,0.05774184011555419
11.877969492373094,1.1909311964739542,-0.11043442433123839,0.7779472936250458,0.7800601239207358,0.9999999999975329,0.057734131038642174
11.902975743935984,1.188089226674343,-0.11682863671999236,0.7779622281981781,0.7800783680445708,0.9999999999973133,0.057726671374783524
11.927981995498875,1.1850902312194476,-0.1229916552533022,0.7779766793542748,0.7800960256511106,0.9999999999970604,0.05771945303649093
11.952988247061766,1.1819401144741803,-0.128913753554762,0.7779906627574004,0.7801131155482598,0.9999999999967689,0.057712468199689976
11.977994498624657,1.178645015233411,-0.13458591632006395,0.7780041935635281,0.7801296559433779,0.9999999999964332,0.057705709295039306
12.003000750187548,1.1752112885659902,-0.13999985209904556,0.7780172864372694,0.7801456644625904,0.9999999999960462,0.057699168999454514
12.028007001750439,1.1716454878022713,-0.14514800179715576,0.7780299555674619,0.7801611581688086,0.9999999999955997,0.057692840228203014
12.05301325331333,1.167954346176978,-0.15002354425983125,0.7780422146827058,0.7801761535797044,0.9999999999950845,0.05768671612704368
12.07801950487622,1.1641447580291682,-0.15462039824362717,0.7780540770665999,0.7801906666853571,0.9999999999944893,0.05768079006452958
12.103025756439111,1.160223760718719,-0.15893322047667938,0.7780655555716502,0.7802047129643892,0.9999999999938015,0.05767505562496821
12.128032008002002,1.1561985160084634,-0.16295740148283497,0.778076662633668,0.7802183074006739,0.9999999999930059,0.05766950660116282
12.153038259564891,1.1520762916644622,-0.16668905737913572,0.7780874102852617,0.7802314644990199,0.9999999999920852,0.05766413698760422
12.178044511127782,1.1478644439314492,-0.17012501939909225,0.7780978101685179,0.7802441982999234,0.9999999999910192,0.057658940974071426
12.203050762690673,1.143570399096071,-0.17326282067151583,0.7781078735484013,0.7802565223951704,0.9999999999897844,0.057653912938894866
12.228057014253563,1.1392016368696685,-0.17610067999105775,0.7781176113241516,0.7802684499411298,0.9999999999883539,0.05764904744320315
12.253063265816454,1.1347656729027336,-0.17863748438621488,0.778127034041878,0.7802799936734417,0.9999999999866962,0.05764433922460093
12.278069517379345,1.130270042562462,-0.18087276812279995,0.7781361519055837,0.7802911659199043,0.9999999999847753,0.057639783191616674
12.303075768942236,1.1257222851600903,-0.182806691754493,0.7781449747883376,0.78030197861353,0.9999999999825497,0.05763537441809137
12.328082020505127,1.1211299280650464,-0.18444001739982982,0.7781535122433203,0.7803124433054764,0.9999999999799721,0.05763110813763467
12.353088272068018,1.1165004728081047,-0.18577408504625173,0.7781617735135735,0.7803225711764684,0.9999999999769882,0.05762697973872179
12.378094523630908,1.1118413798657107,-0.18681078511964014,0.7781697675429631,0.7803323730496492,0.9999999999735362,0.05762298475920638
12.4031007751938,1.107160056517724,-0.18755253286598184,0.7781775029847872,0.7803418594006896,0.9999999999695459,0.05761911888198727
12.42810702675669,1.102463842631657,-0.1880022390326619,0.7781849882124641,0.780351040370336,0.9999999999649385,0.057615377929669205
12.45311327831958,1.0977600001760324,-0.18816328336060612,0.7781922313272476,0.7803599257734893,0.9999999999596245,0.05761175786067788
12.478119529882472,1.0930557002340795,-0.18803948389560668,0.7781992401684908,0.7803685251112763,0.9999999999535047,0.057608254764138625
12.503125781445362,1.088358014001113,-0.1876350707258482,0.7782060223207268,0.7803768475793952,0.9999999999464679,0.05760486485631284
12.528132033008253,1.0836739014034578,-0.1869546543948674,0.7782125851232236,0.7803849020793747,0.9999999999383913,0.05760158447583199
12.553138284571144,1.0790102029779338,-0.18600320053713645,0.7782189356769976,0.7803926972268503,0.9999999999291393,0.05759841008017757
12.578144536134035,1.0743736310427305,-0.18478599876327637,0.778225080852859,0.7804002413610669,0.9999999999185645,0.05759533824166009
12.603150787696924,1.0697707611292282,-0.18330863706105543,0.7782310272995647,0.7804075425545026,0.9999999999065059,0.05759236564335202
12.628157039259815,1.0652080269949502,-0.18157697456929123,0.7782367814491126,0.7804146086191484,0.999999999892791,0.05758948907641796
12.653163290822706,1.060691711062563,-0.17959711306900747,0.7782423495266783,0.7804214471182468,0.9999999998772353,0.05758670543518278
12.678169542385596,1.0562279417174305,-0.1773753758493095,0.7782477375542969,0.7804280653706714,0.9999999998596438,0.05758401171525908
12.703175793948487,1.0518226866176528,-0.17491827822483336,0.778252951359233,0.7804344704608429,0.9999999998398132,0.057581405009384544
12.728182045511378,1.0474817468923507,-0.1722325069241037,0.778257996581052,0.7804406692471039,0.9999999998175331,0.05757888250390053
12.753188297074269,1.0432107566427844,-0.16932489902181533,0.7782628786745441,0.780446668365217,0.9999999997925898,0.05757644147725876
12.77819454863716,1.039015176311594,-0.16620241557498244,0.7782676029191566,0.7804524742395487,0.9999999997647695,0.05757407929534733
12.80320080020005,1.0349002900739965,-0.16287212616729838,0.7782721744236081,0.7804580930885537,0.9999999997338627,0.05757179340917916
12.828207051762941,1.0308712059664475,-0.15934118903791913,0.7782765981295657,0.780463530929171,0.9999999996996691,0.057569581353037844
12.853213303325832,1.026932850828393,-0.15561683045187547,0.7782808788200453,0.7804687935868,0.9999999996620035,0.05756744074031531
12.878219554888723,1.0230899702966558,-0.15170633190894783,0.7782850211225207,0.7804738866990163,0.9999999996207021,0.057565369261942945
12.903225806451614,1.0193471280229975,-0.14761701264190988,0.7782890295143405,0.7804788157220296,0.9999999995756292,0.057563364683692934
12.928232058014505,1.015708703385013,-0.1433562156344062,0.7782929083284907,0.7804835859375486,0.9999999995266855,0.057561424843312545
12.953238309577396,1.012178892846353,-0.13893129608345517,0.7782966617568149,0.7804882024566356,0.9999999994738142,0.057559547648906514
12.978244561140286,1.0087617082814693,-0.13434960782996808,0.7783002938561054,0.7804926702269708,0.9999999994170101,0.057557731075912416
13.003250812703177,1.0054609781634625,-0.129618494800198,0.7783038085512072,0.7804969940365684,0.9999999993563264,0.057555973165544054
13.028257064266066,1.00228034740122,-0.12474528010455427,0.7783072096402455,0.7805011785200241,0.999999999291882,0.05755427202219225
13.053263315828957,0.9992232781109514,-0.11973725896641557,0.7783105007980992,0.7805052281626715,0.9999999992238678,0.05755262581169005
13.078269567391848,0.9962930505213822,-0.11460169091819751,0.7783136855807787,0.7805091473058234,0.9999999991525519,0.057551032759133085
13.103275818954739,0.9934927636706886,-0.10934579405248665,0.7783167674290905,0.7805129401511602,0.9999999990782831,0.05754949114705277
13.12828207051763,0.990825336859545,-0.10397673989919211,0.7783197496724373,0.7805166107652859,0.9999999990014932,0.057547999313522724
13.15328832208052,0.9882935104942613,-0.0985016491896636,0.7783226355324396,0.7805201630840685,0.9999999989226972,0.05754655565035518
13.178294573643411,0.985899847761232,-0.09292758887301039,0.7783254281263922,0.7805236009167903,0.9999999988424908,0.057545158601377974
13.203300825206302,0.9836467356751694,-0.08726156951122077,0.7783281304706826,0.7805269279502494,0.999999998761546,0.05754380666073216
13.228307076769193,0.981536386789401,-0.08151054399531785,0.7783307454840543,0.7805301477526799,0.9999999986806037,0.05754249837124616
13.253313328332084,0.9795708404267701,-0.07568140655463838,0.7783332759907385,0.7805332637775162,0.9999999986004642,0.05754123232287564
13.278319579894974,0.9777519643089522,-0.06978099282460178,0.7783357247236034,0.7805362793671794,0.9999999985219747,0.057540007151134796
13.303325831457865,0.9760814559210697,-0.06381608037302822,0.7783380943269774,0.7805391977564744,0.9999999984460157,0.05753882153568941
13.328332083020756,0.9745608439795468,-0.057793389817878744,0.7783403873597047,0.7805420220762671,0.9999999983734836,0.05753767419883594
13.353338334583647,0.9731914898665043,-0.05171958672387478,0.7783426062976982,0.7805447553565608,0.9999999983052739,0.05753656390422804
13.378344586146538,0.971974588902164,-0.04560128353389562,0.7783447535368541,0.7805474005300066,0.9999999982422613,0.057535489455426275
13.403350837709429,0.9709111717447575,-0.03944504257550144,0.7783468313954386,0.7805499604347826,0.999999998185281,0.05753444969470769
13.42835708927232,0.9700021055025568,-0.033257378740533174,0.778348842116753,0.7805524378178085,0.9999999981351089,0.057533443501738946
13.45336334083521,0.9692480949578535,-0.02704476313860208,0.7783507878714936,0.7805548353375922,0.9999999980924437,0.05753246979240044
13.4783695923981,0.968649683574213,-0.020813626608734852,0.7783526707600918,0.7805571555670585,0.9999999980578893,0.057531527517619765
13.50337584396099,0.9682072544637869,-0.01457036359229185,0.7783544928150536,0.7805594009963728,0.9999999980319402,0.05753061566220703
13.528382095523881,0.9679210312592115,-0.008321336308078419,0.7783562560030896,0.7805615740355173,0.9999999980149683,0.057529733243792666
13.553388347086772,0.9677910788508605,-0.002072878816091214,0.7783579622272859,0.7805636770169156,0.9999999980072143,0.05752887931174604
13.578394598649663,0.9678173040479716,0.004168698648299488,0.778359613329156,0.7805657121979154,0.9999999980087816,0.05752805294615302
13.603400850212553,0.9679994561175107,0.010397105391562038,0.7783612110906296,0.7805676817631946,0.999999998019633,0.05752725325682492
13.628407101775444,0.9683371272192053,0.01660606599633025,0.778362757235984,0.7805695878271008,0.9999999980395932,0.057526479382335814
13.653413353338335,0.9688297527358022,0.022789316126201106,0.7783642534337132,0.7805714324359152,0.9999999980683525,0.05752573048909129
13.678419604901226,0.9694766114985984,0.028940598439150277,0.7783657012983325,0.7805732175700385,0.9999999981054762,0.05752500577042899
13.703425856464117,0.9702768259099158,0.03505365865808933,0.7783671023921185,0.7805749451461006,0.9999999981504154,0.05752430444575146
13.728432108027008,0.9712293619783349,0.04112224192319618,0.7783684582268084,0.7805766170190201,0.9999999982025213,0.05752362575967962
13.753438359589898,0.9723330292630693,0.04714008934254001,0.7783697702652476,0.780578234984003,0.9999999982610613,0.05752296898123139
13.77844461115279,0.9735864807131495,0.05310093479489441,0.7783710399229351,0.780579800778418,0.9999999983252374,0.05752233340305141
13.80345086271568,0.9749882124857732,0.05899850232228837,0.7783722685695973,0.7805813160837053,0.9999999983942042,0.05752171834062717
13.82845711427857,0.9765365636409337,0.06482650363080031,0.7783734575306561,0.7805827825271591,0.9999999984670884,0.05752112313155708
13.853463365841462,0.97822971580586,0.0705786362016121,0.7783746080886322,0.7805842016836311,0.9999999985430075,0.05752054713485132
13.878469617404352,0.9800656928537822,0.07624858202891957,0.7783757214846078,0.7805855750773065,0.9999999986210877,0.05751998973020301
13.903475868967243,0.9820423603959194,0.08183000642515868,0.7783767989194699,0.7805869041832154,0.99999999870048,0.05751945031736822
13.928482120530132,0.9841574255105856,0.08731655814056466,0.7783778415553129,0.7805881904289351,0.9999999987803754,0.05751892831546765
13.953488372093023,0.986408436159935,0.09270186926924776,0.7783788505166093,0.7805894351960142,0.9999999988600177,0.05751842316240281
13.978494623655914,0.9887927809537649,0.09797955660401467,0.7783798268914854,0.7805906398215227,0.9999999989387129,0.05751793431422034
14.003500875218805,0.9913076886399699,0.10314322310278823,0.7783807717328749,0.7805918055994542,0.999999999015838,0.05751746124453737
14.028507126781696,0.9939502278984822,0.10818646042663771,0.7783816860596497,0.7805929337821027,0.9999999990908461,0.05751700344397757
14.053513378344586,0.9967173070288403,0.11310285224069945,0.7783825708577583,0.7805940255814457,0.9999999991632695,0.057516560419604235
14.078519629907477,0.9996056738256363,0.1178859780448644,0.7783834270812371,0.7805950821703763,0.9999999992327206,0.05751613169441578
14.103525881470368,1.0026119155431759,0.12252941843157544,0.7783842556533114,0.7805961046840424,0.9999999992988908,0.057515716806797394
14.128532133033259,1.0057324589610028,0.12702676039743668,0.778385057467319,0.7805970942209723,0.9999999993615474,0.057515315310060225
14.15353838459615,1.0089635706600364,0.13137160458962832,0.7783858333877516,0.7805980518443424,0.99999999942053,0.057514926771922686
14.17854463615904,1.0123013574516897,0.1355575723344763,0.7783865842511238,0.7805989785830363,0.9999999994757438,0.05751455077407673
14.203550887721931,1.0157417669336422,0.13957831478346513,0.7783873108669254,0.7805998754328052,0.9999999995271547,0.057514186911713505
14.228557139284822,1.0192805885508707,0.14342752201815714,0.7783880140184793,0.7806007433573152,0.9999999995747814,0.05751383479309502
14.253563390847713,1.0229134542951577,0.1470989337485019,0.7783886944637627,0.780601583289147,0.9999999996186881,0.05751349403914523
14.278569642410604,1.0266358407828862,0.15058635111669888,0.7783893529363091,0.7806023961308974,0.9999999996589783,0.05751316428299969
14.303575893973495,1.0304430698937885,0.1538836482709615,0.778389990145854,0.7806031827559681,0.9999999996957867,0.057512845169683594
14.328582145536386,1.03433031217134,0.1569847875227688,0.7783906067793086,0.7806039440097525,0.9999999997292728,0.057512536355626295
14.353588397099275,1.0382925875340188,0.15988383137669648,0.7783912035012557,0.7806046807102428,0.9999999997596145,0.05751223750841362
14.378594648662165,1.0423247696700584,0.16257496104805488,0.7783917809549185,0.7806053936492136,0.999999999787003,0.05751194830630457
14.403600900225056,1.0464215879129521,0.1650524895356948,0.7783923397626564,0.7806060835928263,0.9999999998116365,0.05751166843798404
14.428607151787947,1.0505776310750627,0.16731088139590322,0.7783928805267176,0.7806067512825509,0.9999999998337168,0.05751139760218713
14.453613403350838,1.054787352666868,0.16934477034803636,0.7783934038299836,0.7806073974360742,0.999999999853445,0.05751113550732774
14.478619654913729,1.0590450725193983,0.17114897559889508,0.7783939102363301,0.7806080227477432,0.9999999998710185,0.05751088187131812
14.50362590647662,1.0633449850858723,0.1727185267776665,0.7783944002915669,0.7806086278897134,0.9999999998866282,0.057510636421100145
14.52863215803951,1.0676811632062737,0.17404867929702586,0.7783948745238427,0.7806092135124443,0.9999999999004574,0.057510398892443124
14.553638409602401,1.072047562235843,0.17513493615210587,0.778395333444099,0.7806097802452556,0.9999999999126787,0.05751016902971684
14.578644661165292,1.076438031033637,0.17597307393390774,0.7783957775469635,0.7806103286974204,0.9999999999234549,0.05750994658544603
14.603650912728183,1.080846315140822,0.17655915812023448,0.7783962073109868,0.7806108594584539,0.999999999932937,0.05750973132019217
14.628657164291074,1.085266065169675,0.17688956982667142,0.778396623199229,0.780611373098834,0.9999999999412648,0.05750952300226009
14.653663415853964,1.089690846760169,0.1769610272216848,0.778397025659872,0.7806118701707494,0.9999999999485663,0.05750932140739277
14.678669667416855,1.094114146179132,0.1767706065641233,0.7783974151265207,0.7806123512084691,0.9999999999549579,0.057509126318620735
14.703675918979746,1.0985293829845386,0.17631576783430514,0.7783977920188554,0.7806128167291418,0.9999999999605458,0.057508937525936256
14.728682170542637,1.1029299171416969,0.17559437343335824,0.7783981567429488,0.780613267233185,0.9999999999654252,0.05750875482613499
14.753688422105528,1.1073090608162697,0.17460471334974753,0.7783985096917657,0.7806137032048961,0.9999999999696818,0.057508578022566516
14.778694673668419,1.1116600891542423,0.1733455245451438,0.778398851245589,0.7806141251129757,0.9999999999733918,0.057508406924921644
14.803700925231308,1.1159762509902025,0.17181601314405934,0.7783991817723892,0.7806145334109803,0.9999999999766234,0.05750824134904761
14.828707176794198,1.1202507820972458,0.17001587390855952,0.7783995016282808,0.7806149285378816,0.9999999999794369,0.05750808111672043
14.85371342835709,1.1244769161602504,0.16794530973676433,0.7783998111578424,0.7806153109184601,0.9999999999818855,0.05750792605548458
14.87871967991998,1.1286478992230284,0.16560504946628815,0.77840011069455,0.7806156809638354,0.9999999999840161,0.05750777599843708
14.903725931482871,1.1327570016355206,0.16299636485744676,0.7784004005610817,0.7806160390718407,0.9999999999858699,0.05750763078407475
14.928732183045762,1.1367975330655549,0.1601210855216691,0.778400681069713,0.7806163856275072,0.9999999999874829,0.057507490256097235
14.953738434608653,1.1407628556200666,0.15698161297226212,0.7784009525226157,0.7806167210034319,0.9999999999888868,0.05750735426325733
14.978744686171543,1.144646398998411,0.15358093194289849,0.7784012152122111,0.7806170455602104,0.999999999990109,0.057507222659184454
15.003750937734434,1.1484416748578767,0.14992262075400356,0.7784014694214698,0.7806173596468046,0.9999999999911734,0.05750709530223523
15.028757189297325,1.1521422917266304,0.1460108586276381,0.7784017154242219,0.7806176636009237,0.9999999999921009,0.05750697205533832
15.053763440860216,1.155741970486669,0.14185043141201045,0.7784019534854567,0.7806179577493934,0.9999999999929094,0.057506852785844303
15.078769692423107,1.1592345589432376,0.13744673469862986,0.7784021838615969,0.7806182424084904,0.9999999999936148,0.05750673736538929
15.103775943985998,1.1626140478461628,0.1328057741178622,0.7784024068007915,0.780618517884304,0.9999999999942304,0.05750662566974811
15.128782195548888,1.1658745854294879,0.12793416376688424,0.7784026225431665,0.780618784473043,0.999999999994768,0.057506517578709275
15.15378844711178,1.1690104930155627,0.12283912106440192,0.7784028313210966,0.7806190424613697,0.9999999999952378,0.05750641297593892
15.17879469867467,1.1720162799258644,0.11752845940085715,0.7784030333594508,0.7806192921267018,0.9999999999956484,0.05750631174885837
15.20380095023756,1.17488665803701,0.1120105779942313,0.7784032288758322,0.780619533737507,0.9999999999960074,0.05750621378852398
15.228807201800452,1.1776165566431116,0.10629444825626826,0.7784034180808201,0.7806197675536004,0.9999999999963214,0.0575061189895064
15.25381345336334,1.1802011362683242,0.1003895981347705,0.7784036011781901,0.7806199938264147,0.9999999999965958,0.057506027249780496
15.278819704926232,1.1826358024211368,0.0943060931047711,0.7784037783651356,0.7806202127992736,0.9999999999968356,0.05750593847061421
15.303825956489122,1.1849162189205258,0.08805451411604381,0.7784039498324847,0.7806204247076569,0.9999999999970448,0.05750585255646098
15.328832208052013,1.1870383202927546,0.08164593345190167,0.7784041157649,0.7806206297794474,0.9999999999972271,0.057505769414859
15.353838459614904,1.1889983237870185,0.07509188741864496,0.7784042763410803,0.780620828235178,0.9999999999973854,0.057505688956330896
15.378844711177795,1.1907927406824506,0.06840434633313829,0.7784044317339551,0.7806210202882714,0.9999999999975225,0.05750561109428638
15.403850962740686,1.1924183866614029,0.06159568248531247,0.7784045821108682,0.7806212061452659,0.9999999999976404,0.05750553574493039
15.428857214303576,1.1938723914414546,0.05467863558965136,0.7784047276337588,0.7806213860060381,0.9999999999977411,0.05750546282717239
15.453863465866467,1.1951522075375753,0.04766627599669688,0.778404868459337,0.7806215600640186,0.9999999999978262,0.05750539226253902
15.478869717429358,1.1962556180503243,0.04057196599365917,0.7784050047392526,0.7806217285063998,0.999999999997897,0.05750532397508933
15.503875968992249,1.1971807434414912,0.03340931955626167,0.7784051366202577,0.7806218915143358,0.9999999999979545,0.057505257891333664
15.52888222055514,1.1979260473175588,0.026192160404631994,0.7784052642443656,0.7806220492631384,0.9999999999979998,0.05750519394015406
15.55388847211803,1.1984903411401666,0.018934478827785504,0.7784053877490039,0.7806222019224646,0.9999999999980334,0.057505132052727954
15.578894723680921,1.1988727878400491,0.011650387486526272,0.778405507267162,0.7806223496564997,0.9999999999980558,0.057505072162453874
15.603900975243812,1.1990729043147776,0.004354076483297491,0.7784056229275355,0.7806224926241329,0.9999999999980674,0.05750501420487989
15.628907226806703,1.1990905627982433,-0.002940232077341392,0.7784057348546639,0.7806226309791289,0.9999999999980684,0.0575049581176342
15.653913478369594,1.1989259910901258,-0.010218329701964212,0.7784058431690657,0.7806227648702925,0.9999999999980589,0.05750490384035801
15.678919729932483,1.1985797716460065,-0.01746606711149077,0.7784059479873675,0.780622894441629,0.9999999999980387,0.05750485131464041
15.703925981495374,1.1980528395299739,-0.024669399459678564,0.7784060494224303,0.7806230198324986,0.9999999999980074,0.0575048004839558
15.728932233058265,1.197346479243593,-0.031814430957574726,0.7784061475834709,0.7806231411777664,0.9999999999979647,0.05750475129360269
15.753938484621155,1.1964623204493083,-0.03888745860967038,0.7784062425761795,0.7806232586079472,0.99999999999791,0.05750470369064517
15.778944736184046,1.1954023326137428,-0.045875014808204106,0.7784063345028338,0.7806233722493462,0.9999999999978425,0.05750465762385561
15.803950987746937,1.1941688186045158,-0.052763908531370377,0.7784064234624091,0.780623482224194,0.9999999999977611,0.057504613043659766
15.828957239309828,1.1927644072785897,-0.05954126492218534,0.778406509550685,0.7806235886507787,0.9999999999976648,0.05750456990208322
15.853963490872719,1.1911920450954834,-0.06619456306394257,0.778406592860349,0.7806236916435729,0.999999999997552,0.05750452815269989
15.87896974243561,1.1894549868040367,-0.07271167171371243,0.7784066734810953,0.7806237913133566,0.9999999999974211,0.05750448775058196
15.9039759939985,1.1875567852942048,-0.07908088269442441,0.7784067514997227,0.7806238877673362,0.99999999999727,0.05750444865225156
15.928982245561391,1.185501280630035,-0.08529094200253934,0.7784068270002273,0.7806239811092597,0.9999999999970963,0.05750441081563409
15.953988497124282,1.1832925883161718,-0.09133107846302951,0.7784069000638933,0.7806240714395287,0.9999999999968974,0.05750437420001276
15.978994748687173,1.1809350868554933,-0.09719102970972528,0.7784069707693808,0.7806241588553063,0.99999999999667,0.05750433876598467
16.004001000250064,1.1784334048007663,-0.1028610651877415,0.7784070391928101,0.780624243450621,0.9999999999964104,0.05750430447541867
16.029007251812953,1.1757924072027435,-0.108332006667475,0.7784071054078436,0.7806243253164673,0.9999999999961144,0.05750427129141437
16.054013503375845,1.1730171814388282,-0.1135952459778489,0.7784071694857663,0.7806244045409058,0.9999999999957772,0.05750423917826194
16.079019754938734,1.17011302291426,-0.11864275935463414,0.778407231495561,0.7806244812091554,0.9999999999953928,0.057504208101404164
16.104026006501627,1.167085420312545,-0.1234671194057291,0.7784072915039835,0.7806245554036858,0.9999999999949547,0.0575041780273992
16.129032258064516,1.1639400403417188,-0.12806150425424756,0.778407349575635,0.7806246272043075,0.9999999999944554,0.057504148923884016
16.15403850962741,1.1606827127773856,-0.13241970326221014,0.7784074057730305,0.7806246966882547,0.9999999999938862,0.057504120759540436
16.179044761190298,1.1573194150495245,-0.13653612079143496,0.7784074601566665,0.7806247639302709,0.9999999999932372,0.057504093504061056
16.20405101275319,1.1538562566355122,-0.1404057768278997,0.7784075127850875,0.780624829002689,0.9999999999924968,0.05750406712811598
16.22905726431608,1.1502994641109545,-0.14402430490940024,0.7784075637149466,0.7806248919755068,0.9999999999916518,0.05750404160332268
16.254063515878972,1.1466553653923617,-0.14738794826243598,0.7784076130010689,0.7806249529164655,0.9999999999906874,0.05750401690221385
16.27906976744186,1.1429303748798931,-0.1504935526031502,0.7784076606965089,0.7806250118911202,0.9999999999895864,0.057503992998209096
16.304076019004754,1.1391309784981567,-0.1533385578276429,0.7784077068526084,0.780625068962911,0.9999999999883291,0.0575039698655858
16.329082270567643,1.1352637186010994,-0.15592098666648035,0.7784077515190522,0.7806251241932324,0.9999999999868935,0.05750394747945108
16.35408852213053,1.131335180231271,-0.1582394321708112,0.7784077947439195,0.7806251776414963,0.999999999985254,0.05750392581571623
16.379094773693424,1.1273519761576427,-0.16029304307711972,0.7784078365737397,0.7806252293652005,0.9999999999833824,0.05750390485106889
16.404101025256313,1.12332073416174,-0.16208150760679518,0.7784078770535369,0.7806252794199849,0.9999999999812461,0.057503884562950316
16.429107276819206,1.1192480827408338,-0.16360503620666347,0.7784079162268847,0.7806253278596976,0.999999999978809,0.05750386492952848
16.454113528382095,1.1151406393073586,-0.16486434243934545,0.7784079541359468,0.7806253747364461,0.9999999999760301,0.05750384592967735
16.479119779944988,1.1110049968417082,-0.16586062363641876,0.7784079908215285,0.78062542010066,0.9999999999728637,0.057503827542951295
16.504126031507877,1.1068477130579746,-0.16659553966691484,0.7784080263231145,0.7806254640011389,0.9999999999692593,0.05750380974956611
16.52913228307077,1.1026752980574341,-0.16707119205810556,0.7784080606789178,0.7806255064851112,0.9999999999651601,0.057503792530374465
16.55413853463366,1.0984942047201447,-0.16729010148744744,0.7784080939259139,0.7806255475982778,0.9999999999605041,0.05750377586684885
16.57914478619655,1.0943108171371423,-0.16725518570270012,0.7784081260998883,0.78062558738487,0.9999999999552229,0.05750375974105774
16.60415103775944,1.0901314426153004,-0.16696973681224675,0.7784081572354664,0.7806256258876861,0.9999999999492415,0.0575037441356507
16.629157289322333,1.0859623006326977,-0.1664373979968061,0.7784081873661601,0.7806256631481503,0.9999999999424789,0.0575037290338348
16.65416354088522,1.0818095165900046,-0.1656621419151751,0.7784082165243938,0.7806256992063433,0.9999999999348472,0.057503714419361925
16.679169792448114,1.0776791115153772,-0.1646482458433777,0.7784082447415501,0.7806257341010592,0.9999999999262524,0.05750370027650568
16.704176044011003,1.0735769967349154,-0.16340027234991578,0.7784082720479936,0.7806257678698357,0.9999999999165947,0.057503686590049445
16.729182295573896,1.0695089660332615,-0.16192304388853818,0.7784082984731089,0.7806258005490005,0.9999999999057687,0.057503673345267375
16.754188547136785,1.0654806886113442,-0.16022162335921405,0.7784083240453358,0.7806258321737138,0.9999999998936644,0.057503660527907
16.779194798699674,1.061497706164423,-0.15830129375145535,0.7784083487921863,0.7806258627779911,0.9999999998801681,0.05750364812418021
16.804201050262566,1.0575654240658698,-0.15616753375314715,0.7784083727402923,0.7806258923947605,0.9999999998651641,0.05750363612073996
16.829207301825456,1.0536891085513105,-0.15382600276525837,0.7784083959154234,0.780625921055886,0.999999999848536,0.05750362450467078
16.854213553388348,1.049873883902444,-0.1512825200821571,0.7784084183425101,0.7806259487921946,0.9999999998301689,0.05750361326347769
16.879219804951237,1.0461247251369914,-0.14854304409534447,0.7784084400456865,0.7806259756335306,0.9999999998099515,0.05750360238506442
16.90422605651413,1.0424464573721055,-0.14561365963028902,0.778408461048303,0.7806260016087699,0.9999999997877791,0.05750359185772739
16.92923230807702,1.038843752948564,-0.1425005583878125,0.7784084813729528,0.7806260267458536,0.9999999997635567,0.05750358167014203
16.95423855963991,1.0353211268857823,-0.13921002344435993,0.7784085010415054,0.7806260510718283,0.9999999997372016,0.05750357181134658
16.9792448112028,1.031882937135644,-0.13574841672840812,0.7784085200751184,0.780626074612861,0.9999999997086477,0.05750356227073579
17.004251062765693,1.0285333812685336,-0.1321221627610523,0.7784085384942696,0.7806260973942789,0.9999999996778492,0.05750355303804512
17.029257314328582,1.0252764954858533,-0.12833773796446782,0.7784085563187744,0.7806261194405903,0.9999999996447839,0.05750354410334181
17.054263565891475,1.0221161538910863,-0.12440165793934814,0.7784085735678085,0.7806261407755122,0.9999999996094576,0.057503535457013935
17.079269817454364,1.019056066765361,-0.12032046663316627,0.7784085902599299,0.7806261614219979,0.9999999995719075,0.057503527089758984
17.104276069017256,1.0160997810394055,-0.11610072717993522,0.7784086064130968,0.7806261814022579,0.9999999995322062,0.057503518992575484
17.129282320580145,1.0132506788772588,-0.11174901188248693,0.7784086220446902,0.7806262007377884,0.9999999994904638,0.05750351115675128
17.154288572143038,1.0105119785019232,-0.10727189535208766,0.7784086371715293,0.7806262194493897,0.999999999446832,0.05750350357385604
17.179294823705927,1.0078867334063364,-0.10267594616618733,0.7784086518098938,0.780626237557193,0.9999999994015044,0.05750349623573039
17.20430107526882,1.0053778332807624,-0.09796772165615336,0.7784086659755379,0.7806262550806781,0.9999999993547188,0.057503489134478544
17.22930732683171,1.0029880037761505,-0.09315376139309894,0.7784086796837107,0.7806262720386978,0.9999999993067568,0.057503482262458536
17.254313578394598,1.000719807514023,-0.0882405834082239,0.7784086929491703,0.7806262884494954,0.9999999992579424,0.057503475612275
17.27931982995749,0.9985756442318992,-0.08323467938792807,0.778408705786202,0.780626304330727,0.9999999992086409,0.05750346917677004
17.30432608152038,0.9965577518831987,-0.07814251221842647,0.7784087182086322,0.7806263196994774,0.9999999991592549,0.057503462949016725
17.329332333083272,0.9946682070281512,-0.07297051269916682,0.7784087302298447,0.7806263345722817,0.9999999991102194,0.05750345692231036
17.35433858464616,0.992908925989056,-0.06772507828809095,0.7784087418627942,0.7806263489651406,0.9999999990619968,0.057503451090162305
17.379344836209054,0.9912816654141751,-0.06241257117521424,0.7784087531200211,0.7806263628935395,0.9999999990150694,0.05750344544629213
17.404351087771943,0.9897880234100275,-0.057039318016770514,0.7784087640136643,0.7806263763724633,0.9999999989699316,0.05750343998462158
17.429357339334835,0.9884294402508353,-0.05161160928484069,0.7784087745554746,0.7806263894164146,0.9999999989270814,0.05750343469926755
17.454363590897724,0.9872071994023591,-0.04613569971298937,0.7784087847568272,0.7806264020394277,0.9999999988870103,0.057503429584535845
17.479369842460617,0.9861224283525581,-0.040617808848057296,0.7784087946287332,0.7806264142550842,0.9999999988501942,0.05750342463491544
17.504376094023506,0.9851760994771153,-0.03506412197205148,0.778408804181852,0.7806264260765282,0.9999999988170837,0.05750341984507215
17.5293823455864,0.984369030924468,-0.029480791652885936,0.7784088134265016,0.7806264375164796,0.9999999987880932,0.05750341520984335
17.554388597149288,0.9837018873555745,-0.023873939130093953,0.7784088223726696,0.7806264485872482,0.9999999987635935,0.05750341072423235
17.57939484871218,0.9831751807493545,-0.018249656372925555,0.7784088310300239,0.7806264593007468,0.9999999987439016,0.05750340638340306
17.60440110027507,0.9827892710897871,-0.01261400810473806,0.7784088394079216,0.7806264696685045,0.9999999987292749,0.057503402182675065
17.629407351837962,0.9825443670181614,-0.00697303398751335,0.7784088475154196,0.7806264797016783,0.9999999987199043,0.05750339811751854
17.65441360340085,0.9824405264390651,-0.001332751048181635,0.7784088553612829,0.7806264894110657,0.9999999987159103,0.057503394183549675
17.67941985496374,0.9824776570506488,0.004300843944608254,0.7784088629539943,0.7806264988071159,0.9999999987173398,0.057503390376525985
17.704426106526633,0.9826555168222287,0.009921772026123635,0.7784088703017621,0.7806265078999415,0.9999999987241657,0.057503386692341875
17.72943235808952,0.9829737144089852,0.01552406961210212,0.7784088774125292,0.7806265166993287,0.9999999987362868,0.05750338312702436
17.754438609652414,0.983431709506103,0.0211017861211323,0.7784088842939804,0.7806265252147486,0.9999999987535313,0.05750337967672893
17.779444861215303,0.9840288131462855,0.026648981724056466,0.7784088909535508,0.7806265334553666,0.9999999987756606,0.057503376337735605
17.804451112778196,0.9847641879437556,0.03215972522533454,0.7784088973984334,0.7806265414300527,0.9999999988023753,0.05750337310644471
17.829457364341085,0.9856368482784151,0.0376280920816483,0.7784089036355861,0.7806265491473907,0.9999999988333219,0.05750336997937355
17.854463615903978,0.9866456604457199,0.04304816274668735,0.7784089096717391,0.7806265566156877,0.9999999988681019,0.05750336695315235
17.879469867466867,0.9877893427730089,0.048414021245734254,0.7784089155134024,0.7806265638429828,0.9999999989062791,0.057503364024520776
17.90447611902976,0.9890664656632591,0.053719753915180635,0.778408921166872,0.7806265708370558,0.9999999989473909,0.057503361190324565
17.92948237059265,0.9904754516794158,0.058959448773971274,0.7784089266382374,0.7806265776054353,0.999999998990957,0.057503358447511976
17.95448862215554,0.99201457556315,0.06412719502907545,0.7784089319333876,0.7806265841554073,0.9999999990364891,0.057503355793130644
17.97949487371843,0.993681964237881,0.06921708302065419,0.7784089370580177,0.7806265904940225,0.9999999990834998,0.05750335322432435
18.004501125281323,0.995475596922474,0.07422320493377757,0.7784089420176361,0.7806265966281041,0.9999999991315125,0.05750335073832968
18.02950737684421,0.9973933050594422,0.0791396553977022,0.7784089468175691,0.7806266025642548,0.9999999991800675,0.05750334833247345
18.054513628407104,0.999432772549108,0.08396053338149374,0.7784089514629686,0.7806266083088644,0.9999999992287304,0.05750334600416921
18.079519879969993,1.0015915357283178,0.08867994389450952,0.7784089559588167,0.7806266138681163,0.9999999992770969,0.05750334375091501
18.104526131532882,1.0038669836807963,0.09329200086049082,0.7784089603099321,0.7806266192479941,0.9999999993247981,0.057503341570290016
18.129532383095775,1.0062563584183397,0.09779083031289706,0.7784089645209759,0.7806266244542885,0.9999999993715035,0.05750333945995221
18.154538634658664,1.0087567552544803,0.10217057419966531,0.7784089685964561,0.7806266294926028,0.9999999994169235,0.05750333741763563
18.179544886221557,1.0113651232975551,0.10642539525020156,0.778408972540734,0.7806266343683592,0.9999999994608103,0.05750333544114794
18.204551137784446,1.0140782659340526,0.11054948181712529,0.7784089763580282,0.7806266390868053,0.9999999995029587,0.05750333352836787
18.229557389347338,1.0168928416997352,0.11453705446075921,0.7784089800524204,0.7806266436530186,0.9999999995432045,0.0575033316772429
18.254563640910227,1.01980536496548,0.11838237197463286,0.7784089836278597,0.7806266480719127,0.9999999995814233,0.05750332988578698
18.27956989247312,1.0228122072158492,0.1220797396784471,0.7784089870881671,0.7806266523482428,0.9999999996175282,0.057503328152078315
18.30457614403601,1.025909598080967,0.12562351677902747,0.7784089904370401,0.78062665648661,0.9999999996514669,0.05750332647425721
18.3295823955989,1.0290936269916977,0.1290081262808515,0.778408993678057,0.780626660491467,0.9999999996832185,0.05750332485052404
18.35458864716179,1.0323602447923395,0.13222806391601516,0.7784089968146807,0.7806266643671225,0.99999999971279,0.05750332327913728
18.379594898724683,1.0357052656197663,0.13527790935101905,0.7784089998502627,0.780626668117746,0.9999999997402127,0.05750332175841151
18.404601150287572,1.0391243694895085,0.13815233719089176,0.778409002788047,0.7806266717473724,0.9999999997655389,0.05750332028671557
18.429607401850465,1.0426131040878126,0.14084612875255112,0.7784090056311735,0.7806266752599061,0.9999999997888375,0.057503318862470974
18.454613653413354,1.0461668887816116,0.14335418586684306,0.7784090083826819,0.7806266786591258,0.9999999998101917,0.057503317484149774
18.479619904976246,1.0497810161793522,0.14567154248027572,0.778409011045514,0.7806266819486875,0.9999999998296951,0.05750331615027348
18.504626156539135,1.053450657481288,0.14779338154169452,0.7784090136225182,0.7806266851321294,0.9999999998474487,0.05750331485941081
18.529632408102028,1.0571708646809383,0.14971504663562185,0.7784090161164516,0.7806266882128757,0.9999999998635586,0.0575033136101767
18.554638659664917,1.0609365756792966,0.15143206019860106,0.7784090185299832,0.7806266911942396,0.9999999998781337,0.057503312401230605
18.579644911227806,1.0647426196407155,0.1529401384141998,0.7784090208656974,0.7806266940794276,0.9999999998912836,0.05750331123127476
18.6046511627907,1.0685837193788312,0.15423520570556398,0.7784090231260951,0.7806266968715424,0.9999999999031164,0.05750331009905353
18.629657414353588,1.0724545004092816,0.15531341637588178,0.7784090253135983,0.7806266995735868,0.9999999999137382,0.05750330900335121
18.65466366591648,1.0763494947997752,0.15617116721149712,0.7784090274305516,0.7806267021884666,0.9999999999232513,0.057503307942991244
18.67966991747937,1.0802631459135297,0.15680511595536079,0.7784090294792241,0.7806267047189934,0.9999999999317535,0.05750330691683513
18.704676169042262,1.0841898195979374,0.15721220296452282,0.7784090314618132,0.7806267071678887,0.9999999999393374,0.05750330592378058
18.72968242060515,1.088123807598939,0.1573896634337943,0.7784090333804458,0.7806267095377859,0.9999999999460905,0.05750330496276084
18.754688672168044,1.0920593360379922,0.1573350490427442,0.7784090352371806,0.780626711831233,0.999999999952094,0.05750330403274356
18.779694923730933,1.0959905751056127,0.15704624489859473,0.7784090370340111,0.7806267140506966,0.9999999999574234,0.05750330313272935
18.804701175293825,1.0999116449974744,0.1565214862648802,0.7784090387728663,0.7806267161985627,0.9999999999621485,0.05750330226175121
18.829707426856714,1.1038166278167882,0.15575937786268554,0.778409040455614,0.7806267182771413,0.9999999999663329,0.05750330141887296
18.854713678419607,1.107699574447098,0.15475890844459322,0.7784090420840619,0.7806267202886671,0.9999999999700349,0.05750330060318867
18.879719929982496,1.111554516115868,0.15351946942014166,0.7784090436599599,0.7806267222353032,0.9999999999733074,0.05750329981382153
18.90472618154539,1.1153754737634034,0.15204086881203435,0.7784090451850016,0.7806267241191426,0.9999999999761984,0.057503299049923004
18.929732433108278,1.119156468889244,0.15032334754722035,0.7784090466608268,0.7806267259422108,0.9999999999787506,0.057503298310671684
18.95473868467117,1.1228915347355162,0.14836759249884962,0.778409048089022,0.7806267277064683,0.9999999999810031,0.05750329759527276
18.97974493623406,1.12657472721751,0.14617475024864163,0.7784090494711232,0.780626729413812,0.9999999999829904,0.05750329690295698
19.00475118779695,1.1302001369975532,0.1437464382342264,0.7784090508086169,0.7806267310660776,0.9999999999847433,0.057503296232979784
19.02975743935984,1.1337619010416073,0.14108475585279356,0.7784090521029418,0.7806267326650418,0.9999999999862894,0.057503295584620674
19.05476369092273,1.137254214978583,0.13819229298785518,0.7784090533554905,0.7806267342124239,0.9999999999876532,0.057503294957182316
19.079769942485623,1.1406713454889261,0.13507213801096757,0.7784090545676107,0.7806267357098877,0.9999999999888562,0.057503294349989846
19.10477619404851,1.1440076425794132,0.1317278832952245,0.7784090557406065,0.7806267371590435,0.9999999999899176,0.05750329376239017
19.129782445611404,1.1472575527373163,0.1281636294774579,0.7784090568757406,0.7806267385614494,0.9999999999908542,0.05750329319375119
19.154788697174293,1.1504156310036187,0.1243839877351219,0.7784090579742344,0.7806267399186133,0.9999999999916809,0.05750329264346126
19.179794948737186,1.153476554493485,0.1203940797692235,0.7784090590372704,0.7806267412319947,0.9999999999924107,0.05750329211092833
19.204801200300075,1.15643513444778,0.11619953645426297,0.7784090600659929,0.7806267425030058,0.9999999999930553,0.057503291595579584
19.229807451862968,1.1592863294303681,0.11180649351439838,0.7784090610615092,0.7806267437330133,0.9999999999936247,0.05750329109686053
19.254813703425857,1.1620252576590353,0.10722158573119905,0.778409062024891,0.7806267449233399,0.9999999999941276,0.05750329061423466
19.27981995498875,1.1646472093022233,0.10245193872128946,0.7784090629571755,0.7806267460752656,0.9999999999945718,0.0575032901471827
19.30482620655164,1.1671476589327756,0.09750515810608656,0.7784090638593664,0.780626747190029,0.999999999994964,0.05750328969520216
19.32983245811453,1.169522277030999,0.09238931722626954,0.778409064732435,0.7806267482688288,0.9999999999953104,0.05750328925780676
19.35483870967742,1.1717669416918144,0.0871129418938955,0.7784090655773214,0.7806267493128254,0.9999999999956157,0.05750328883452584
19.379844961240313,1.1738777497575787,0.08168499312275082,0.7784090663949351,0.7806267503231411,0.9999999999958848,0.05750328842490399
19.4048512128032,1.1758510273025695,0.07611484808093245,0.7784090671861567,0.7806267513008625,0.9999999999961213,0.05750328802850053
19.42985746436609,1.1776833399049593,0.07041227835508228,0.778409067951838,0.780626752247041,0.9999999999963287,0.05750328764488883
19.454863715928983,1.17937150221562,0.06458742637174567,0.7784090686928032,0.7806267531626941,0.9999999999965101,0.05750328727365622
19.479869967491872,1.1809125868365058,0.058650780146415865,0.7784090694098507,0.7806267540488065,0.9999999999966678,0.0575032869144032
19.504876219054765,1.1823039326792086,0.05261314581956726,0.778409070103752,0.7806267549063312,0.999999999996804,0.05750328656674322
19.529882470617654,1.1835431525790205,0.04648561847650991,0.7784090707752547,0.7806267557361903,0.9999999999969207,0.05750328623030218
19.554888722180547,1.1846281400965655,0.04027955167368371,0.7784090714250816,0.7806267565392763,0.9999999999970193,0.05750328590471808
19.579894973743436,1.1855570755962757,0.034006525320242544,0.7784090720539326,0.7806267573164527,0.9999999999971012,0.0575032855896406
19.604901225306328,1.186328431501091,0.027678312292503567,0.7784090726624846,0.7806267580685555,0.9999999999971675,0.05750328528473069
19.629907476869217,1.1869409766876478,0.021306843968449587,0.778409073251393,0.7806267587963936,0.9999999999972191,0.057503284989660244
19.65491372843211,1.1873937800043033,0.014904174912736047,0.7784090738212919,0.7806267595007497,0.9999999999972566,0.05750328470411172
19.679919979995,1.1876862129025636,0.00848244684112686,0.7784090743727948,0.7806267601823811,0.9999999999972805,0.057503284427777954
19.70492623155789,1.1878179511621056,0.002053852025067769,0.7784090749064958,0.7806267608420211,0.9999999999972913,0.057503284160361504
19.72993248312078,1.1877889756942088,-0.004369403571035655,0.7784090754229692,0.7806267614803791,0.9999999999972888,0.05750328390157469
19.754938734683673,1.1875995724214572,-0.010775137242161696,0.7784090759227713,0.7806267620981416,0.9999999999972735,0.05750328365113904
19.779944986246562,1.1872503312354086,-0.01715122638265683,0.7784090764064403,0.7806267626959731,0.9999999999972448,0.057503283408784994
19.804951237809455,1.186742144035942,-0.023485645004920213,0.7784090768744969,0.7806267632745165,0.9999999999972025,0.05750328317425182
19.829957489372344,1.1860762018643938,-0.029766499710255113,0.7784090773274449,0.780626763834394,0.999999999997146,0.057503282947287224
19.854963740935236,1.1852539911461328,-0.03598206493058111,0.7784090777657721,0.7806267643762078,0.9999999999970747,0.057503282727646904
19.879969992498125,1.1842772890629447,-0.042120817244751876,0.7784090781899502,0.7806267649005407,0.9999999999969877,0.05750328251509455
19.904976244061015,1.1831481580762375,-0.048171468598836954,0.7784090786004362,0.7806267654079566,0.9999999999968839,0.057503282309401424
19.929982495623907,1.181868939642977,-0.05412299819048365,0.7784090789976718,0.7806267658990012,0.9999999999967619,0.05750328211034629
19.954988747186796,1.1804422471479858,-0.05996468291332116,0.7784090793820845,0.7806267663742027,0.9999999999966205,0.057503281917714866
19.97999499874969,1.178870958106262,-0.06568612618398355,0.7784090797540884,0.7806267668340721,0.9999999999964573,0.057503281731299954
20.005001250312578,1.1771582056412542,-0.07127728510949397,0.7784090801140836,0.7806267672791042,0.9999999999962705,0.057503281550900946
20.03000750187547,1.1753073693045013,-0.076728495742341,0.7784090804624578,0.7806267677097777,0.9999999999960576,0.05750328137632375
20.05501375343836,1.173322065341559,-0.08203049621584287,0.7784090807995859,0.7806267681265556,0.9999999999958156,0.05750328120738056
20.080020005001252,1.1712061363794883,-0.0871744480040769,0.7784090811258307,0.7806267685298862,0.9999999999955413,0.05750328104388964
20.10502625656414,1.1689636405121357,-0.09215195516371627,0.7784090814415434,0.7806267689202036,0.9999999999952311,0.05750328088567504
20.130032508127034,1.1665988400911003,-0.09695508099562303,0.7784090817470636,0.7806267692979274,0.9999999999948805,0.057503280732566525
20.155038759689923,1.164116190097876,-0.10157636273002658,0.77840908204272,0.7806267696634638,0.9999999999944846,0.057503280584399526
20.180045011252815,1.1615203259802045,-0.10600882419499189,0.7784090823288308,0.7806267700172062,0.9999999999940379,0.0575032804410145
20.205051262815704,1.1588160514711185,-0.11024598568064535,0.7784090826057036,0.780626770359535,0.9999999999935341,0.0575032803022573
20.230057514378597,1.1560083261331688,-0.11428187197384186,0.7784090828736363,0.7806267706908182,0.9999999999929658,0.05750328016797872
20.255063765941486,1.1531022524088193,-0.11811101829946558,0.7784090831329169,0.7806267710114124,0.999999999992325,0.0575032800380343
20.28007001750438,1.1501030631114757,-0.12172847346291797,0.7784090833838242,0.7806267713216624,0.9999999999916025,0.057503279912284315
20.305076269067268,1.1470161084130752,-0.12512980171459817,0.7784090836266279,0.7806267716219017,0.9999999999907877,0.05750327979059354
20.330082520630157,1.1438468428310764,-0.12831108193286409,0.7784090838615888,0.7806267719124534,0.9999999999898688,0.05750327967283116
20.35508877219305,1.1406008127757918,-0.1312689050585104,0.7784090840889593,0.7806267721936301,0.9999999999888326,0.05750327955887062
20.38009502375594,1.1372836432430928,-0.13400036993461703,0.7784090843089835,0.780626772465734,0.9999999999876641,0.0575032794485894
20.40510127531883,1.1339010257676363,-0.13650307668730732,0.7784090845218976,0.7806267727290579,0.9999999999863466,0.05750327934186899
20.43010752688172,1.1304587055205073,-0.13877511943863724,0.7784090847279299,0.7806267729838849,0.9999999999848612,0.05750327923859485
20.455113778444613,1.1269624693099058,-0.14081507630663886,0.7784090849273014,0.7806267732304892,0.999999999983187,0.05750327913865591
20.4801200300075,1.123418133646608,-0.14262199925093944,0.7784090851202256,0.780626773469136,0.9999999999813008,0.05750327904194503
20.505126281570394,1.1198315327246233,-0.14419540126918676,0.7784090853069089,0.7806267737000818,0.9999999999791767,0.05750327894835835
20.530132533133283,1.1162085076269368,-0.1455352438468257,0.7784090854875511,0.7806267739235752,0.9999999999767857,0.05750327885779548
20.555138784696176,1.1125548945110175,-0.14664192184544148,0.778409085662345,0.7806267741398563,0.9999999999740966,0.0575032787701593
20.580145036259065,1.1088765149000028,-0.1475162491181338,0.7784090858314774,0.7806267743491577,0.9999999999710745,0.05750327868535596
20.605151287821958,1.1051791643414604,-0.1481594415007057,0.7784090859951284,0.7806267745517047,0.9999999999676813,0.057503278603294544
20.630157539384847,1.1014686037071688,-0.14857310126683895,0.778409086153472,0.7806267747477149,0.9999999999638758,0.057503278523887286
20.65516379094774,1.0977505485764079,-0.14875919852275932,0.7784090863066767,0.780626774937399,0.9999999999596132,0.05750327844704923
20.68017004251063,1.09403066135458,-0.14872005519209494,0.7784090864549048,0.7806267751209608,0.999999999954845,0.05750327837269836
20.70517629407352,1.0903145418291942,-0.1484583252193948,0.7784090865983133,0.7806267752985978,0.9999999999495196,0.05750327830075521
20.73018254563641,1.0866077194984338,-0.14797697831733642,0.7784090867370536,0.780626775470501,0.9999999999435819,0.057503278231143096
20.7551887971993,1.082915646247452,-0.1472792801737979,0.7784090868712716,0.7806267756368548,0.9999999999369737,0.0575032781637879
20.78019504876219,1.0792436878426506,-0.14636877504037332,0.7784090870011086,0.7806267757978381,0.999999999929634,0.05750327809861797
20.80520130032508,1.075597119534868,-0.1452492682453376,0.7784090871267004,0.7806267759536241,0.9999999999214992,0.057503278035564036
20.830207551887973,1.0719811169251725,-0.14392480598187748,0.7784090872481785,0.7806267761043797,0.9999999999125044,0.05750327797455922
20.855213803450862,1.068400752240866,-0.14239966106953345,0.7784090873656692,0.7806267762502671,0.9999999999025833,0.05750327791553886
20.880220055013755,1.0648609889875713,-0.14067831316523915,0.7784090874792945,0.7806267763914427,0.999999999891669,0.057503277858440595
20.905226306576644,1.0613666744897823,-0.1387654318557099,0.7784090875891719,0.7806267765280582,0.9999999998796961,0.057503277803204085
20.930232558139537,1.0579225384457027,-0.13666586293376373,0.7784090876954151,0.7806267766602601,0.9999999998666009,0.057503277749771056
20.955238809702426,1.0545331871782517,-0.13438460934952268,0.778409087798133,0.7806267767881904,0.9999999998523232,0.05750327769808526
20.980245061265318,1.0512030992886712,-0.13192681781650678,0.7784090878974312,0.780626776911986,0.9999999998368079,0.057503277648092335
21.005251312828207,1.0479366242877008,-0.12929776465757997,0.7784090879934112,0.7806267770317799,0.9999999998200062,0.05750327759973982
21.0302575643911,1.044737977210787,-0.12650283957039613,0.7784090880861714,0.7806267771477002,0.9999999998018783,0.057503277552976864
21.05526381595399,1.0416112374526136,-0.12354753511458712,0.7784090881758061,0.7806267772598714,0.9999999997823945,0.05750327750775443
21.08027006751688,1.0385603461086135,-0.1204374322235581,0.7784090882624073,0.7806267773684136,0.9999999997615379,0.057503277464025095
21.10527631907977,1.035589103183884,-0.11717818897904375,0.7784090883460634,0.7806267774734428,0.9999999997393059,0.05750327742174297
21.130282570642663,1.0327011670102586,-0.11377552998619235,0.7784090884268602,0.7806267775750716,0.9999999997157125,0.057503277380863596
21.155288822205552,1.029900051429151,-0.11023523485869985,0.778409088504881,0.7806267776734088,0.9999999996907903,0.05750327734134399
21.180295073768445,1.027189125675772,-0.10656312993956635,0.778409088580207,0.7806267777685595,0.9999999996645921,0.057503277303142364
21.205301325331334,1.0245716124084643,-0.10276507803592128,0.778409088652917,0.7806267778606255,0.9999999996371923,0.05750327726621825
21.230307576894223,1.0220505875995807,-0.0988469714776647,0.7784090887230881,0.7806267779497053,0.9999999996086886,0.0575032772305323
21.255313828457115,1.0196289793707878,-0.09481472354011769,0.7784090887907957,0.7806267780358941,0.9999999995792025,0.05750327719604627
21.280320080020005,1.01730956794777,-0.09067426261358139,0.7784090888561139,0.7806267781192842,0.9999999995488797,0.05750327716272294
21.305326331582897,1.0150949850529916,-0.08643152527944323,0.7784090889191156,0.7806267781999648,0.9999999995178903,0.05750327713052587
21.330332583145786,1.0129877140276107,-0.08209245158672059,0.7784090889798727,0.7806267782780222,0.9999999994864283,0.057503277099419714
21.35533883470868,1.0109900895720518,-0.07766297958443884,0.7784090890384563,0.7806267783535399,0.9999999994547096,0.057503277069369765
21.380345086271568,1.0091042980786902,-0.07314904172936622,0.7784090890949368,0.7806267784265991,0.9999999994229711,0.057503277040342096
21.40535133783446,1.0073323775848861,-0.06855656066920798,0.7784090891493843,0.7806267784972779,0.9999999993914679,0.057503277012303414
21.43035758939735,1.0056762182973462,-0.06389144674203719,0.7784090892018687,0.7806267785656524,0.9999999993604693,0.05750327698522107
21.455363840960242,1.0041375626938807,-0.05915959485985117,0.7784090892524592,0.7806267786317961,0.9999999993302569,0.057503276959063106
21.48037009252313,1.0027180061616487,-0.054366882957663204,0.7784090893012252,0.7806267786957801,0.9999999993011186,0.05750327693379795
21.505376344086024,1.0014189972481404,-0.04951916992688975,0.7784090893482357,0.7806267787576736,0.9999999992733455,0.05750327690939465
21.530382595648913,1.0002418383001963,-0.04462229474181178,0.7784090893935598,0.7806267788175434,0.9999999992472253,0.057503276885822796
21.555388847211805,0.999187685884203,-0.03968207546483518,0.7784090894372659,0.7806267788754547,0.9999999992230386,0.057503276863052386
21.580395098774694,0.9982575513445648,-0.034704308780754714,0.7784090894794227,0.7806267789314704,0.9999999992010531,0.057503276841054
21.605401350337587,0.9974523013617127,-0.029694769972093714,0.7784090895200979,0.7806267789856515,0.9999999991815174,0.05750327681979873
21.630407601900476,0.9967726584398082,-0.024659212819307136,0.778409089559359,0.7806267790380572,0.9999999991646579,0.05750327679925818
21.655413853463365,0.9962192014854122,-0.01960337013494844,0.7784090895972723,0.7806267790887453,0.9999999991506723,0.057503276779404526
21.680420105026258,0.9957923662999344,-0.01453295422425419,0.7784090896339034,0.7806267791377716,0.9999999991397267,0.05750327676021059
21.705426356589147,0.9954924460878344,-0.009453657566556252,0.7784090896693169,0.7806267791851902,0.9999999991319514,0.05750327674164976
21.73043260815204,0.9953195919496461,-0.0043711537267747905,0.7784090897035753,0.780626779231054,0.9999999991274383,0.05750327672369614
21.75543885971493,0.9952738133362339,0.0007089017808576221,0.7784090897367398,0.7806267792754138,0.9999999991262392,0.057503276706324616
21.78044511127782,0.9953549784912195,0.005780870506572883,0.7784090897688697,0.7806267793183196,0.9999999991283641,0.05750327668951074
21.80545136284071,0.9955628148650119,0.010839130079123141,0.7784090898000219,0.7806267793598195,0.999999999133782,0.057503276673230935
21.830457614403603,0.9958969095043334,0.01587807324107629,0.7784090898302507,0.7806267793999604,0.9999999991424205,0.05750327665746256
21.85546386596649,0.9963567094183355,0.020892106950597684,0.7784090898596082,0.7806267794387874,0.9999999991541688,0.057503276642183764
21.880470117529384,0.9969415219258022,0.025875651586086228,0.7784090898881432,0.7806267794763451,0.9999999991688789,0.057503276627373694
21.905476369092273,0.9976505149809438,0.030823140255549712,0.7784090899159017,0.7806267795126758,0.99999999918637,0.05750327661301246
21.930482620655166,0.9984827174800526,0.0357290182633155,0.7784090899429267,0.7806267795478213,0.9999999992064317,0.057503276599081124
21.955488872218055,0.9994370195709753,0.040587742856382183,0.778409089969258,0.7806267795818218,0.9999999992288287,0.0575032765855618
21.980495123780948,1.0005121729504582,0.04539378312291414,0.7784090899949316,0.7806267796147162,0.9999999992533056,0.05750327657243758
22.005501375343837,1.0017067911403597,0.050141620105064025,0.7784090900199814,0.780626779646542,0.9999999992795923,0.05750327655969253
22.03050762690673,1.0030193498322366,0.054825747444001496,0.7784090900444368,0.7806267796773363,0.9999999993074082,0.05750327654731178
22.05551387846962,1.0044481871739606,0.059440672046484705,0.7784090900683251,0.7806267797071341,0.999999999336469,0.057503276535281284
22.080520130032507,1.0059915041218195,0.06398091529730378,0.77840909009167,0.7806267797359696,0.9999999993664899,0.05750327652358814
22.1055263815954,1.0076473648683766,0.06844101476069966,0.7784090901144924,0.780626779763876,0.9999999993971911,0.05750327651222022
22.13053263315829,1.009413697166512,0.07281552586423365,0.7784090901368108,0.780626779790885,0.9999999994283024,0.05750327650116625
22.15553888472118,1.0112882929542693,0.0770990247188014,0.7784090901586409,0.7806267798170277,0.9999999994595661,0.05750327649041578
22.18054513628407,1.0132688087372221,0.08128611060005042,0.778409090179996,0.7806267798423335,0.9999999994907409,0.05750327647995919
22.205551387846963,1.0153527663714357,0.08537140967498615,0.7784090902008878,0.7806267798668315,0.9999999995216043,0.0575032764697874
22.230557639409852,1.0175375536549633,0.08934957868572986,0.7784090902213255,0.780626779890549,0.9999999995519546,0.057503276459892186
22.255563890972745,1.01982042522411,0.09321530942652564,0.7784090902413174,0.7806267799135128,0.9999999995816123,0.057503276450265706
22.280570142535634,1.0221985034736332,0.09696333384011926,0.7784090902608699,0.7806267799357486,0.9999999996104212,0.05750327644090082
22.305576394098527,1.0246687795837655,0.10058842927521873,0.7784090902799884,0.7806267799572811,0.9999999996382485,0.057503276431790706
22.330582645661416,1.027228114834972,0.10408542502941101,0.7784090902986776,0.7806267799781341,0.9999999996649842,0.057503276422929024
22.355588897224308,1.0298732418345893,0.1074492084951715,0.7784090903169409,0.7806267799983305,0.9999999996905415,0.057503276414309884
22.380595148787197,1.0326007662514611,0.11067473310573535,0.7784090903347819,0.7806267800178924,0.9999999997148549,0.05750327640592756
22.40560140035009,1.0354071683568569,0.11375702549070486,0.7784090903522034,0.7806267800368408,0.999999999737879,0.057503276397776665
22.43060765191298,1.0382888051511816,0.11669119471156932,0.778409090369208,0.7806267800551961,0.9999999997595873,0.05750327638985207
22.45561390347587,1.0412419124097363,0.11947244060102202,0.7784090903857985,0.7806267800729783,0.99999999977997,0.05750327638214873
22.48062015503876,1.044262607067338,0.12209606400249365,0.7784090904019776,0.7806267800902058,0.9999999997990325,0.05750327637466184
22.505626406601653,1.0473468901010246,0.12455747666483162,0.7784090904177481,0.7806267801068969,0.9999999998167934,0.057503276367386696
22.530632658164542,1.0504906488771186,0.12685221187388088,0.778409090433113,0.7806267801230693,0.9999999998332824,0.057503276360318684
22.55563890972743,1.0536896613080773,0.12897593648942382,0.7784090904480758,0.7806267801387395,0.9999999998485385,0.0575032763534533
22.580645161290324,1.0569395979166771,0.13092446125295043,0.7784090904626402,0.780626780153924,0.9999999998626087,0.05750327634678608
22.605651412853213,1.0602360273352467,0.13269375527931387,0.7784090904768102,0.7806267801686381,0.9999999998755454,0.05750327634031263
22.630657664416105,1.0635744186628877,0.1342799560372634,0.7784090904905905,0.7806267801828969,0.999999999887406,0.05750327633402854
22.655663915978995,1.0669501470540943,0.13567938506011637,0.7784090905039858,0.7806267801967149,0.9999999998982502,0.05750327632792951
22.680670167541887,1.0703584986375427,0.136888560037199,0.7784090905170012,0.7806267802101062,0.9999999999081399,0.05750327632201123
22.705676419104776,1.0737946734883725,0.1379042073845236,0.7784090905296428,0.7806267802230841,0.9999999999171376,0.057503276316269405
22.73068267066767,1.0772537944326084,0.13872327992795777,0.7784090905419162,0.7806267802356616,0.9999999999253054,0.05750327631069982
22.755688922230558,1.0807309103575118,0.13934296692249748,0.7784090905538279,0.7806267802478511,0.9999999999327045,0.05750327630529822
22.78069517379345,1.084221001636922,0.13976070977752494,0.7784090905653844,0.7806267802596649,0.9999999999393941,0.05750327630006046
22.80570142535634,1.0877189903754225,0.13997421893378825,0.7784090905765927,0.7806267802711147,0.9999999999454318,0.05750327629498233
22.830707676919232,1.091219743503863,0.1399814836376274,0.7784090905874598,0.7806267802822114,0.999999999950872,0.057503276290059774
22.85571392848212,1.0947180811835935,0.13978078931836482,0.7784090905979931,0.7806267802929663,0.9999999999557667,0.057503276285288646
22.880720180045014,1.0982087854810727,0.1393707305356388,0.7784090906082001,0.7806267803033898,0.9999999999601645,0.057503276280664914
22.905726431607903,1.1016866060376385,0.13875022412903695,0.7784090906180884,0.780626780313492,0.9999999999641113,0.05750327627618462
22.930732683170795,1.1051462709325894,0.13791852381728015,0.7784090906276656,0.7806267803232828,0.9999999999676494,0.05750327627184384
22.955738934733684,1.1085824928548875,0.13687523128253307,0.7784090906369397,0.7806267803327718,0.9999999999708182,0.05750327626763865
22.980745186296573,1.111989979688727,0.1356203100110325,0.7784090906459185,0.7806267803419682,0.9999999999736539,0.05750327626356526
23.005751437859466,1.1153634427128718,0.13415409547443474,0.7784090906546096,0.7806267803508808,0.9999999999761897,0.05750327625961989
23.030757689422355,1.1186976064524525,0.13247730693811818,0.7784090906630209,0.7806267803595186,0.9999999999784561,0.05750327625579884
23.055763940985248,1.1219872183668969,0.1305910565423597,0.7784090906711603,0.7806267803678897,0.9999999999804807,0.057503276252098515
23.080770192548137,1.1252270586305693,0.12849685886540874,0.7784090906790353,0.7806267803760021,0.9999999999822886,0.05750327624851542
23.10577644411103,1.1284119505031625,0.12619663822313346,0.7784090906866536,0.780626780383864,0.9999999999839024,0.057503276245046
23.13078269567392,1.131536770510644,0.12369273583909919,0.7784090906940228,0.7806267803914829,0.9999999999853431,0.0575032762416869
23.15578894723681,1.1345964589641897,0.12098791487157473,0.7784090907011502,0.7806267803988661,0.9999999999866285,0.05750327623843481
23.1807951987997,1.1375860307150543,0.11808536482760448,0.7784090907080432,0.780626780406021,0.9999999999877756,0.057503276235286435
23.205801450362593,1.1405005855149188,0.11498870407042958,0.7784090907147089,0.7806267804129542,0.999999999988799,0.057503276232238665
23.23080770192548,1.1433353192652567,0.11170198101023684,0.7784090907211543,0.7806267804196727,0.9999999999897122,0.05750327622928842
23.255813953488374,1.1460855341466727,0.10822967392977906,0.7784090907273862,0.7806267804261829,0.9999999999905269,0.05750327622643266
23.280820205051263,1.148746650004992,0.1045766886363083,0.7784090907334116,0.7806267804324913,0.9999999999912538,0.05750327622366846
23.305826456614156,1.1513142144130082,0.1007483552537755,0.7784090907392367,0.780626780438604,0.9999999999919023,0.057503276220993015
23.330832708177045,1.1537839136184451,0.0967504224740907,0.778409090744868,0.7806267804445267,0.9999999999924805,0.05750327621840358
23.355838959739938,1.1561515827845716,0.09258905063400191,0.7784090907503118,0.7806267804502656,0.999999999992996,0.05750327621589734
23.380845211302827,1.1584132160628546,0.08827080296771077,0.7784090907555742,0.780626780455826,0.9999999999934555,0.0575032762134718
23.405851462865716,1.1605649768194197,0.0838026346229137,0.778409090760661,0.7806267804612135,0.9999999999938647,0.05750327621112435
23.43085771442861,1.1626032069923937,0.07919188069881256,0.778409090765578,0.7806267804664332,0.9999999999942286,0.057503276208852566
23.455863965991497,1.1645244365700935,0.07444624190102063,0.7784090907703306,0.7806267804714905,0.9999999999945518,0.05750327620665402
23.48087021755439,1.1663253925784913,0.0695737685941552,0.7784090907749243,0.78062678047639,0.9999999999948384,0.057503276204526464
23.50587646911728,1.1680030074681298,0.06458284360074291,0.7784090907793644,0.7806267804811369,0.9999999999950917,0.05750327620246755
23.53088272068017,1.1695544272955374,0.05948216287512649,0.7784090907836558,0.7806267804857356,0.9999999999953149,0.057503276200475115
23.55588897224306,1.1709770193035707,0.05428071477154443,0.7784090907878036,0.7806267804901909,0.9999999999955107,0.057503276198547074
23.580895223805953,1.1722683788888706,0.04898775813903173,0.7784090907918125,0.7806267804945068,0.9999999999956812,0.05750327619668137
23.605901475368842,1.173426336119294,0.04361279871450008,0.778409090795687,0.780626780498688,0.9999999999958287,0.05750327619487601
23.630907726931735,1.174448961616047,0.03816556425240487,0.7784090907994318,0.7806267805027384,0.9999999999959547,0.05750327619312903
23.655913978494624,1.1753345717510573,0.03265597874035299,0.778409090803051,0.780626780506662,0.9999999999960607,0.05750327619143858
23.680920230057517,1.1760817332269975,0.027094135432571102,0.7784090908065489,0.7806267805104629,0.9999999999961481,0.05750327618980287
23.705926481620406,1.17668926697146,0.021490268973481552,0.7784090908099295,0.7806267805141446,0.9999999999962177,0.05750327618822013
23.730932733183298,1.177156251315073,0.015854726779361714,0.7784090908131965,0.780626780517711,0.9999999999962703,0.05750327618668867
23.755938984746187,1.177482024443772,0.010197939852242084,0.7784090908163541,0.7806267805211654,0.9999999999963065,0.05750327618520684
23.78094523630908,1.1776661861192161,0.00453039313456846,0.7784090908194057,0.7806267805245115,0.9999999999963269,0.057503276183773086
23.80595148787197,1.1777085986547837,-0.0011374044698423003,0.7784090908223547,0.7806267805277525,0.9999999999963316,0.05750327618238584
23.83095773943486,1.1776093871381954,-0.00679495019546277,0.7784090908252046,0.7806267805308917,0.9999999999963206,0.0575032761810436
23.85596399099775,1.1773689389018367,-0.0124317774898581,0.7784090908279587,0.7806267805339323,0.9999999999962941,0.05750327617974497
23.88097024256064,1.1769879022426453,-0.018037485912067993,0.7784090908306203,0.7806267805368772,0.9999999999962514,0.05750327617848855
23.905976494123532,1.1764671843986256,-0.02360177068697002,0.7784090908331923,0.7806267805397294,0.9999999999961924,0.057503276177272904
23.93098274568642,1.1758079487925617,-0.029114451759877855,0.7784090908356776,0.7806267805424918,0.9999999999961163,0.057503276176096886
23.955988997249314,1.1750116115566052,-0.03456550220953451,0.7784090908380791,0.7806267805451672,0.9999999999960224,0.05750327617495911
23.980995248812203,1.1740798373527495,-0.03994507588061212,0.7784090908403994,0.7806267805477584,0.9999999999959097,0.057503276173858406
24.006001500375096,1.1730145345200786,-0.045243534044312625,0.7784090908426413,0.7806267805502677,0.9999999999957768,0.05750327617279363
24.031007751937985,1.1718178495636735,-0.05045147101526906,0.7784090908448071,0.7806267805526979,0.9999999999956224,0.05750327617176364
24.056014003500877,1.1704921610280474,-0.05555973856485941,0.7784090908468996,0.7806267805550513,0.9999999999954449,0.057503276170767274
24.081020255063766,1.1690400727541905,-0.060559469112620196,0.7784090908489207,0.7806267805573305,0.999999999995242,0.05750327616980358
24.10602650662666,1.167464406577058,-0.06544209746427147,0.7784090908508728,0.7806267805595375,0.9999999999950118,0.05750327616887149
24.131032758189548,1.1657681945358478,-0.07019938094994868,0.7784090908527582,0.7806267805616747,0.9999999999947513,0.05750327616797003
24.15603900975244,1.163954670580754,-0.07482341814460236,0.7784090908545788,0.7806267805637442,0.9999999999944579,0.05750327616709824
24.18104526131533,1.162027261751772,-0.07930666605562284,0.7784090908563365,0.7806267805657482,0.9999999999941279,0.05750327616625522
24.206051512878222,1.159989579087809,-0.08364195527090298,0.7784090908580331,0.7806267805676887,0.9999999999937578,0.05750327616544012
24.23105776444111,1.1578454081405898,-0.08782250361908353,0.7784090908596705,0.7806267805695677,0.9999999999933431,0.05750327616465211
24.256064016004004,1.1555986990091864,-0.09184192826562747,0.7784090908612503,0.7806267805713869,0.9999999999928789,0.05750327616389038
24.281070267566893,1.1532535563384976,-0.0956942555367298,0.7784090908627741,0.7806267805731484,0.9999999999923599,0.057503276163154135
24.306076519129782,1.1508142290138617,-0.09937392936267514,0.7784090908642434,0.7806267805748539,0.9999999999917798,0.05750327616244268
24.331082770692674,1.1482850994252163,-0.10287581804257903,0.7784090908656595,0.780626780576505,0.9999999999911318,0.057503276161755316
24.356089022255563,1.145670673054947,-0.10619521870690452,0.7784090908670236,0.7806267805781036,0.9999999999904083,0.05750327616109137
24.381095273818456,1.142975567560388,-0.10932786082701434,0.7784090908683372,0.7806267805796512,0.9999999999896005,0.057503276160450194
24.406101525381345,1.1402045018708373,-0.11226990747630677,0.7784090908696011,0.7806267805811494,0.999999999988699,0.05750327615983121
24.431107776944238,1.1373622856446404,-0.11501795516959447,0.7784090908708163,0.7806267805825996,0.9999999999876932,0.05750327615923388
24.456114028507127,1.1344538079819744,-0.11756903240879985,0.7784090908719838,0.7806267805840033,0.9999999999865712,0.057503276158657704
24.48112028007002,1.1314840271770477,-0.1199205961051615,0.7784090908731041,0.780626780585362,0.9999999999853197,0.057503276158102204
24.50612653163291,1.12845795960952,-0.12207052749402535,0.778409090874178,0.780626780586677,0.9999999999839246,0.05750327615756686
24.5311327831958,1.1253806694965287,-0.12401712569928501,0.7784090908752057,0.7806267805879495,0.99999999998237,0.05750327615705137
24.55613903475869,1.1222572584572523,-0.1257591011298329,0.7784090908761879,0.780626780589181,0.9999999999806382,0.05750327615655533
24.581145286321583,1.119092855159156,-0.1272955666338236,0.7784090908771246,0.7806267805903726,0.99999999997871,0.057503276156078406
24.60615153788447,1.1158926057651852,-0.12862602872537657,0.778409090878016,0.7806267805915253,0.9999999999765647,0.057503276155620335
24.631157789447364,1.1126616636313824,-0.1297503766727285,0.7784090908788618,0.7806267805926406,0.9999999999741794,0.057503276155180916
24.656164041010253,1.1094051806095933,-0.13066887200489086,0.7784090908796618,0.7806267805937193,0.9999999999715296,0.05750327615475993
24.681170292573146,1.1061282970383044,-0.1313821358227625,0.7784090908804155,0.7806267805947623,0.9999999999685886,0.057503276154357345
24.706176544136035,1.10283613382355,-0.13189113711583128,0.7784090908811224,0.780626780595771,0.9999999999653278,0.057503276153972945
24.731182795698924,1.0995337829781116,-0.1321971785297802,0.7784090908817817,0.7806267805967461,0.9999999999617168,0.057503276153606744
24.756189047261817,1.096226300287147,-0.1323018840186778,0.7784090908823922,0.7806267805976884,0.9999999999577234,0.05750327615325881
24.781195298824706,1.0929186968405926,-0.1322071834236229,0.7784090908829528,0.780626780598599,0.9999999999533132,0.05750327615292919
24.8062015503876,1.0896159317186422,-0.13191529960169643,0.7784090908834622,0.7806267805994785,0.9999999999484505,0.057503276152617994
24.831207801950487,1.086322905381631,-0.1314287328187064,0.7784090908839186,0.7806267806003279,0.9999999999430977,0.05750327615232549
24.85621405351338,1.0830444515157427,-0.13075024663024282,0.7784090908843204,0.7806267806011477,0.9999999999372168,0.05750327615205185
24.88122030507627,1.0797853328639093,-0.1298828538757828,0.7784090908846653,0.7806267806019386,0.999999999930768,0.05750327615179743
24.90622655663916,1.076550232624112,-0.12882980009098927,0.778409090884951,0.7806267806027013,0.9999999999237121,0.057503276151562595
24.93123280820205,1.073343750497452,-0.12759455174125905,0.7784090908851754,0.7806267806034364,0.9999999999160091,0.057503276151347725
24.956239059764943,1.0701703978477295,-0.12618078017319417,0.7784090908853356,0.7806267806041443,0.9999999999076201,0.05750327615115332
24.981245311327832,1.067034590061442,-0.12459234683469894,0.7784090908854289,0.7806267806048257,0.9999999998985076,0.05750327615097987
25.006251562890725,1.0639406448687996,-0.1228332922150683,0.7784090908854524,0.780626780605481,0.9999999998886362,0.05750327615082796
25.031257814453614,1.0608927769489505,-0.12090781961416158,0.7784090908854029,0.7806267806061105,0.9999999998779736,0.05750327615069818
25.056264066016507,1.0578950930717603,-0.11882028328271746,0.7784090908852772,0.7806267806067146,0.999999999866491,0.057503276150591184
25.081270317579396,1.0549515905359927,-0.11657517654256436,0.7784090908850724,0.7806267806072936,0.9999999998541653,0.05750327615050757
25.10627656914229,1.052066151777341,-0.11417711747343688,0.7784090908847849,0.780626780607848,0.999999999840979,0.05750327615044802
25.131282820705177,1.0492425425665854,-0.11163083952353282,0.7784090908844117,0.7806267806083778,0.9999999998269216,0.057503276150413216
25.15628907226807,1.0464844092870302,-0.10894117889507561,0.7784090908839496,0.7806267806088832,0.9999999998119912,0.05750327615040379
25.18129532383096,1.0437952756355515,-0.10611306411868034,0.7784090908833957,0.7806267806093645,0.9999999997961951,0.05750327615042039
25.206301575393848,1.041178541652523,-0.10315150660710522,0.7784090908827473,0.7806267806098219,0.9999999997795513,0.05750327615046355
25.23130782695674,1.0386374805587542,-0.10006158995562471,0.778409090882002,0.7806267806102553,0.999999999762089,0.057503276150533855
25.25631407851963,1.0361752380980331,-0.09684846222708286,0.7784090908811578,0.7806267806106649,0.9999999997438498,0.05750327615063166
25.281320330082522,1.0337948302173439,-0.09351732628660699,0.7784090908802132,0.780626780611051,0.9999999997248885,0.057503276150757274
25.30632658164541,1.0314991424148052,-0.09007343306023174,0.7784090908791669,0.7806267806114132,0.9999999997052738,0.057503276150911026
25.331332833208304,1.029290928163599,-0.08652207324393701,0.7784090908780186,0.7806267806117518,0.9999999996850879,0.05750327615109295
25.356339084771193,1.027172808363325,-0.0828685714137144,0.7784090908767687,0.7806267806120669,0.9999999996644279,0.05750327615130299
25.381345336334086,1.0251472702783118,-0.07911827906613103,0.7784090908754181,0.7806267806123586,0.9999999996434041,0.05750327615154084
25.406351587896975,1.0232166671930416,-0.07527656962167929,0.7784090908739688,0.7806267806126267,0.9999999996221409,0.05750327615180611
25.431357839459867,1.021383217687804,-0.07134883263958974,0.7784090908724236,0.7806267806128714,0.9999999996007752,0.057503276152098146
25.456364091022756,1.0196490055344853,-0.06734046975399734,0.7784090908707864,0.7806267806130929,0.9999999995794553,0.057503276152416044
25.48137034258565,1.0180159792037522,-0.063256889916869,0.7784090908690617,0.7806267806132912,0.9999999995583393,0.057503276152758784
25.506376594148538,1.016485951975484,-0.05910350623189236,0.7784090908672556,0.7806267806134666,0.9999999995375943,0.05750327615312487
25.53138284571143,1.0150606016392945,-0.054885732139733724,0.7784090908653749,0.7806267806136192,0.9999999995173927,0.05750327615351282
25.55638909727432,1.013741470736852,-0.050608979009785386,0.7784090908634274,0.7806267806137495,0.9999999994979112,0.05750327615392079
25.581395348837212,1.0125299664729661,-0.04627865327662822,0.778409090861422,0.7806267806138576,0.999999999479327,0.057503276154346694
25.6064016004001,1.0114273609830462,-0.04190015453442833,0.7784090908593686,0.780626780613944,0.9999999994618161,0.05750327615478819
25.63140785196299,1.0104347914726561,-0.03747887366582826,0.7784090908572778,0.7806267806140093,0.9999999994455495,0.05750327615524285
25.656414103525883,1.009553260452155,-0.033020191249850124,0.7784090908551614,0.7806267806140538,0.999999999430691,0.057503276155707925
25.681420355088772,1.0087836360534115,-0.02852947653035765,0.7784090908530314,0.7806267806140783,0.9999999994173935,0.05750327615618048
25.706426606651664,1.0081266522704133,-0.024012086211671883,0.7784090908509009,0.7806267806140835,0.9999999994057966,0.0575032761566575
25.731432858214554,1.0075829093239963,-0.0194733638278491,0.7784090908487831,0.7806267806140702,0.9999999993960244,0.057503276157135796
25.756439109777446,1.0071528739841988,-0.014918639129160905,0.7784090908466913,0.7806267806140393,0.999999999388182,0.05750327615761221
25.781445361340335,1.006836879915186,-0.010353227573763429,0.7784090908446396,0.7806267806139918,0.9999999993823545,0.0575032761580833
25.806451612903228,1.0066351280477794,-0.00578243008354016,0.7784090908426413,0.7806267806139288,0.9999999993786048,0.057503276158545925
25.831457864466117,1.0065476869405237,-0.001211532798564105,0.7784090908407102,0.7806267806138513,0.9999999993769726,0.057503276158996725
25.85646411602901,1.006574493150786,0.0033541931287467287,0.7784090908388591,0.7806267806137606,0.9999999993774734,0.05750327615943249
25.8814703675919,1.0067153516138772,0.007909491635341036,0.7784090908371009,0.7806267806136578,0.9999999993800985,0.05750327615985011
25.90647661915479,1.0069699360206656,0.012449121909831093,0.7784090908354472,0.7806267806135444,0.999999999384815,0.05750327616024664
25.93148287071768,1.0073377892009934,0.016967858565249818,0.7784090908339091,0.7806267806134216,0.9999999993915666,0.057503276160619315
25.956489122280573,1.0078183235136284,0.021460491890730012,0.7784090908324967,0.780626780613291,0.9999999994002748,0.05750327616096557
25.98149537384346,1.0084108212415492,0.025921828174157474,0.7784090908312186,0.7806267806131538,0.9999999994108408,0.057503276161283146
26.006501625406354,1.0091144349943237,0.030346690139683427,0.7784090908300829,0.7806267806130117,0.9999999994231467,0.05750327616156982
26.031507876969243,1.0099281881301483,0.034729917587961734,0.7784090908290958,0.7806267806128661,0.9999999994370586,0.05750327616182398
26.056514128532132,1.0108509751982726,0.039066368189203754,0.7784090908282625,0.7806267806127182,0.9999999994524291,0.05750327616204411
26.081520380095025,1.0118815623769388,0.043350918383587504,0.7784090908275866,0.7806267806125697,0.9999999994690997,0.05750327616222902
26.106526631657914,1.0130185879810312,0.04757846471561607,0.7784090908270704,0.7806267806124219,0.9999999994869038,0.05750327616237798
26.131532883220807,1.0142605629794237,0.051743925276725125,0.7784090908267149,0.7806267806122761,0.9999999995056695,0.05750327616249039
26.156539134783696,1.0156058715210075,0.05584224136460587,0.7784090908265198,0.7806267806121336,0.9999999995252231,0.05750327616256608
26.18154538634659,1.0170527716126545,0.059868379776893785,0.7784090908264831,0.7806267806119958,0.9999999995453909,0.057503276162605144
26.206551637909477,1.018599395694551,0.06381733493318702,0.7784090908266021,0.7806267806118635,0.9999999995660023,0.05750327616260804
26.23155788947237,1.0202437514410538,0.06768413182827021,0.7784090908268727,0.7806267806117383,0.9999999995868922,0.05750327616257535
26.25656414103526,1.0219837225348798,0.07146382908600994,0.7784090908272899,0.7806267806116209,0.999999999607903,0.05750327616250796
26.28157039259815,1.0238170695110478,0.07515152232896953,0.7784090908278474,0.7806267806115122,0.9999999996288861,0.05750327616240716
26.30657664416104,1.0257414308465156,0.07874234838939762,0.7784090908285385,0.7806267806114133,0.9999999996497041,0.05750327616227419
26.331582895723933,1.027754323851505,0.08223148916442441,0.7784090908293556,0.7806267806113247,0.9999999996702313,0.057503276162110636
26.356589147286822,1.029853146116625,0.08561417693907912,0.7784090908302906,0.7806267806112471,0.9999999996903549,0.05750327616191811
26.381595398849715,1.0320351765129254,0.08888569891555159,0.778409090831335,0.7806267806111811,0.9999999997099753,0.057503276161698494
26.406601650412604,1.0342975770146539,0.09204140355808192,0.7784090908324799,0.780626780611127,0.9999999997290068,0.05750327616145365
26.431607901975497,1.0366373938728193,0.09507670592218623,0.7784090908337161,0.7806267806110853,0.9999999997473767,0.05750327616118554
26.456614153538386,1.039051559850078,0.09798709499281638,0.7784090908350346,0.7806267806110563,0.9999999997650262,0.05750327616089609
26.48162040510128,1.0415368956053466,0.10076813982912255,0.7784090908364261,0.7806267806110401,0.9999999997819086,0.057503276160587403
26.506626656664167,1.0440901124109303,0.10341549792953193,0.7784090908378816,0.7806267806110367,0.9999999997979898,0.05750327616026148
26.531632908227056,1.0467078137548564,0.10592492211184612,0.7784090908393921,0.7806267806110463,0.9999999998132469,0.05750327615992031
26.55663915978995,1.0493864986297283,0.10829226997615071,0.7784090908409491,0.7806267806110686,0.9999999998276674,0.05750327615956586
26.581645411352838,1.0521225633610778,0.11051351136699528,0.7784090908425443,0.7806267806111037,0.9999999998412479,0.05750327615919999
26.60665166291573,1.0549123055107446,0.1125847389944472,0.7784090908441695,0.7806267806111512,0.9999999998539933,0.057503276158824584
26.63165791447862,1.0577519260537822,0.11450217635806163,0.7784090908458174,0.780626780611211,0.9999999998659164,0.05750327615844133
26.656664166041512,1.060637533703412,0.11626218933558259,0.7784090908474809,0.7806267806112828,0.9999999998770355,0.057503276158051925
26.6816704176044,1.0635651479558417,0.11786129491995301,0.7784090908491534,0.780626780611366,0.9999999998873746,0.05750327615765789
26.706676669167294,1.0665307030715907,0.11929617272065991,0.7784090908508288,0.7806267806114604,0.9999999998969618,0.057503276157260745
26.731682920730183,1.0695300530835175,0.12056367583049446,0.7784090908525013,0.7806267806115655,0.9999999999058282,0.057503276156861814
26.756689172293076,1.0725589744468325,0.12166084042252659,0.778409090854166,0.780626780611681,0.9999999999140081,0.05750327615646238
26.781695423855965,1.0756131732077516,0.12258489968774222,0.7784090908558182,0.7806267806118061,0.9999999999215371,0.05750327615606352
26.806701675418857,1.0786882881256932,0.12333329225574897,0.7784090908574536,0.7806267806119406,0.9999999999284517,0.057503276155666395
26.831707926981746,1.0817798959395897,0.12390367509639762,0.7784090908590686,0.7806267806120837,0.9999999999347893,0.057503276155271885
26.85671417854464,1.0848835193714024,0.12429393618494679,0.7784090908606599,0.780626780612235,0.9999999999405869,0.057503276154880864
26.881720430107528,1.0879946298676797,0.12450220296359128,0.7784090908622247,0.780626780612394,0.9999999999458811,0.05750327615449409
26.90672668167042,1.0911086554803897,0.12452685643939641,0.7784090908637604,0.7806267806125601,0.999999999950708,0.057503276154112215
26.93173293323331,1.0942209878616982,0.12436654124206893,0.7784090908652651,0.7806267806127327,0.9999999999551021,0.057503276153735884
26.9567391847962,1.0973269866918527,0.12402017603521104,0.778409090866737,0.7806267806129115,0.9999999999590967,0.05750327615336551
26.98174543635909,1.1004219896165002,0.12348696601180968,0.7784090908681747,0.7806267806130958,0.9999999999627236,0.057503276153001576
27.00675168792198,1.1035013173278712,0.12276641113255717,0.7784090908695771,0.780626780613285,0.9999999999660129,0.057503276152644445
27.031757939484873,1.106560281767086,0.12185831756852016,0.7784090908709433,0.7806267806134788,0.999999999968993,0.05750327615229445
27.056764191047762,1.109594194513506,0.12076280628730138,0.7784090908722727,0.7806267806136766,0.9999999999716905,0.05750327615195179
27.081770442610654,1.1125983734021108,0.1194803221014786,0.7784090908735649,0.7806267806138779,0.9999999999741304,0.057503276151616725
27.106776694173544,1.1155681523593945,0.1180116417946566,0.7784090908748197,0.7806267806140824,0.9999999999763355,0.05750327615128935
27.131782945736436,1.1184988881896305,0.11635788142636957,0.778409090876037,0.7806267806142895,0.9999999999783273,0.05750327615096976
27.156789197299325,1.1213859706190288,0.11452050294999838,0.7784090908772171,0.7806267806144987,0.9999999999801255,0.05750327615065809
27.181795448862218,1.1242248296834436,0.11250131989735922,0.7784090908783602,0.7806267806147098,0.9999999999817479,0.05750327615035428
27.206801700425107,1.1270109457851054,0.1103025020011216,0.7784090908794666,0.7806267806149223,0.9999999999832115,0.05750327615005841
27.231807951988,1.129739857563066,0.10792657907384783,0.7784090908805369,0.7806267806151358,0.9999999999845313,0.05750327614977041
27.25681420355089,1.1324071719030233,0.10537644331854304,0.7784090908815714,0.7806267806153501,0.9999999999857208,0.057503276149490246
27.28182045511378,1.1350085721746923,0.10265535113536418,0.7784090908825712,0.7806267806155648,0.9999999999867928,0.057503276149217825
27.30682670667667,1.13753982803536,0.09976692296462618,0.7784090908835365,0.7806267806157794,0.9999999999877586,0.057503276148953106
27.331832958239563,1.1399968040285584,0.09671514263788908,0.7784090908844683,0.7806267806159939,0.9999999999886284,0.05750327614869598
27.35683920980245,1.1423754688976637,0.09350435480838179,0.7784090908853674,0.7806267806162078,0.9999999999894116,0.05750327614844632
27.38184546136534,1.1446719045723432,0.0901392613755671,0.7784090908862346,0.780626780616421,0.9999999999901166,0.05750327614820397
27.406851712928233,1.1468823148151235,0.0866249166254916,0.7784090908870706,0.7806267806166332,0.9999999999907507,0.05750327614796885
27.431857964491122,1.1490030343166646,0.08296672050041956,0.7784090908878764,0.7806267806168441,0.9999999999913207,0.057503276147740784
27.456864216054015,1.151030536873101,0.07917041123606045,0.7784090908886527,0.7806267806170536,0.999999999991833,0.05750327614751964
27.481870467616904,1.1529614439914493,0.07524205585405892,0.7784090908894006,0.7806267806172614,0.9999999999922926,0.05750327614730526
27.506876719179797,1.15479253290976,0.07118803967941316,0.7784090908901207,0.7806267806174674,0.9999999999927045,0.05750327614709757
27.531882970742686,1.1565207443122096,0.06701505457730529,0.778409090890814,0.7806267806176714,0.9999999999930732,0.05750327614689629
27.55688922230558,1.1581431900093104,0.06273008532614448,0.7784090908914815,0.7806267806178734,0.9999999999934023,0.057503276146701296
27.581895473868467,1.1596571599434136,0.05834039526963709,0.7784090908921237,0.780626780618073,0.9999999999936953,0.057503276146512454
27.60690172543136,1.161060128981787,0.053853510427658874,0.7784090908927417,0.7806267806182703,0.9999999999939551,0.05750327614632961
27.63190797699425,1.162349763346454,0.04927720218757445,0.7784090908933361,0.780626780618465,0.9999999999941844,0.05750327614615259
27.65691422855714,1.1635239264468076,0.04461946925821826,0.7784090908939079,0.7806267806186572,0.9999999999943858,0.05750327614598127
27.68192048012003,1.164580684339769,0.039888518327173474,0.7784090908944575,0.7806267806188467,0.999999999994561,0.057503276145815484
27.706926731682923,1.165518310708336,0.035092743611008684,0.7784090908949862,0.7806267806190333,0.9999999999947118,0.05750327614565506
27.731932983245812,1.166335291268398,0.030240705650342495,0.7784090908954944,0.7806267806192172,0.9999999999948399,0.05750327614549985
27.756939234808705,1.1670303276433422,0.025341109314044628,0.7784090908959828,0.7806267806193982,0.9999999999949463,0.05750327614534975
27.781945486371594,1.1676023407025844,0.02040278096830613,0.778409090896452,0.7806267806195762,0.9999999999950323,0.057503276145204577
27.806951737934487,1.1680504733091188,0.015434645063554263,0.7784090908969029,0.7806267806197512,0.9999999999950986,0.05750327614506422
27.831957989497376,1.1683740924706063,0.010445700260972916,0.778409090897336,0.7806267806199232,0.999999999995146,0.05750327614492852
27.856964241060265,1.1685727908916448,0.005444995193560895,0.7784090908977519,0.780626780620092,0.9999999999951749,0.05750327614479739
27.881970492623157,1.168646387918712,0.0004416039301523589,0.7784090908981514,0.7806267806202578,0.9999999999951855,0.05750327614467063
27.906976744186046,1.168594929868052,-0.004555398689129046,0.7784090908985347,0.7806267806204205,0.9999999999951781,0.05750327614454817
27.93198299574894,1.1684186897361755,-0.009536961719120005,0.7784090908989025,0.7806267806205801,0.9999999999951525,0.05750327614442989
27.956989247311828,1.1681181662950912,-0.01449408266566323,0.7784090908992555,0.7806267806207364,0.9999999999951086,0.05750327614431569
27.98199549887472,1.1676940825758113,-0.019417831817072136,0.778409090899594,0.7806267806208896,0.999999999995046,0.057503276144205424
28.00700175043761,1.167147383748154,-0.02429937621115584,0.7784090908999184,0.7806267806210397,0.999999999994964,0.057503276144099016
28.032008002000502,1.1664792344056973,-0.02913000314083783,0.7784090909002293,0.7806267806211867,0.9999999999948621,0.057503276143996356
28.05701425356339,1.1656910152702187,-0.03390114306830951,0.7784090909005269,0.7806267806213306,0.9999999999947391,0.05750327614389735
28.082020505126284,1.1647843193333178,-0.038604391829803,0.7784090909008119,0.7806267806214713,0.9999999999945941,0.05750327614380189
28.107026756689173,1.1637609474527753,-0.04323153204824203,0.7784090909010843,0.7806267806216088,0.9999999999944256,0.05750327614370997
28.132033008252066,1.1626229034278657,-0.047774553652493106,0.7784090909013448,0.7806267806217434,0.999999999994232,0.057503276143621385
28.157039259814955,1.161372388550638,-0.05222567347652241,0.7784090909015934,0.7806267806218748,0.9999999999940115,0.05750327614353619
28.182045511377847,1.1600117957107756,-0.056577353660245466,0.7784090909018306,0.7806267806220033,0.9999999999937619,0.057503276143454164
28.207051762940736,1.1585437030560695,-0.060822318937012725,0.7784090909020566,0.7806267806221286,0.999999999993481,0.057503276143375436
28.23205801450363,1.1569708672121797,-0.06495357282315638,0.7784090909022715,0.780626780622251,0.9999999999931661,0.057503276143299795
28.257064266066518,1.1552962160830837,-0.06896441252415479,0.7784090909024755,0.7806267806223705,0.999999999992814,0.05750327614322727
28.282070517629407,1.153522841404213,-0.0728484422902401,0.7784090909026689,0.7806267806224869,0.9999999999924214,0.05750327614315781
28.3070767691923,1.1516539908938437,-0.07659958573655658,0.7784090909028516,0.7806267806226004,0.9999999999919843,0.05750327614309141
28.33208302075519,1.1496930600403135,-0.08021209675734661,0.7784090909030239,0.780626780622711,0.9999999999914986,0.05750327614302801
28.35708927231808,1.1476435838606194,-0.08368056868171878,0.7784090909031858,0.7806267806228185,0.9999999999909595,0.05750327614296759
28.38209552388097,1.1455092282385366,-0.0869999425381805,0.7784090909033372,0.7806267806229235,0.9999999999903617,0.057503276142910106
28.407101775443863,1.1432937810664536,-0.09016551363984188,0.7784090909034782,0.7806267806230255,0.9999999999896994,0.05750327614285561
28.432108027006752,1.1410011435318064,-0.09317293661125443,0.7784090909036085,0.7806267806231246,0.9999999999889659,0.057503276142804184
28.457114278569644,1.1386353208164277,-0.09601822959957353,0.7784090909037283,0.7806267806232209,0.9999999999881544,0.057503276142755765
28.482120530132534,1.1362004131664232,-0.09869777641325776,0.7784090909038371,0.7806267806233145,0.9999999999872566,0.057503276142710384
28.507126781695426,1.1337006067202986,-0.10120832797518516,0.778409090903935,0.7806267806234053,0.9999999999862642,0.057503276142668126
28.532133033258315,1.131140164107588,-0.10354700216717178,0.7784090909040213,0.7806267806234933,0.9999999999851676,0.057503276142629026
28.557139284821208,1.1285234156979165,-0.10571128241304131,0.7784090909040959,0.7806267806235787,0.9999999999839563,0.05750327614259317
28.582145536384097,1.12585474996023,-0.10769901546802867,0.7784090909041584,0.7806267806236612,0.999999999982619,0.05750327614256069
28.60715178794699,1.123138604989554,-0.10950840744369644,0.7784090909042082,0.7806267806237409,0.9999999999811434,0.05750327614253168
28.63215803950988,1.1203794590301066,-0.11113801961487581,0.7784090909042447,0.780626780623818,0.9999999999795162,0.05750327614250622
28.65716429107277,1.1175818221405323,-0.11258676229739588,0.7784090909042674,0.7806267806238922,0.9999999999777227,0.057503276142484544
28.68217054263566,1.114750227167505,-0.11385388882678425,0.7784090909042753,0.7806267806239637,0.9999999999757476,0.05750327614246674
28.70717679419855,1.1118892215284237,-0.11493898759931014,0.7784090909042679,0.7806267806240325,0.999999999973574,0.057503276142453034
28.73218304576144,1.109003358749143,-0.11584197453117528,0.7784090909042441,0.7806267806240984,0.9999999999711843,0.057503276142443605
28.75718929732433,1.10609719052959,-0.11656308352651462,0.7784090909042028,0.7806267806241615,0.9999999999685592,0.057503276142438754
28.782195548887223,1.103175258732849,-0.11710285772816094,0.7784090909041431,0.7806267806242216,0.9999999999656788,0.05750327614243868
28.807201800450112,1.1002420880726334,-0.11746213875406612,0.7784090909040636,0.7806267806242788,0.9999999999625218,0.05750327614244373
28.832208052013005,1.0973021782518755,-0.11764205690683434,0.7784090909039629,0.780626780624333,0.9999999999590662,0.05750327614245421
28.857214303575894,1.0943599977507756,-0.11764401974732021,0.7784090909038398,0.7806267806243841,0.9999999999552889,0.057503276142470416
28.882220555138787,1.0914199757437015,-0.11746970115081522,0.7784090909036924,0.780626780624432,0.9999999999511662,0.05750327614249276
28.907226806701676,1.088486497295215,-0.11712103007411136,0.7784090909035192,0.7806267806244767,0.9999999999466739,0.057503276142521646
28.93223305826457,1.0855638951414721,-0.11660017797867621,0.7784090909033184,0.780626780624518,0.9999999999417872,0.05750327614255745
28.957239309827457,1.082656445597811,-0.11590954874179156,0.7784090909030881,0.7806267806245558,0.9999999999364817,0.05750327614260071
28.98224556139035,1.079768361969446,-0.1150517648558354,0.7784090909028262,0.7806267806245901,0.9999999999307329,0.057503276142651806
29.00725181295324,1.076903788424562,-0.11402965686508769,0.7784090909025305,0.7806267806246207,0.999999999924517,0.05750327614271131
29.03225806451613,1.0740667976390592,-0.11284625241207685,0.7784090909021991,0.7806267806246473,0.9999999999178113,0.057503276142779745
29.05726431607902,1.0712613830078492,-0.1115047615698526,0.7784090909018296,0.7806267806246698,0.9999999999105947,0.057503276142857634
29.082270567641913,1.0684914550849827,-0.11000856862541711,0.7784090909014196,0.7806267806246882,0.9999999999028479,0.05750327614294556
29.107276819204802,1.0657608390660218,-0.1083612194996226,0.7784090909009668,0.7806267806247021,0.9999999998945543,0.057503276143044076
29.132283070767695,1.0630732685354474,-0.10656640970423127,0.7784090909004688,0.7806267806247114,0.9999999998857003,0.05750327614315376
29.157289322330584,1.0604323833025622,-0.10462797547361918,0.7784090908999233,0.7806267806247158,0.9999999998762764,0.05750327614327523
29.182295573893473,1.0578417257998185,-0.10254988182390157,0.7784090908993279,0.7806267806247151,0.9999999998662772,0.05750327614340899
29.207301825456366,1.0553047371587043,-0.10033621283261711,0.7784090908986804,0.7806267806247091,0.9999999998557022,0.05750327614355565
29.232308077019255,1.0528247557718402,-0.09799116249183899,0.7784090908979787,0.7806267806246976,0.999999999844557,0.05750327614371571
29.257314328582147,1.0504050132383032,-0.09551902404882924,0.7784090908972208,0.7806267806246802,0.9999999998328535,0.05750327614388974
29.282320580145036,1.048048633077533,-0.09292418245415185,0.778409090896405,0.7806267806246567,0.9999999998206099,0.057503276144078075
29.30732683170793,1.0457586278683983,-0.0902111044957664,0.7784090908955298,0.7806267806246269,0.9999999998078527,0.0575032761442812
29.332333083270818,1.0435378976447347,-0.08738433164207257,0.7784090908945939,0.7806267806245903,0.9999999997946154,0.05750327614449943
29.35733933483371,1.0413892280249026,-0.08444847160707669,0.7784090908935963,0.780626780624547,0.9999999997809403,0.05750327614473301
29.3823455863966,1.0393152885988937,-0.08140819150749927,0.7784090908925368,0.7806267806244965,0.9999999997668778,0.057503276144982116
29.407351837959492,1.0373186316572771,-0.07826821072616655,0.7784090908914152,0.7806267806244387,0.9999999997524872,0.05750327614524681
29.43235808952238,1.0354016908085988,-0.07503329463766373,0.7784090908902318,0.7806267806243731,0.9999999997378359,0.057503276145527096
29.457364341085274,1.0335667800573707,-0.0717082484984286,0.7784090908889877,0.7806267806242997,0.9999999997229999,0.05750327614582276
29.482370592648163,1.03181609275282,-0.06829791195457982,0.7784090908876844,0.7806267806242181,0.9999999997080629,0.05750327614613354
29.507376844211056,1.030151700877411,-0.06480715374494915,0.7784090908863238,0.7806267806241283,0.9999999996931159,0.057503276146459004
29.532383095773945,1.0285755543469952,-0.06124086709445159,0.778409090884909,0.78062678062403,0.9999999996782565,0.057503276146798565
29.557389347336837,1.0270894804339277,-0.05760396508854383,0.7784090908834431,0.7806267806239231,0.999999999663588,0.057503276147151484
29.582395598899726,1.0256951833928347,-0.053901376953931,0.7784090908819302,0.7806267806238076,0.9999999996492177,0.05750327614751688
29.607401850462615,1.0243942439886256,-0.05013804403468487,0.7784090908803751,0.7806267806236836,0.9999999996352567,0.05750327614789365
29.632408102025508,1.023188119379842,-0.046318916856495085,0.778409090878783,0.7806267806235508,0.9999999996218172,0.05750327614828073
29.657414353588397,1.022078142775833,-0.04244895172628015,0.7784090908771598,0.7806267806234093,0.999999999609012,0.0575032761486767
29.68242060515129,1.021065523461139,-0.03853310835246167,0.7784090908755121,0.7806267806232594,0.9999999995969521,0.05750327614908006
29.70742685671418,1.0201513466458814,-0.03457634718716346,0.7784090908738471,0.780626780623101,0.9999999995857454,0.05750327614948923
29.73243310827707,1.0193365735189466,-0.030583627306830053,0.7784090908721724,0.7806267806229343,0.9999999995754949,0.05750327614990241
29.75743935983996,1.0186220413116092,-0.026559904539669738,0.7784090908704957,0.7806267806227599,0.999999999566297,0.057503276150317736
29.782445611402853,1.0180084633673403,-0.022510129553380304,0.7784090908688257,0.7806267806225778,0.9999999995582398,0.05750327615073332
29.807451862965742,1.0174964293287276,-0.018439246453208706,0.7784090908671708,0.7806267806223885,0.9999999995514015,0.057503276151147135
29.832458114528634,1.0170864052963975,-0.014352191301691781,0.7784090908655399,0.7806267806221926,0.9999999995458493,0.05750327615155702
29.857464366091524,1.0167787340494854,-0.010253890819326733,0.7784090908639419,0.7806267806219904,0.999999999541638,0.05750327615196091
29.882470617654416,1.0165736353016448,-0.006149261293879394,0.7784090908623857,0.7806267806217825,0.9999999995388091,0.05750327615235673
29.907476869217305,1.0164712059689465,-0.0020432074646322866,0.77840909086088,0.7806267806215695,0.9999999995373897,0.05750327615274236
29.932483120780198,1.0164714204727179,0.002059378516441991,0.7784090908594332,0.7806267806213523,0.9999999995373927,0.05750327615311571
29.957489372343087,1.0165741310683074,0.006153618038419799,0.7784090908580537,0.7806267806211313,0.999999999538816,0.057503276153474774
29.98249562390598,1.0167790681946847,0.010234647031036883,0.7784090908567489,0.7806267806209074,0.9999999995416426,0.05750327615381773
30.00750187546887,1.0170858408504833,0.014297616956719127,0.7784090908555266,0.7806267806206815,0.9999999995458416,0.057503276154142656
30.032508127031758,1.017493936996431,0.01833769586125187,0.7784090908543929,0.7806267806204541,0.999999999551368,0.057503276154447974
30.05751437859465,1.018002723982751,0.02235006946808639,0.7784090908533541,0.7806267806202263,0.9999999995581637,0.05750327615473212
30.08252063015754,1.018611449004228,0.026329942367737752,0.7784090908524153,0.7806267806199989,0.9999999995661593,0.05750327615499371
30.107526881720432,1.0193192395906883,0.030272539353239675,0.7784090908515809,0.7806267806197729,0.9999999995752742,0.05750327615523156
30.13253313328332,1.0201251041350716,0.03417310687795777,0.7784090908508547,0.7806267806195489,0.9999999995854192,0.05750327615544466
30.157539384846213,1.0210279324384708,0.03802691458794359,0.7784090908502391,0.7806267806193279,0.9999999995964972,0.057503276155632305
30.182545636409102,1.0220264963276855,0.041829257193449695,0.7784090908497362,0.7806267806191107,0.9999999996084057,0.0575032761557938
30.207551887971995,1.0231194503115726,0.045575456453104436,0.7784090908493468,0.7806267806188982,0.9999999996210374,0.057503276155928734
30.232558139534884,1.0243053322478193,0.04926086326387377,0.7784090908490712,0.7806267806186912,0.9999999996342825,0.05750327615603693
30.257564391097777,1.0255825641618428,0.05288086030752731,0.7784090908489085,0.7806267806184903,0.9999999996480307,0.057503276156118395
30.282570642660666,1.0269494530163557,0.056430864567882086,0.7784090908488575,0.7806267806182965,0.9999999996621718,0.05750327615617325
30.30757689422356,1.0284041916297522,0.059906330381847284,0.7784090908489156,0.7806267806181102,0.9999999996765983,0.05750327615620188
30.332583145786447,1.0299448596858614,0.06330275280002078,0.7784090908490799,0.7806267806179321,0.9999999996912057,0.05750327615620487
30.35758939734934,1.031569424693897,0.06661567088808928,0.778409090849347,0.7806267806177629,0.9999999997058946,0.0575032761561828
30.38259564891223,1.0332757432990054,0.06984067199608235,0.7784090908497123,0.7806267806176032,0.9999999997205709,0.057503276156136554
30.40760190047512,1.035061562334196,0.07297339549907676,0.7784090908501715,0.780626780617453,0.9999999997351472,0.05750327615606707
30.43260815203801,1.036924520410358,0.07600953780605114,0.7784090908507194,0.7806267806173133,0.9999999997495435,0.05750327615597539
30.457614403600903,1.038862149163506,0.07894485679142432,0.7784090908513503,0.7806267806171839,0.9999999997636871,0.057503276155862725
30.482620655163792,1.040871875084532,0.08177517737959018,0.7784090908520588,0.7806267806170655,0.9999999997775137,0.05750327615573024
30.50762690672668,1.042951021058013,0.08449639682608384,0.7784090908528387,0.780626780616958,0.9999999997909673,0.05750327615557924
30.532633158289574,1.0450968084281336,0.08710449081285074,0.7784090908536841,0.7806267806168617,0.9999999998039996,0.05750327615541104
30.557639409852463,1.0473063588677674,0.08959551957899592,0.7784090908545888,0.7806267806167768,0.9999999998165705,0.05750327615522702
30.582645661415356,1.0495766967460676,0.09196563458315399,0.7784090908555465,0.7806267806167033,0.999999999828648,0.05750327615502849
30.607651912978245,1.0519047512957536,0.09421108534646323,0.7784090908565514,0.780626780616641,0.9999999998402072,0.0575032761548169
30.632658164541137,1.0542873594199007,0.09632822682120061,0.7784090908575972,0.7806267806165901,0.9999999998512301,0.05750327615459355
30.657664416104026,1.056721268044344,0.0983135266840953,0.7784090908586784,0.7806267806165502,0.9999999998617057,0.05750327615435984
30.68267066766692,1.0592031375818953,0.10016357363439442,0.778409090859789,0.7806267806165214,0.9999999998716287,0.05750327615411702
30.707676919229808,1.061729544290411,0.10187508476811276,0.7784090908609239,0.7806267806165033,0.9999999998809986,0.057503276153866356
30.7326831707927,1.0642969845983927,0.10344491500180966,0.7784090908620778,0.7806267806164958,0.9999999998898204,0.05750327615360904
30.75768942235559,1.0669018774262042,0.10487006427194856,0.7784090908632458,0.7806267806164986,0.9999999998981027,0.05750327615334627
30.782695673918482,1.0695405692793412,0.1061476880232574,0.7784090908644233,0.7806267806165114,0.999999999905858,0.05750327615307911
30.80770192548137,1.072209336999549,0.10727510435916582,0.7784090908656062,0.7806267806165338,0.9999999999131015,0.057503276152808626
30.832708177044264,1.0749043926759003,0.10824980464366826,0.7784090908667902,0.7806267806165655,0.9999999999198508,0.05750327615253574
30.857714428607153,1.077621888456658,0.10906946218283621,0.7784090908679719,0.7806267806166062,0.9999999999261258,0.05750327615226145
30.882720680170046,1.0803579193656125,0.10973194034242792,0.778409090869148,0.7806267806166555,0.9999999999319472,0.05750327615198645
30.907726931732935,1.083108530960164,0.11023530446345225,0.7784090908703153,0.7806267806167128,0.9999999999373373,0.05750327615171165
30.932733183295824,1.0858697225776153,0.1105778284575081,0.7784090908714711,0.7806267806167779,0.9999999999423188,0.05750327615143761
30.957739434858716,1.088637451703618,0.11075800444058298,0.7784090908726131,0.7806267806168504,0.9999999999469148,0.057503276151165086
30.982745686421605,1.0914076431707904,0.11077455423637243,0.778409090873739,0.7806267806169298,0.9999999999511482,0.05750327615089463
31.007751937984498,1.0941761917726094,0.11062643479299514,0.7784090908748469,0.7806267806170157,0.9999999999550417,0.057503276150626725
31.032758189547387,1.0969389687576905,0.11031284876710501,0.7784090908759351,0.7806267806171077,0.9999999999586178,0.057503276150361916
31.05776444111028,1.0996918296406577,0.1098332527227915,0.7784090908770023,0.7806267806172054,0.999999999961898,0.05750327615010055
31.08277069267317,1.1024306184962505,0.10918736438349859,0.7784090908780473,0.7806267806173083,0.9999999999649034,0.057503276149842956
31.10777694423606,1.1051511766574478,0.10837517126912588,0.7784090908790692,0.7806267806174161,0.9999999999676541,0.057503276149589486
31.13278319579895,1.1078493480065674,0.10739693673159886,0.7784090908800669,0.7806267806175283,0.9999999999701692,0.05750327614934042
31.157789447361843,1.1105209866966808,0.10625320745514136,0.7784090908810402,0.7806267806176447,0.9999999999724668,0.057503276149095936
31.182795698924732,1.113161964289051,0.1049448188407516,0.7784090908819882,0.7806267806177648,0.9999999999745641,0.0575032761488563
31.207801950487625,1.1157681765947192,0.10347290084289971,0.7784090908829109,0.7806267806178881,0.999999999976477,0.0575032761486216
31.232808202050514,1.118335551795164,0.10183888230822186,0.778409090883808,0.7806267806180146,0.9999999999782208,0.057503276148391916
31.257814453613406,1.1208600571892675,0.10004449523333925,0.7784090908846794,0.7806267806181437,0.9999999999798094,0.05750327614816748
31.282820705176295,1.123337707574152,0.09809177758346205,0.7784090908855251,0.7806267806182752,0.9999999999812557,0.05750327614794822
31.307826956739188,1.1257645722492475,0.0959830759033164,0.7784090908863455,0.7806267806184086,0.9999999999825719,0.05750327614773423
31.332833208302077,1.1281367833035927,0.09372104637404743,0.7784090908871403,0.7806267806185437,0.9999999999837691,0.057503276147525595
31.357839459864966,1.130450542973718,0.09130865554744132,0.7784090908879102,0.7806267806186804,0.9999999999848574,0.05750327614732219
31.38284571142786,1.1327021316072083,0.0887491795716629,0.7784090908886553,0.7806267806188182,0.9999999999858465,0.05750327614712415
31.407851962990748,1.1348879153772145,0.0860462027387209,0.7784090908893759,0.7806267806189569,0.9999999999867448,0.057503276146931376
31.43285821455364,1.13700435378157,0.08320361490609976,0.7784090908900728,0.7806267806190963,0.9999999999875604,0.05750327614674376
31.45786446611653,1.1390480075621046,0.08022560760447205,0.7784090908907461,0.7806267806192361,0.9999999999883,0.05750327614656138
31.482870717679422,1.1410155457900284,0.07711666959459974,0.7784090908913964,0.7806267806193762,0.9999999999889707,0.05750327614638403
31.50787696924231,1.1429037536243776,0.07388158057205023,0.7784090908920243,0.7806267806195162,0.9999999999895781,0.057503276146211785
31.532883220805203,1.1447095391951934,0.07052540452503263,0.7784090908926301,0.7806267806196562,0.9999999999901277,0.05750327614604447
31.557889472368092,1.1464299407535619,0.06705348145129708,0.7784090908932146,0.7806267806197957,0.9999999999906243,0.057503276145882055
31.582895723930985,1.1480621335057126,0.0634714180564377,0.7784090908937783,0.7806267806199346,0.9999999999910723,0.057503276145724466
31.607901975493874,1.1496034359924303,0.05978507773284904,0.7784090908943216,0.7806267806200731,0.9999999999914757,0.05750327614557153
31.632908227056767,1.1510513165394753,0.056000568885383406,0.7784090908948453,0.7806267806202106,0.9999999999918381,0.05750327614542319
31.657914478619656,1.1524033991419647,0.05212423267441445,0.7784090908953498,0.7806267806203471,0.9999999999921625,0.05750327614527945
31.68292073018255,1.1536574690992205,0.048162629691760314,0.7784090908958357,0.7806267806204826,0.9999999999924518,0.057503276145140066
31.707926981745437,1.1548114784060606,0.04412252537725161,0.7784090908963035,0.7806267806206169,0.9999999999927087,0.057503276145005
31.73293323330833,1.1558635506237511,0.04001087489811302,0.7784090908967538,0.7806267806207499,0.9999999999929352,0.05750327614487415
31.75793948487122,1.156811985425395,0.035834807060176097,0.7784090908971871,0.7806267806208815,0.9999999999931335,0.05750327614474744
31.78294573643411,1.1576552627610024,0.03160160728281566,0.778409090897604,0.7806267806210117,0.9999999999933049,0.05750327614462476
31.807951987997,1.1583920465390936,0.02731870000195872,0.7784090908980049,0.7806267806211402,0.9999999999934513,0.05750327614450599
31.83295823955989,1.1590211878637864,0.022993630477817363,0.7784090908983905,0.7806267806212671,0.9999999999935738,0.05750327614439105
31.857964491122782,1.159541727834968,0.0186340459145124,0.7784090908987611,0.7806267806213922,0.9999999999936733,0.057503276144279865
31.88297074268567,1.1599528998576465,0.014247676125451404,0.7784090908991171,0.7806267806215156,0.9999999999937509,0.05750327614417238
31.907976994248564,1.1602541314579142,0.009842313845650964,0.7784090908994593,0.7806267806216373,0.9999999999938072,0.057503276144068326
31.932983245811453,1.1604450456061974,0.005425794755038029,0.7784090908997878,0.7806267806217569,0.9999999999938425,0.0575032761439678
31.957989497374346,1.1605254615404563,0.0010059772451589625,0.7784090909001032,0.7806267806218747,0.9999999999938574,0.057503276143870664
31.982995748937235,1.1604953950802421,-0.0034092779073490753,0.7784090909004059,0.7806267806219906,0.9999999999938518,0.05750327614377679
32.00800200050013,1.1603550584312212,-0.007812127881033943,0.7784090909006962,0.7806267806221046,0.9999999999938258,0.05750327614368614
32.03300825206302,1.160104859483076,-0.012194768069427108,0.7784090909009745,0.7806267806222164,0.9999999999937794,0.05750327614359865
32.058014503625905,1.1597454006021053,-0.016549452178098324,0.7784090909012411,0.7806267806223263,0.9999999999937119,0.05750327614351423
32.0830207551888,1.159277476924361,-0.020868512050190094,0.7784090909014966,0.7806267806224341,0.999999999993623,0.057503276143432765
32.10802700675169,1.1587020741569585,-0.025144377134987426,0.7784090909017409,0.7806267806225398,0.999999999993512,0.05750327614335424
32.13303325831458,1.158020365899295,-0.029369593498150538,0.7784090909019745,0.7806267806226433,0.999999999993378,0.057503276143278624
32.15803950987747,1.157233710493882,-0.03353684230681375,0.7784090909021978,0.7806267806227449,0.9999999999932198,0.0575032761432058
32.18304576144036,1.1563436474277482,-0.037638957685954835,0.778409090902411,0.7806267806228444,0.9999999999930362,0.0575032761431357
32.208052013003254,1.1553518932854496,-0.04166894392853073,0.778409090902614,0.7806267806229418,0.999999999992826,0.057503276143068306
32.23305826456614,1.1542603372800617,-0.04561999192132603,0.7784090909028074,0.780626780623037,0.9999999999925872,0.0575032761430036
32.25806451612903,1.1530710364059011,-0.049485494660227586,0.7784090909029913,0.7806267806231302,0.9999999999923179,0.05750327614294149
32.283070767691925,1.1517862102062135,-0.05325906196182703,0.7784090909031657,0.7806267806232213,0.999999999992016,0.05750327614288194
32.30807701925482,1.1504082351384852,-0.056934534323182635,0.7784090909033309,0.7806267806233103,0.9999999999916791,0.057503276142824966
32.3330832708177,1.1489396386703747,-0.06050599557584914,0.7784090909034869,0.7806267806233971,0.9999999999913043,0.057503276142770524
32.358089522380595,1.1473830930783073,-0.06396778458431478,0.778409090903634,0.7806267806234818,0.9999999999908886,0.057503276142718565
32.38309577394349,1.1457414088636202,-0.06731450609744624,0.7784090909037719,0.7806267806235645,0.9999999999904285,0.05750327614266909
32.40810202550638,1.1440175280127536,-0.07054104019896949,0.7784090909039009,0.7806267806236451,0.9999999999899205,0.05750327614262211
32.433108277069266,1.142214517072908,-0.07364255074329945,0.7784090909040209,0.7806267806237236,0.9999999999893603,0.05750327614257757
32.45811452863216,1.1403355598102995,-0.07661449296847594,0.7784090909041319,0.7806267806238001,0.9999999999887434,0.05750327614253553
32.48312078019505,1.138383949979919,-0.0794526194595899,0.7784090909042338,0.7806267806238744,0.9999999999880647,0.057503276142496056
32.508127031757944,1.1363630838126833,-0.08215298544770401,0.7784090909043265,0.7806267806239466,0.9999999999873187,0.05750327614245905
32.53313328332083,1.1342764522368713,-0.0847119529029198,0.7784090909044099,0.7806267806240169,0.9999999999864995,0.057503276142424634
32.55813953488372,1.1321276334462989,-0.08712619321591482,0.7784090909044837,0.7806267806240851,0.9999999999856005,0.05750327614239279
32.583145786446615,1.1299202848296996,-0.08939268944074635,0.7784090909045478,0.7806267806241511,0.9999999999846148,0.057503276142363655
32.60815203800951,1.1276581354077961,-0.09150873674719164,0.7784090909046019,0.7806267806242151,0.9999999999835343,0.05750327614233719
32.63315828957239,1.1253449779383853,-0.09347194256753345,0.7784090909046454,0.780626780624277,0.9999999999823511,0.05750327614231354
32.658164541135285,1.1229846610071756,-0.09528022523587427,0.7784090909046782,0.7806267806243368,0.999999999981056,0.05750327614229281
32.68317079269818,1.1205810815893216,-0.09693181202453235,0.7784090909046999,0.7806267806243945,0.9999999999796396,0.057503276142275045
32.70817704426106,1.1181381768806191,-0.09842523617878861,0.7784090909047098,0.7806267806244501,0.9999999999780915,0.057503276142260355
32.733183295823956,1.115659917299317,-0.09975933306244815,0.7784090909047076,0.7806267806245036,0.9999999999764005,0.057503276142248885
32.75818954738685,1.1131502982815547,-0.10093323571162645,0.7784090909046925,0.7806267806245549,0.9999999999745552,0.057503276142240795
32.78319579894974,1.110613333688045,-0.10194636938334345,0.7784090909046638,0.780626780624604,0.9999999999725431,0.05750327614223625
32.80820205051263,1.1080530477087827,-0.10279844574422047,0.7784090909046208,0.7806267806246509,0.9999999999703509,0.05750327614223541
32.83320830207552,1.105473468724735,-0.1034894561610575,0.7784090909045629,0.7806267806246955,0.9999999999679654,0.05750327614223842
32.85821455363841,1.1028786213670005,-0.10401966461025941,0.778409090904489,0.7806267806247378,0.9999999999653719,0.05750327614224554
32.883220805201304,1.1002725209291262,-0.10438960012568826,0.778409090904398,0.7806267806247776,0.999999999962556,0.05750327614225703
32.90822705676419,1.0976591656149335,-0.10460004842353218,0.7784090909042891,0.7806267806248152,0.9999999999595022,0.05750327614227307
32.93323330832708,1.095042531485602,-0.1046520440251106,0.7784090909041613,0.7806267806248502,0.999999999956195,0.05750327614229391
32.958239559889975,1.092426565184731,-0.1045468605669311,0.7784090909040131,0.7806267806248827,0.9999999999526188,0.05750327614231993
32.98324581145287,1.0898151788767119,-0.10428600288943521,0.7784090909038436,0.7806267806249125,0.9999999999487577,0.05750327614235129
33.00825206301575,1.0872122444862629,-0.10387119664322123,0.7784090909036512,0.7806267806249396,0.9999999999445959,0.05750327614238842
33.033258314578646,1.0846215873376903,-0.10330437952613696,0.7784090909034347,0.7806267806249639,0.9999999999401181,0.05750327614243155
33.05826456614154,1.0820469830464254,-0.10258769213379844,0.7784090909031927,0.7806267806249853,0.9999999999353096,0.057503276142481116
33.08327081770443,1.079492150132666,-0.10172346668417898,0.7784090909029235,0.7806267806250036,0.9999999999301565,0.057503276142537425
33.10827706926732,1.0769607465874362,-0.10071421948014622,0.7784090909026258,0.7806267806250188,0.9999999999246458,0.05750327614260083
33.13328332083021,1.0744563663196818,-0.09956264037440332,0.778409090902298,0.7806267806250307,0.9999999999187663,0.05750327614267175
33.1582895723931,1.0719825325753594,-0.09827158233673122,0.7784090909019387,0.7806267806250391,0.9999999999125082,0.057503276142750505
33.18329582395599,1.0695426960390761,-0.09684405399848933,0.7784090909015461,0.780626780625044,0.999999999905864,0.05750327614283753
33.20830207551888,1.0671402303722364,-0.0952832086684233,0.7784090909011188,0.7806267806250452,0.9999999998988287,0.057503276142933164
33.23330832708177,1.0647784281214303,-0.09359233591715813,0.7784090909006552,0.7806267806250425,0.9999999998914003,0.05750327614303779
33.258314578644665,1.0624604987387614,-0.0917748530668168,0.7784090909001541,0.7806267806250358,0.9999999998835798,0.057503276143151816
33.28332083020755,1.0601895639688004,-0.08983429531246487,0.778409090899614,0.7806267806250248,0.9999999998753719,0.05750327614327548
33.30832708177044,1.0579686562620785,-0.08777430877081116,0.7784090908990335,0.7806267806250095,0.9999999998667854,0.057503276143409165
33.333333333333336,1.0558007153922389,-0.08559864100616288,0.7784090908984117,0.7806267806249895,0.9999999998578334,0.05750327614355322
33.35833958489623,1.0536885862115533,-0.08331113404030685,0.7784090908977478,0.7806267806249648,0.9999999998485336,0.057503276143707746
33.383345836459114,1.0516350165582382,-0.08091571633479476,0.7784090908970408,0.7806267806249352,0.9999999998389089,0.057503276143873065
33.408352088022006,1.0496426547981612,-0.07841639556784138,0.7784090908962902,0.7806267806249004,0.9999999998289867,0.0575032761440493
33.4333583395849,1.047714048417998,-0.07581725189498527,0.7784090908954958,0.7806267806248605,0.9999999998188003,0.05750327614423653
33.45836459114779,1.0458516417858303,-0.07312243094732629,0.7784090908946576,0.780626780624815,0.9999999998083882,0.057503276144434845
33.48337084271068,1.044057775084943,-0.07033613797492422,0.7784090908937761,0.780626780624764,0.9999999997977937,0.05750327614464412
33.50837709427357,1.0423346824485418,-0.06746263141273079,0.7784090908928516,0.7806267806247071,0.9999999997870663,0.05750327614486435
33.53338334583646,1.040684491097498,-0.06450621767446243,0.7784090908918853,0.7806267806246443,0.9999999997762596,0.0575032761450953
33.55838959739935,1.0391092198712755,-0.061471245447718495,0.7784090908908786,0.7806267806245755,0.9999999997654323,0.05750327614533662
33.58339584896224,1.0376107785059956,-0.058362101004288076,0.7784090908898335,0.7806267806245005,0.999999999754647,0.05750327614558798
33.60840210052513,1.0361909665500402,-0.05518320330128554,0.7784090908887519,0.7806267806244193,0.9999999997439706,0.05750327614584891
33.633408352088026,1.0348514727352671,-0.05193899970065415,0.7784090908876365,0.7806267806243319,0.9999999997334725,0.05750327614611881
33.65841460365091,1.033593874255601,-0.04863396190126367,0.7784090908864906,0.7806267806242382,0.999999999723225,0.05750327614639698
33.683420855213804,1.032419636203439,-0.04527258199903344,0.7784090908853174,0.780626780624138,0.9999999997133012,0.05750327614668271
33.708427106776696,1.031330111162982,-0.041859369187405085,0.778409090884121,0.7806267806240317,0.9999999997037754,0.05750327614697502
33.73343335833959,1.0303265387274538,-0.038398846178917236,0.7784090908829054,0.7806267806239191,0.9999999996947213,0.05750327614727303
33.758439609902474,1.029410045310559,-0.034895546480259845,0.7784090908816756,0.7806267806238004,0.9999999996862112,0.057503276147575645
33.78344586146537,1.0285816438148958,-0.031354011322956454,0.7784090908804364,0.7806267806236757,0.9999999996783153,0.05750327614788167
33.80845211302826,1.0278422335325041,-0.027778787194662403,0.7784090908791932,0.7806267806235453,0.9999999996710999,0.057503276148189904
33.83345836459115,1.027192600026987,-0.024174423425721472,0.7784090908779513,0.7806267806234091,0.999999999664627,0.05750327614849912
33.85846461615404,1.0266334150736698,-0.020545469828669668,0.7784090908767166,0.7806267806232677,0.9999999996589535,0.05750327614880786
33.88347086771693,1.0261652367050724,-0.016896474753585355,0.778409090875495,0.7806267806231212,0.9999999996541296,0.05750327614911484
33.90847711927982,1.0257885092485726,-0.013231983037293256,0.7784090908742927,0.7806267806229701,0.9999999996501985,0.05750327614941851
33.933483370842715,1.0255035634439245,-0.009556534146185236,0.7784090908731155,0.7806267806228145,0.9999999996471954,0.05750327614971752
33.9584896224056,1.0253106166052708,-0.0058746604841737075,0.7784090908719695,0.7806267806226551,0.9999999996451474,0.05750327615001043
33.983495873968494,1.0252097728125837,-0.0021908856704745813,0.7784090908708606,0.7806267806224922,0.9999999996440722,0.057503276150295775
34.008502125531386,1.0252010231535125,0.0014902771018767372,0.7784090908697946,0.7806267806223263,0.9999999996439788,0.05750327615057216
34.03350837709427,1.0252842460053129,0.005164326634606054,0.7784090908687772,0.780626780622158,0.9999999996448665,0.0575032761508382
34.058514628657164,1.025459207353566,0.008826775329171296,0.7784090908678134,0.7806267806219878,0.9999999996467257,0.05750327615109259
34.08352088022006,1.0257255611521705,0.012473150776059663,0.7784090908669083,0.780626780621816,0.9999999996495372,0.05750327615133417
34.10852713178295,1.0260828497243153,0.016098997388920136,0.7784090908660666,0.7806267806216436,0.9999999996532737,0.05750327615156167
34.133533383345835,1.0265305042032489,0.01969987806738017,0.7784090908652922,0.780626780621471,0.999999999657899,0.057503276151774134
34.15853963490873,1.0270678450148212,0.023271375930358797,0.7784090908645886,0.7806267806212986,0.9999999996633695,0.05750327615197059
34.18354588647162,1.0276940824067466,0.026809096159181374,0.7784090908639594,0.7806267806211273,0.9999999996696348,0.057503276152150166
34.20855213803451,1.0284083170306084,0.030308667949281352,0.7784090908634066,0.7806267806209577,0.9999999996766382,0.057503276152312224
34.2335583895974,1.029209540553539,0.03376574649416884,0.7784090908629326,0.7806267806207903,0.9999999996843181,0.05750327615245604
34.25856464116029,1.0300966363436683,0.03717601523478651,0.7784090908625388,0.7806267806206256,0.9999999996926086,0.0575032761525813
34.28357089272318,1.0310683802200682,0.04053518824517979,0.778409090862226,0.7806267806204643,0.9999999997014404,0.057503276152687605
34.308577144286076,1.0321234412114486,0.04383901261786362,0.7784090908619946,0.7806267806203071,0.9999999997107423,0.05750327615277471
34.33358339584896,1.033260382458617,0.04708327132529406,0.7784090908618442,0.7806267806201543,0.9999999997204421,0.05750327615284266
34.358589647411854,1.0344776621271574,0.0502637860449148,0.7784090908617741,0.7806267806200067,0.9999999997304669,0.05750327615289144
34.38359589897475,1.0357736343883022,0.05337642021247756,0.7784090908617831,0.7806267806198645,0.9999999997407449,0.057503276152921265
34.40860215053764,1.0371465505843198,0.05641708257063091,0.7784090908618693,0.7806267806197282,0.9999999997512061,0.05750327615293242
34.433608402100525,1.0385945602814188,0.059381730424839435,0.7784090908620305,0.7806267806195983,0.9999999997617824,0.057503276152925276
34.45861465366342,1.0401157126766574,0.062266373796233544,0.7784090908622641,0.7806267806194753,0.999999999772409,0.0575032761529004
34.48362090522631,1.0417079578273865,0.06506707918039463,0.778409090862567,0.7806267806193593,0.9999999997830249,0.05750327615285837
34.508627156789196,1.0433691482211445,0.06777997405066048,0.7784090908629362,0.7806267806192508,0.999999999793573,0.05750327615279979
34.53363340835209,1.045097040309571,0.07040125137629338,0.778409090863368,0.78062678061915,0.9999999998040009,0.05750327615272545
34.55863965991498,1.0468892961855814,0.07292717434342406,0.7784090908638585,0.7806267806190572,0.999999999814261,0.05750327615263613
34.58364591147787,1.0487434854935054,0.07535408168752056,0.7784090908644038,0.7806267806189724,0.9999999998243108,0.0575032761525327
34.60865216304076,1.0506570872243388,0.07767839265951254,0.7784090908649998,0.7806267806188959,0.9999999998341127,0.05750327615241608
34.63365841460365,1.0526274920226573,0.0798966131026017,0.7784090908656425,0.7806267806188276,0.9999999998436344,0.05750327615228709
34.658664666166544,1.0546520041437852,0.08200534072282287,0.7784090908663274,0.7806267806187678,0.9999999998528487,0.05750327615214677
34.68367091772944,1.0567278441534929,0.08400127181264805,0.7784090908670505,0.7806267806187163,0.999999999861733,0.057503276151996
34.70867716929232,1.0588521511137792,0.08588120686829884,0.7784090908678074,0.7806267806186733,0.9999999998702698,0.05750327615183573
34.733683420855215,1.0610219856339274,0.08764205783441605,0.7784090908685942,0.7806267806186384,0.9999999998784457,0.057503276151666935
34.75868967241811,1.0632343324108422,0.08928085413643153,0.7784090908694068,0.780626780618612,0.9999999998862513,0.05750327615149048
34.783695923981,1.0654861034860366,0.09079475020367334,0.7784090908702413,0.7806267806185936,0.9999999998936816,0.05750327615130728
34.808702175543885,1.0677741414186834,0.09218103213988102,0.778409090871094,0.7806267806185833,0.9999999999007346,0.05750327615111823
34.83370842710678,1.0700952224001905,0.09343712502390379,0.7784090908719612,0.7806267806185807,0.9999999999074115,0.05750327615092415
34.85871467866967,1.0724460605162958,0.09456060065284806,0.7784090908728396,0.7806267806185857,0.9999999999137164,0.05750327615072589
34.883720930232556,1.074823310324498,0.09554918400092925,0.7784090908737258,0.7806267806185981,0.9999999999196556,0.057503276150524224
34.90872718179545,1.0772235723466337,0.09640076224923727,0.778409090874617,0.7806267806186178,0.9999999999252377,0.057503276150319804
34.93373343335834,1.0796433956144562,0.09711339050387612,0.7784090908755101,0.7806267806186443,0.9999999999304727,0.057503276150113386
34.958739684921234,1.0820792829735073,0.09768530089960474,0.7784090908764028,0.7806267806186774,0.9999999999353724,0.057503276149905656
34.98374593648412,1.0845276960655366,0.09811490965312737,0.7784090908772924,0.7806267806187169,0.9999999999399491,0.05750327614969715
35.00875218804701,1.0869850576151705,0.09840082305512254,0.7784090908781769,0.7806267806187626,0.999999999944217,0.05750327614948841
35.033758439609905,1.089447759400655,0.09854184760419034,0.7784090908790541,0.780626780618814,0.9999999999481897,0.05750327614928003
35.0587646911728,1.091912166006627,0.09853699493795405,0.7784090908799223,0.7806267806188708,0.999999999951882,0.05750327614907245
35.08377094273568,1.0943746187307173,0.09838548909731512,0.7784090908807798,0.7806267806189329,0.9999999999553085,0.057503276148866085
35.108777194298575,1.0968314433858846,0.09808677437711139,0.7784090908816252,0.7806267806189999,0.9999999999584841,0.05750327614866131
35.13378344586147,1.0992789540658179,0.09764052041874091,0.7784090908824572,0.7806267806190715,0.9999999999614231,0.05750327614845857
35.15878969742436,1.1017134594536264,0.09704662932755664,0.7784090908832748,0.7806267806191474,0.9999999999641402,0.05750327614825808
35.183795948987246,1.104131269379736,0.0963052409769095,0.778409090884077,0.7806267806192273,0.9999999999666491,0.057503276148060146
35.20880220055014,1.1065286992989873,0.09541673833266356,0.7784090908848629,0.7806267806193109,0.9999999999689636,0.057503276147865046
35.23380845211303,1.10890207819465,0.09438175260856976,0.7784090908856317,0.7806267806193979,0.9999999999710967,0.05750327614767302
35.258814703675924,1.1112477532980631,0.09320116726814724,0.7784090908863831,0.7806267806194881,0.9999999999730607,0.05750327614748419
35.28382095523881,1.1135620976341303,0.09187612218013912,0.7784090908871166,0.7806267806195811,0.9999999999748677,0.05750327614729875
35.3088272068017,1.115841515602277,0.0904080165553902,0.7784090908878318,0.7806267806196767,0.9999999999765288,0.057503276147116825
35.333833458364595,1.1180824501391957,0.08879851174461453,0.7784090908885286,0.7806267806197746,0.9999999999780549,0.05750327614693853
35.35883970992748,1.1202813887947833,0.08704953298869166,0.7784090908892066,0.7806267806198747,0.9999999999794558,0.05750327614676396
35.38384596149037,1.1224348707871874,0.08516327069719262,0.778409090889866,0.7806267806199766,0.9999999999807411,0.057503276146593146
35.408852213053265,1.1245394932115995,0.08314218087378368,0.7784090908905066,0.7806267806200801,0.9999999999819195,0.05750327614642621
35.43385846461616,1.1265919181304833,0.0809889847061496,0.7784090908911285,0.780626780620185,0.9999999999829992,0.05750327614626316
35.45886471617904,1.1285888787074787,0.07870666758327281,0.7784090908917319,0.780626780620291,0.9999999999839877,0.057503276146103996
35.483870967741936,1.1305271862998998,0.07629847684959132,0.7784090908923169,0.780626780620398,0.9999999999848923,0.05750327614594875
35.50887721930483,1.1324037364697637,0.07376791931183839,0.7784090908928838,0.7806267806205058,0.9999999999857193,0.05750327614579737
35.53388347086772,1.134215515891679,0.07111875714499968,0.7784090908934326,0.7806267806206142,0.9999999999864748,0.05750327614564995
35.55888972243061,1.1359596083105716,0.06835500366377906,0.7784090908939638,0.780626780620723,0.9999999999871643,0.05750327614550639
35.5838959739935,1.1376332009782528,0.0654809176018262,0.7784090908944776,0.7806267806208319,0.9999999999877929,0.057503276145366676
35.60890222555639,1.1392335906694224,0.06250099678674477,0.7784090908949745,0.780626780620941,0.9999999999883651,0.05750327614523074
35.633908477119284,1.1407581894584238,0.05941997104778492,0.7784090908954545,0.78062678062105,0.9999999999888852,0.05750327614509862
35.65891472868217,1.1422045306231463,0.05624279376557981,0.7784090908959183,0.7806267806211588,0.9999999999893572,0.057503276144970195
35.68392098024506,1.1435702739262408,0.05297463319600983,0.778409090896366,0.7806267806212672,0.9999999999897844,0.05750327614484542
35.708927231807955,1.1448532109731115,0.049620862458138584,0.7784090908967981,0.7806267806213752,0.9999999999901701,0.05750327614472427
35.73393348337085,1.146051270218823,0.046187048797829346,0.778409090897215,0.7806267806214827,0.9999999999905171,0.05750327614460666
35.75893973493373,1.1471625215920693,0.04267894235347895,0.778409090897617,0.7806267806215894,0.999999999990828,0.057503276144492535
35.783945986496626,1.1481851809955665,0.03910246377250795,0.7784090908980046,0.7806267806216954,0.9999999999911052,0.057503276144381804
35.80895223805952,1.1491176143949924,0.03546369129141505,0.7784090908983781,0.7806267806218006,0.9999999999913506,0.05750327614427445
35.833958489622404,1.1499583415552392,0.03176884728547132,0.7784090908987378,0.7806267806219048,0.999999999991566,0.05750327614417039
35.8589647411853,1.1507060395026063,0.028024283971538878,0.7784090908990843,0.780626780622008,0.999999999991753,0.05750327614406955
35.88397099274819,1.1513595455891084,0.024236468600673217,0.7784090908994177,0.7806267806221099,0.9999999999919131,0.057503276143971896
35.90897724431108,1.1519178601577729,0.020411968309085367,0.7784090908997386,0.7806267806222108,0.9999999999920475,0.05750327614387728
35.93398349587397,1.1523801488567367,0.016557434373651318,0.7784090909000472,0.7806267806223105,0.999999999992157,0.05750327614378571
35.95898974743686,1.1527457445457194,0.012679586119574609,0.7784090909003438,0.7806267806224088,0.9999999999922426,0.05750327614369714
35.98399599899975,1.1530141487904098,0.008785194544975776,0.7784090909006289,0.7806267806225058,0.9999999999923048,0.05750327614361142
36.009002250562645,1.1531850329458184,0.0048810657394917365,0.7784090909009028,0.7806267806226014,0.9999999999923441,0.057503276143528584
36.03400850212553,1.153258238825731,0.0009740241085533508,0.7784090909011657,0.7806267806226955,0.999999999992361,0.057503276143448495
36.05901475368842,1.1532337789504756,-0.002929104488777646,0.778409090901418,0.7806267806227882,0.9999999999923553,0.05750327614337115
36.084021005251316,1.153111836371825,-0.006821509601583506,0.7784090909016598,0.7806267806228794,0.9999999999923272,0.05750327614329645
36.10902725681421,1.1528927640777706,-0.010696412983125554,0.7784090909018915,0.7806267806229691,0.9999999999922767,0.05750327614322438
36.134033508377094,1.1525770839784342,-0.014547085259053674,0.7784090909021134,0.7806267806230572,0.9999999999922032,0.05750327614315485
36.159039759939986,1.152165485477453,-0.018366862381426305,0.7784090909023258,0.7806267806231437,0.9999999999921063,0.05750327614308782
36.18404601150288,1.1516588236354701,-0.02214916179836393,0.7784090909025287,0.7806267806232287,0.9999999999919855,0.05750327614302326
36.209052263065765,1.1510581169337197,-0.025887498267665815,0.7784090909027226,0.7806267806233119,0.9999999999918396,0.05750327614296113
36.23405851462866,1.150364544647629,-0.029575499250837047,0.7784090909029074,0.7806267806233936,0.9999999999916682,0.05750327614290135
36.25906476619155,1.149579443844457,-0.033206919820168886,0.7784090909030835,0.7806267806234737,0.9999999999914696,0.057503276142843895
36.28407101775444,1.14870430600341,-0.036775657065822434,0.778409090903251,0.7806267806235521,0.9999999999912427,0.05750327614278876
36.30907726931733,1.147740773290769,-0.04027576385086442,0.77840909090341,0.7806267806236288,0.9999999999909859,0.0575032761427359
36.33408352088022,1.1466906345102592,-0.043701461880150845,0.7784090909035607,0.7806267806237038,0.9999999999906973,0.05750327614268531
36.35908977244311,1.1455558207278824,-0.047047154141176654,0.778409090903703,0.7806267806237772,0.9999999999903751,0.05750327614263692
36.384096024006006,1.1443384005532118,-0.05030743666493808,0.7784090909038374,0.7806267806238489,0.9999999999900171,0.05750327614259072
36.40910227556889,1.1430405752163972,-0.0534771092735873,0.7784090909039634,0.7806267806239189,0.9999999999896207,0.0575032761425468
36.434108527131784,1.1416646733544966,-0.05655118568401565,0.7784090909040815,0.7806267806239873,0.9999999999891834,0.057503276142504965
36.459114778694676,1.1402131454715543,-0.05952490288673333,0.7784090909041915,0.7806267806240539,0.9999999999887019,0.057503276142465365
36.48412103025757,1.138688558324959,-0.06239372931228568,0.7784090909042936,0.7806267806241188,0.9999999999881732,0.05750327614242793
36.509127281820454,1.1370935890484908,-0.06515337239479568,0.7784090909043874,0.7806267806241821,0.9999999999875936,0.057503276142392715
36.53413353338335,1.135431018977652,-0.06779978530537432,0.7784090909044731,0.7806267806242437,0.9999999999869591,0.05750327614235969
36.55913978494624,1.1337037275923183,-0.07032917237932491,0.7784090909045506,0.7806267806243036,0.9999999999862655,0.0575032761423289
36.58414603650913,1.1319146860659255,-0.07273799418073161,0.7784090909046196,0.7806267806243617,0.9999999999855083,0.05750327614230037
36.60915228807202,1.130066950789557,-0.07502297129113049,0.7784090909046802,0.7806267806244181,0.9999999999846823,0.05750327614227417
36.63415853963491,1.128163656994931,-0.07718108727889508,0.7784090909047322,0.7806267806244728,0.9999999999837821,0.05750327614225027
36.6591647911978,1.126208011867152,-0.07920959109012907,0.7784090909047751,0.7806267806245257,0.9999999999828022,0.0575032761422288
36.68417104276069,1.1242032882226898,-0.08110599802257056,0.7784090909048088,0.7806267806245769,0.9999999999817362,0.05750327614220977
36.70917729432358,1.1221528175335942,-0.08286809059176768,0.7784090909048331,0.7806267806246264,0.9999999999805774,0.05750327614219324
36.734183545886474,1.1200599834690403,-0.08449391785821748,0.7784090909048477,0.780626780624674,0.9999999999793189,0.0575032761421793
36.759189797449366,1.1179282151550134,-0.08598179466341249,0.778409090904852,0.78062678062472,0.999999999977953,0.05750327614216805
36.78419604901225,1.1157609804765254,-0.08733029954964397,0.7784090909048458,0.7806267806247641,0.9999999999764719,0.05750327614215958
36.809202300575144,1.113561779741533,-0.08853827246875352,0.7784090909048285,0.7806267806248064,0.9999999999748673,0.057503276142153996
36.83420855213804,1.1113341388187181,-0.08960481140614888,0.7784090909047996,0.7806267806248468,0.9999999999731304,0.05750327614215144
36.85921480370093,1.1090816032075306,-0.09052926878863199,0.7784090909047586,0.7806267806248853,0.9999999999712519,0.057503276142152004
36.884221055263815,1.1068077311641793,-0.0913112468803944,0.778409090904705,0.7806267806249221,0.9999999999692224,0.057503276142155814
36.90922730682671,1.1045160881419704,-0.09195059316946004,0.7784090909046381,0.7806267806249567,0.9999999999670319,0.05750327614216309
36.9342335583896,1.1022102400702392,-0.09244739458645981,0.778409090904557,0.7806267806249894,0.9999999999646707,0.057503276142173966
36.95923980995249,1.099893748067966,-0.09280197217168834,0.7784090909044612,0.78062678062502,0.9999999999621281,0.05750327614218862
36.98424606151538,1.0975701621530904,-0.09301487420243269,0.7784090909043498,0.7806267806250486,0.999999999959394,0.05750327614220721
37.00925231307827,1.0952430159002458,-0.09308687032292991,0.7784090909042222,0.7806267806250751,0.9999999999564577,0.05750327614222994
37.03425856464116,1.0929158211648624,-0.09301894393890973,0.7784090909040771,0.7806267806250993,0.9999999999533092,0.05750327614225709
37.059264816204056,1.0905920620449037,-0.09281228555983839,0.7784090909039139,0.7806267806251211,0.9999999999499382,0.05750327614228885
37.08427106776694,1.0882751912623512,-0.09246828538224894,0.7784090909037314,0.7806267806251408,0.9999999999463347,0.057503276142325366
37.109277319329834,1.0859686233378356,-0.09198852503561113,0.7784090909035289,0.7806267806251579,0.9999999999424898,0.05750327614236699
37.13428357089273,1.0836757315612744,-0.09137477121554466,0.7784090909033053,0.7806267806251725,0.9999999999383946,0.057503276142413906
37.15928982245561,1.081399843144149,-0.09062896656558435,0.7784090909030595,0.7806267806251846,0.9999999999340414,0.05750327614246636
37.184296074018505,1.0791442334045405,-0.08975322217646323,0.7784090909027905,0.780626780625194,0.9999999999294237,0.05750327614252466
37.2093023255814,1.07691212393879,-0.08874981065079121,0.7784090909024973,0.7806267806252006,0.9999999999245359,0.05750327614258896
37.23430857714429,1.0747066773215346,-0.0876211566741272,0.7784090909021788,0.7806267806252043,0.999999999919374,0.05750327614265964
37.259314828707176,1.072530993111662,-0.08636983019704324,0.7784090909018341,0.780626780625205,0.999999999913936,0.05750327614273686
37.28432108027007,1.07038810585194,-0.08499853889335715,0.778409090901462,0.7806267806252026,0.9999999999082214,0.05750327614282088
37.30932733183296,1.0682809798940853,-0.08351011918098468,0.7784090909010619,0.780626780625197,0.9999999999022325,0.05750327614291197
37.33433358339585,1.0662125074178392,-0.0819075302377574,0.7784090909006326,0.780626780625188,0.9999999998959734,0.05750327614301031
37.35933983495874,1.064185505372909,-0.08019384563067086,0.7784090909001735,0.7806267806251755,0.9999999998894513,0.057503276143116164
37.38434608652163,1.0622027120244235,-0.07837224621099717,0.7784090908996839,0.7806267806251596,0.9999999998826758,0.057503276143229594
37.409352338084524,1.0602667853478986,-0.07644601355604808,0.7784090908991633,0.7806267806251398,0.9999999998756602,0.0575032761433509
37.43435858964742,1.0583802996091873,-0.0744185223008382,0.7784090908986111,0.7806267806251161,0.9999999998684204,0.05750327614348011
37.4593648412103,1.0565457439636534,-0.07229323440939356,0.7784090908980271,0.7806267806250886,0.9999999998609757,0.057503276143617346
37.484371092773195,1.0547655196832275,-0.07007369186944222,0.7784090908974113,0.7806267806250569,0.999999999853349,0.05750327614376267
37.50937734433609,1.0530419387550614,-0.0677635113208286,0.7784090908967636,0.780626780625021,0.9999999998455666,0.05750327614391607
37.53438359589897,1.0513772216796229,-0.0653663773790271,0.7784090908960843,0.7806267806249809,0.9999999998376581,0.057503276144077485
37.559389847461865,1.0497734961761898,-0.0628860375844779,0.7784090908953741,0.7806267806249363,0.9999999998296566,0.05750327614424687
37.58439609902476,1.0482327953916961,-0.06032629635529953,0.7784090908946336,0.7806267806248872,0.9999999998215984,0.057503276144424076
37.60940235058765,1.0467570568050248,-0.05769101032851575,0.7784090908938638,0.7806267806248335,0.9999999998135227,0.05750327614460887
37.634408602150536,1.0453481207340634,-0.054984082879346544,0.778409090893066,0.7806267806247752,0.9999999998054717,0.05750327614480099
37.65941485371343,1.0440077294716352,-0.052209459905817976,0.7784090908922419,0.7806267806247122,0.99999999979749,0.05750327614500002
37.68442110527632,1.042737526037705,-0.049371124876117514,0.778409090891393,0.7806267806246445,0.9999999997896243,0.05750327614520572
37.709427356839214,1.0415390535234552,-0.04647309503881851,0.7784090908905218,0.780626780624572,0.9999999997819227,0.057503276145417496
37.7344336084021,1.040413754090463,-0.043519417017298334,0.7784090908896304,0.7806267806244948,0.9999999997744349,0.057503276145634837
37.75943985996499,1.0393629684518584,-0.04051416333776365,0.7784090908887215,0.7806267806244128,0.9999999997672111,0.057503276145857186
37.784446111527885,1.0383879351548244,-0.03746142865685672,0.7784090908877981,0.7806267806243261,0.9999999997603012,0.057503276146083845
37.80945236309078,1.0374897901238367,-0.034365326441179206,0.7784090908868633,0.7806267806242349,0.9999999997537549,0.057503276146314085
37.83445861465366,1.0366695662333574,-0.03122998586817426,0.7784090908859206,0.7806267806241391,0.9999999997476204,0.057503276146547086
37.859464866216555,1.035928192908497,-0.028059548638165947,0.7784090908849736,0.7806267806240389,0.9999999997419443,0.05750327614678207
37.88447111777945,1.035266495909738,-0.024858166350037077,0.778409090884026,0.7806267806239345,0.9999999997367706,0.0575032761470181
37.90947736934234,1.0346851970669924,-0.02162999765395395,0.778409090883082,0.7806267806238261,0.9999999997321398,0.05750327614725427
37.934483620905226,1.034184914159156,-0.018379205746946143,0.7784090908821454,0.7806267806237138,0.9999999997280893,0.05750327614748959
37.95948987246812,1.0337661608357338,-0.015109956007408179,0.7784090908812206,0.7806267806235978,0.9999999997246518,0.05750327614772312
37.98449612403101,1.0334293465740867,-0.011826413581435002,0.7784090908803117,0.7806267806234786,0.9999999997218555,0.057503276147953794
38.0095023755939,1.033174776725915,-0.008532741205384168,0.778409090879423,0.7806267806233562,0.9999999997197231,0.057503276148180626
38.03450862715679,1.0330026526030605,-0.005233097073813405,0.7784090908785586,0.7806267806232311,0.9999999997182721,0.05750327614840264
38.05951487871968,1.0329130716127806,-0.0019316327121945596,0.7784090908777228,0.7806267806231035,0.999999999717514,0.05750327614861876
38.084521130282575,1.0329060274536264,0.0013675090605215097,0.7784090908769196,0.780626780622974,0.9999999997174542,0.05750327614882806
38.10952738184546,1.0329814103578567,0.004660196130447552,0.7784090908761526,0.7806267806228426,0.9999999997180926,0.057503276149029586
38.13453363340835,1.0331390073836981,0.007942309108581088,0.7784090908754259,0.7806267806227101,0.9999999997194222,0.05750327614922237
38.159539884971245,1.0333785027588527,0.011209743336640814,0.7784090908747426,0.7806267806225766,0.9999999997214308,0.05750327614940557
38.18454613653414,1.0336994782745579,0.014458410919823484,0.778409090874106,0.7806267806224426,0.9999999997241005,0.05750327614957845
38.20955238809702,1.0341014137300644,0.017684242782285434,0.7784090908735192,0.7806267806223087,0.9999999997274073,0.05750327614974014
38.234558639659916,1.0345836874281216,0.02088319077872224,0.7784090908729843,0.7806267806221752,0.9999999997313228,0.0575032761498901
38.25956489122281,1.0351455767280848,0.02405122989352257,0.7784090908725038,0.7806267806220425,0.9999999997358139,0.05750327615002764
38.2845711427857,1.035786258654806,0.02718436050223745,0.7784090908720795,0.780626780621911,0.9999999997408431,0.05750327615015226
38.30957739434859,1.0365048105519263,0.03027861067465405,0.7784090908717128,0.7806267806217814,0.9999999997463699,0.05750327615026359
38.33458364591148,1.0373002108149456,0.03333003869450868,0.778409090871405,0.7806267806216539,0.9999999997523503,0.0575032761503612
38.35958989747437,1.0381713396857084,0.036334735646494816,0.7784090908711566,0.7806267806215291,0.9999999997587385,0.057503276150444885
38.384596149037264,1.039116980076017,0.03928882802559931,0.7784090908709681,0.7806267806214072,0.9999999997654868,0.05750327615051447
38.40960240060015,1.0401358185299563,0.042188480736212536,0.7784090908708392,0.7806267806212888,0.9999999997725464,0.05750327615056991
38.43460865216304,1.0412264461937852,0.045029899995226684,0.7784090908707697,0.7806267806211741,0.9999999997798679,0.057503276150611196
38.459614903725935,1.0423873598768927,0.04780933647981405,0.7784090908707587,0.7806267806210635,0.9999999997874025,0.057503276150638404
38.48462115528882,1.0436169632678935,0.0505230888241293,0.7784090908708052,0.7806267806209574,0.999999999795102,0.057503276150651726
38.50962740685171,1.044913568070296,0.05316750686091416,0.7784090908709078,0.7806267806208561,0.9999999998029192,0.057503276150651345
38.534633658414606,1.0462753954587383,0.05573899562287255,0.7784090908710647,0.78062678062076,0.9999999998108086,0.05750327615063766
38.5596399099775,1.0477005773808106,0.058234018942714,0.7784090908712739,0.7806267806206691,0.999999999818727,0.05750327615061102
38.584646161540384,1.0491871581719383,0.06064910370402785,0.7784090908715332,0.7806267806205839,0.9999999998266338,0.057503276150571894
38.60965241310328,1.0507330961467323,0.06298084405030138,0.7784090908718404,0.7806267806205043,0.9999999998344906,0.057503276150520755
38.63465866466617,1.0523362653066788,0.06522590573593491,0.7784090908721928,0.7806267806204308,0.9999999998422624,0.05750327615045814
38.65966491622906,1.0539944572886848,0.06738103099712972,0.7784090908725876,0.7806267806203633,0.9999999998499172,0.05750327615038464
38.68467116779195,1.0557053831681564,0.06944304302256264,0.7784090908730221,0.780626780620302,0.9999999998574263,0.05750327615030083
38.70967741935484,1.0574666757796867,0.071408851410942,0.7784090908734935,0.7806267806202472,0.9999999998647641,0.05750327615020729
38.73468367091773,1.059275891648706,0.07327545681590564,0.7784090908739987,0.7806267806201985,0.9999999998719085,0.05750327615010479
38.759689922480625,1.0611305136813103,0.07503995689599761,0.7784090908745346,0.7806267806201562,0.9999999998788407,0.05750327614999398
38.78469617404351,1.0630279532681772,0.07669955116131894,0.7784090908750985,0.7806267806201205,0.9999999998855449,0.05750327614987541
38.8097024256064,1.0649655533217521,0.0782515473187608,0.7784090908756873,0.780626780620091,0.9999999998920083,0.05750327614974986
38.834708677169296,1.0669405906289862,0.07969336634327785,0.7784090908762981,0.7806267806200679,0.999999999898221,0.05750327614961795
38.85971492873218,1.0689502791442713,0.08102254905676214,0.778409090876928,0.780626780620051,0.999999999904176,0.05750327614948034
38.884721180295074,1.0709917727825917,0.08223676154322007,0.7784090908775744,0.7806267806200402,0.9999999999098687,0.057503276149337694
38.90972743185797,1.0730621686936925,0.08333380159847378,0.7784090908782344,0.7806267806200354,0.9999999999152965,0.0575032761491906
38.93473368342086,1.075158510917126,0.08431160484539625,0.7784090908789056,0.7806267806200367,0.9999999999204595,0.05750327614903968
38.959739934983745,1.0772777931508157,0.08516825043782952,0.7784090908795855,0.7806267806200436,0.9999999999253593,0.057503276148885514
38.98474618654664,1.0794169636507098,0.0859019682340179,0.7784090908802719,0.7806267806200562,0.9999999999299988,0.057503276148728674
39.00975243810953,1.0815729275235475,0.08651114354444156,0.7784090908809624,0.7806267806200742,0.9999999999343832,0.057503276148569656
39.03475868967242,1.0837425521122563,0.08699432480060522,0.778409090881655,0.7806267806200975,0.999999999938518,0.057503276148409
39.05976494123531,1.085922670757607,0.08735022868467798,0.7784090908823479,0.7806267806201258,0.9999999999424105,0.05750327614824715
39.0847711927982,1.0881100855832728,0.08757774551439525,0.7784090908830392,0.780626780620159,0.9999999999460683,0.057503276148084564
39.10977744436109,1.0903015747693576,0.08767594709976323,0.7784090908837275,0.7806267806201967,0.9999999999495,0.05750327614792163
39.134783695923986,1.0924938950713405,0.08764409029885209,0.7784090908844109,0.780626780620239,0.9999999999527145,0.05750327614775876
39.15978994748687,1.0946837863580727,0.0874816232744749,0.7784090908850883,0.7806267806202855,0.9999999999557212,0.05750327614759635
39.184796199049764,1.0968679782768789,0.08718819120335194,0.7784090908857583,0.780626780620336,0.9999999999585295,0.05750327614743468
39.209802450612656,1.0990431931426252,0.08676364020475645,0.77840909088642,0.7806267806203901,0.9999999999611493,0.057503276147274025
39.23480870217555,1.1012061524298051,0.08620802297583627,0.7784090908870722,0.7806267806204478,0.9999999999635902,0.05750327614711476
39.259814953738434,1.1033535818006297,0.08552160243279454,0.7784090908877142,0.7806267806205088,0.999999999965862,0.057503276146956994
39.28482120530133,1.1054822154578916,0.08470485588537473,0.7784090908883451,0.7806267806205729,0.9999999999679738,0.057503276146801036
39.30982745686422,1.1075888030495429,0.08375847859510645,0.7784090908889644,0.7806267806206398,0.9999999999699352,0.057503276146647075
39.334833708427105,1.1096701136838385,0.0826833867030625,0.7784090908895713,0.7806267806207094,0.999999999971755,0.057503276146495266
39.35983995999,1.1117229427094661,0.08148071996053811,0.7784090908901655,0.7806267806207815,0.9999999999734419,0.057503276146345775
39.38484621155289,1.1137441163733952,0.08015184369660654,0.7784090908907465,0.7806267806208559,0.9999999999750044,0.05750327614619874
39.40985246311578,1.11573049823286,0.0786983504239395,0.7784090908913142,0.7806267806209322,0.9999999999764504,0.05750327614605428
39.43485871467867,1.117678994243101,0.07712206077339247,0.7784090908918679,0.7806267806210104,0.9999999999777875,0.05750327614591244
39.45986496624156,1.119586558990737,0.07542502383206541,0.778409090892408,0.7806267806210901,0.999999999979023,0.05750327614577339
39.484871217804454,1.1214502009182907,0.07360951695996404,0.7784090908929339,0.7806267806211715,0.9999999999801636,0.05750327614563716
39.509877469367346,1.123266988501191,0.07167804472919641,0.7784090908934458,0.7806267806212541,0.9999999999812159,0.05750327614550378
39.53488372093023,1.1250340554283265,0.06963333756459071,0.7784090908939436,0.7806267806213378,0.9999999999821858,0.05750327614537329
39.559889972493124,1.126748606704461,0.0674783491867571,0.7784090908944273,0.7806267806214224,0.9999999999830789,0.057503276145245814
39.58489622405602,1.1284079237381575,0.06521625399163675,0.7784090908948971,0.7806267806215078,0.9999999999839005,0.057503276145121275
39.60990247561891,1.1300093702248581,0.06285044301636725,0.7784090908953529,0.780626780621594,0.9999999999846558,0.057503276144999664
39.634908727181795,1.1315503971915755,0.06038451987161208,0.778409090895795,0.7806267806216804,0.999999999985349,0.0575032761448811
39.65991497874469,1.1330285484349152,0.05782229543383876,0.7784090908962235,0.7806267806217674,0.9999999999859845,0.05750327614476549
39.68492123030758,1.1344414656046067,0.0551677820438292,0.7784090908966383,0.7806267806218546,0.9999999999865661,0.05750327614465282
39.70992748187047,1.1357868930556598,0.052425187135288306,0.7784090908970402,0.7806267806219419,0.9999999999870977,0.05750327614454309
39.73493373343336,1.1370626828185784,0.04959890570795085,0.778409090897429,0.7806267806220292,0.9999999999875822,0.0575032761444363
39.75993998499625,1.1382667990147926,0.046693512699540154,0.7784090908978051,0.7806267806221163,0.9999999999880227,0.0575032761443324
39.78494623655914,1.1393973223490448,0.04371375423151599,0.7784090908981685,0.7806267806222031,0.999999999988422,0.05750327614423142
39.80995248812203,1.1404524542828076,0.040664538312045605,0.7784090908985196,0.7806267806222897,0.9999999999887828,0.057503276144133204
39.83495873968492,1.1414305208854696,0.037550925161050124,0.7784090908988587,0.7806267806223759,0.9999999999891072,0.05750327614403783
39.859964991247814,1.1423299765833688,0.03437811658003568,0.778409090899186,0.7806267806224616,0.9999999999893971,0.05750327614394521
39.88497124281071,1.1431494075425839,0.031151444955555597,0.7784090908995016,0.7806267806225466,0.9999999999896546,0.05750327614385532
39.90997749437359,1.1438875347647046,0.02787636182653594,0.7784090908998061,0.7806267806226311,0.9999999999898812,0.057503276143768066
39.934983745936485,1.1445432169486471,0.024558425768061276,0.7784090909000995,0.7806267806227147,0.9999999999900783,0.05750327614368351
39.95998999749938,1.1451154530084953,0.021203289912535898,0.7784090909003822,0.7806267806227977,0.9999999999902471,0.05750327614360149
39.98499624906227,1.145603384261154,0.017816689200714293,0.7784090909006545,0.7806267806228797,0.9999999999903889,0.05750327614352202
40.010002500625156,1.1460062963197695,0.014404427153685912,0.7784090909009165,0.7806267806229608,0.9999999999905044,0.057503276143445074
40.03500875218805,1.1463236206421386,0.010972362385713396,0.7784090909011685,0.7806267806230409,0.9999999999905943,0.057503276143370585
40.06001500375094,1.1465549357341416,0.007526394912775799,0.7784090909014107,0.7806267806231201,0.9999999999906594,0.05750327614329849
40.08502125531383,1.1466999680110606,0.004072452303552488,0.7784090909016435,0.7806267806231982,0.9999999999906999,0.057503276143228754
40.11002750687672,1.1467585923132235,0.0006164756703067485,0.7784090909018668,0.7806267806232753,0.9999999999907163,0.05750327614316139
40.13503375843961,1.1467308320692544,-0.0028355943863257495,0.7784090909020812,0.7806267806233512,0.9999999999907085,0.05750327614309627
40.160040010002504,1.1466168591068924,-0.006277831825926108,0.7784090909022867,0.7806267806234258,0.9999999999906767,0.05750327614303348
40.18504626156539,1.1464169931140493,-0.009704339163585537,0.7784090909024834,0.7806267806234993,0.9999999999906206,0.05750327614297285
40.21005251312828,1.1461317007508478,-0.01310926135205567,0.7784090909026717,0.7806267806235716,0.99999999999054,0.057503276142914395
40.235058764691175,1.1457615944164006,-0.01648679949027081,0.7784090909028517,0.7806267806236427,0.9999999999904343,0.05750327614285812
40.26006501625407,1.145307430675806,-0.01983122429873976,0.7784090909030235,0.7806267806237125,0.9999999999903031,0.05750327614280393
40.28507126781695,1.144770108353303,-0.023136889311936262,0.7784090909031873,0.780626780623781,0.9999999999901457,0.05750327614275184
40.310077519379846,1.144150666302298,-0.026398243726059166,0.7784090909033432,0.7806267806238482,0.9999999999899607,0.05750327614270181
40.33508377094274,1.143450280855142,-0.029609844882192114,0.7784090909034914,0.780626780623914,0.9999999999897475,0.057503276142653825
40.36009002250563,1.1426702629595833,-0.03276637032567257,0.778409090903632,0.7806267806239786,0.9999999999895048,0.057503276142607807
40.385096274068516,1.1418120550386641,-0.03586262930438007,0.778409090903765,0.7806267806240418,0.9999999999892311,0.0575032761425638
40.41010252563141,1.1408772275624717,-0.038893573805944555,0.7784090909038905,0.7806267806241036,0.9999999999889249,0.057503276142521806
40.4351087771943,1.1398674753289304,-0.04185430909717169,0.7784090909040086,0.780626780624164,0.9999999999885842,0.05750327614248178
40.460115028757194,1.1387846135065436,-0.04474010357098932,0.7784090909041194,0.7806267806242231,0.9999999999882072,0.05750327614244371
40.48512128032008,1.1376305734701715,-0.04754639792437997,0.7784090909042228,0.7806267806242808,0.9999999999877918,0.05750327614240754
40.51012753188297,1.136407398350157,-0.05026881388080364,0.778409090904319,0.7806267806243371,0.9999999999873355,0.05750327614237338
40.535133783445865,1.1351172383912964,-0.052903162094750954,0.7784090909044077,0.7806267806243921,0.9999999999868358,0.05750327614234118
40.56014003500876,1.1337623462089639,-0.05544544926413689,0.7784090909044891,0.7806267806244455,0.9999999999862896,0.05750327614231095
40.58514628657164,1.1323450717138115,-0.05789188486474636,0.778409090904563,0.7806267806244975,0.9999999999856941,0.057503276142282705
40.610152538134535,1.1308678570057633,-0.060238886817220914,0.7784090909046294,0.7806267806245482,0.999999999985046,0.057503276142256476
40.63515878969743,1.1293332311596707,-0.06248308656687046,0.7784090909046882,0.7806267806245973,0.9999999999843414,0.05750327614223227
40.66016504126031,1.127743804667029,-0.06462133363904642,0.7784090909047394,0.7806267806246452,0.9999999999835766,0.05750327614221004
40.685171292823206,1.1261022641362517,-0.066650698993053,0.7784090909047827,0.7806267806246914,0.9999999999827476,0.05750327614219
40.7101775443861,1.1244113665618067,-0.06856847823977287,0.7784090909048179,0.7806267806247361,0.9999999999818499,0.0575032761421721
40.73518379594899,1.1226739337230074,-0.07037219366357857,0.778409090904845,0.7806267806247795,0.9999999999808786,0.05750327614215629
40.76019004751188,1.1208928465930206,-0.0720595958246832,0.7784090909048635,0.7806267806248213,0.9999999999798292,0.05750327614214278
40.78519629907477,1.1190710393771146,-0.0736286644696548,0.7784090909048733,0.7806267806248616,0.9999999999786962,0.057503276142131576
40.81020255063766,1.1172114941332263,-0.07507760855408536,0.7784090909048742,0.7806267806249004,0.9999999999774738,0.05750327614212269
40.835208802200555,1.115317234612778,-0.07640486605543638,0.7784090909048657,0.7806267806249376,0.9999999999761566,0.057503276142116276
40.86021505376344,1.1133913210240325,-0.07760910260910116,0.7784090909048474,0.7806267806249733,0.9999999999747384,0.0575032761421124
40.88522130532633,1.1114368438505449,-0.0786892102152449,0.7784090909048192,0.7806267806250073,0.999999999973213,0.0575032761421111
40.910227556889225,1.1094569187489063,-0.07964430468821003,0.7784090909047804,0.7806267806250399,0.9999999999715737,0.05750327614211252
40.93523380845212,1.1074546804260976,-0.08047372330301797,0.7784090909047308,0.7806267806250706,0.9999999999698139,0.05750327614211678
40.960240060015,1.1054332777392113,-0.08117702122788849,0.7784090909046697,0.7806267806250998,0.9999999999679268,0.057503276142123964
40.985246311577896,1.1033958676284379,-0.08175396820249332,0.7784090909045968,0.7806267806251271,0.9999999999659052,0.05750327614213423
41.01025256314079,1.101345610560989,-0.08220454413200824,0.7784090909045113,0.7806267806251528,0.9999999999637423,0.05750327614214766
41.03525881470368,1.0992856644469888,-0.08252893485780649,0.7784090909044128,0.7806267806251767,0.9999999999614309,0.05750327614216441
41.06026506626657,1.0972191805777805,-0.08272752719021485,0.7784090909043008,0.7806267806251986,0.9999999999589642,0.05750327614218464
41.08527131782946,1.095149297502073,-0.0828009036777431,0.7784090909041745,0.7806267806252187,0.9999999999563352,0.05750327614220846
41.11027756939235,1.0930791374122193,-0.08274983754266962,0.7784090909040333,0.7806267806252369,0.9999999999535374,0.0575032761422361
41.13528382095524,1.0910118004007732,-0.0825752863033073,0.7784090909038766,0.7806267806252531,0.9999999999505645,0.057503276142267655
41.16029007251813,1.0889503603920003,-0.08227838671085003,0.7784090909037035,0.7806267806252672,0.9999999999474107,0.05750327614230336
41.18529632408102,1.086897861301121,-0.08186044808164412,0.7784090909035135,0.7806267806252792,0.9999999999440708,0.057503276142343296
41.210302575643915,1.0848573110947977,-0.08132294593196938,0.7784090909033059,0.7806267806252891,0.9999999999405401,0.05750327614238768
41.2353088272068,1.082831679860281,-0.08066751673036507,0.77840909090308,0.7806267806252968,0.9999999999368148,0.057503276142436686
41.26031507876969,1.0808238949082054,-0.07989595000356482,0.7784090909028348,0.780626780625302,0.9999999999328919,0.057503276142490546
41.285321330332586,1.0788368356950173,-0.07901018238578718,0.77840909090257,0.7806267806253049,0.9999999999287699,0.05750327614254933
41.31032758189548,1.076873332519915,-0.0780122920224019,0.7784090909022847,0.7806267806253052,0.999999999924448,0.057503276142613295
41.335333833458364,1.074936161941611,-0.07690449065352847,0.7784090909019783,0.7806267806253031,0.9999999999199272,0.057503276142682525
41.36034008502126,1.073028043113455,-0.07568911785052325,0.7784090909016502,0.7806267806252982,0.9999999999152098,0.05750327614275727
41.38534633658415,1.0711516358457884,-0.07436863481931613,0.7784090909013,0.7806267806252907,0.9999999999102999,0.05750327614283758
41.41035258814704,1.0693095362926093,-0.07294561709652103,0.7784090909009269,0.7806267806252803,0.9999999999052032,0.057503276142923616
41.43535883970993,1.067504275246109,-0.07142274939772575,0.7784090909005308,0.780626780625267,0.9999999998999276,0.0575032761430155
41.46036509127282,1.0657383149379411,-0.0698028184725857,0.7784090909001111,0.7806267806252508,0.9999999998944831,0.057503276143113305
41.48537134283571,1.0640140466245838,-0.06808870761337232,0.7784090908996677,0.7806267806252315,0.9999999998888812,0.057503276143217166
41.5103775943986,1.0623337885117703,-0.06628339053605453,0.7784090908992005,0.780626780625209,0.9999999998831364,0.057503276143327044
41.53538384596149,1.0606997831276894,-0.06438992546900955,0.7784090908987096,0.7806267806251832,0.999999999877265,0.057503276143443006
41.56039009752438,1.059114195784385,-0.06241144984005682,0.7784090908981948,0.7806267806251541,0.9999999998712856,0.05750327614356507
41.585396349087276,1.0575791121598817,-0.06035117438771854,0.7784090908976565,0.7806267806251217,0.9999999998652194,0.05750327614369313
41.61040260065016,1.0560965370066655,-0.058212378329624316,0.7784090908970953,0.7806267806250857,0.9999999998590895,0.05750327614382715
41.635408852213054,1.0546683920740703,-0.055998403784383394,0.7784090908965117,0.7806267806250463,0.999999999852921,0.05750327614396696
41.66041510377595,1.0532965149757683,-0.05371265127363128,0.7784090908959064,0.7806267806250033,0.9999999998467415,0.05750327614411242
41.68542135533884,1.051982657465196,-0.05135857458146094,0.7784090908952803,0.7806267806249567,0.9999999998405802,0.05750327614426337
41.710427606901725,1.0507284844275147,-0.048939676514759015,0.7784090908946347,0.7806267806249064,0.9999999998344676,0.057503276144419524
41.73543385846462,1.049535572503928,-0.04645950428044822,0.7784090908939708,0.7806267806248525,0.9999999998284363,0.0575032761445806
41.76044011002751,1.0484054091743544,-0.043921645428163146,0.7784090908932901,0.7806267806247948,0.9999999998225197,0.05750327614474629
41.7854463615904,1.047339391725105,-0.04132972380197815,0.7784090908925946,0.7806267806247336,0.9999999998167521,0.05750327614491611
41.81045261315329,1.0463388264008333,-0.03868739561414103,0.7784090908918858,0.7806267806246686,0.9999999998111683,0.05750327614508971
41.83545886471618,1.0454049276842807,-0.03599834595145028,0.778409090891166,0.7806267806246001,0.9999999998058029,0.057503276145266624
41.86046511627907,1.0445388175370318,-0.03326628501736679,0.7784090908904373,0.7806267806245281,0.999999999800691,0.05750327614544627
41.885471367841966,1.0437415249119362,-0.030494945045591092,0.7784090908897022,0.7806267806244525,0.9999999997958662,0.057503276145628196
41.91047761940485,1.0430139851537763,-0.02768807686900723,0.7784090908889634,0.7806267806243734,0.9999999997913618,0.0575032761458117
41.935483870967744,1.0423570396302457,-0.02484944698028524,0.7784090908882233,0.7806267806242911,0.9999999997872091,0.057503276145996235
41.960490122530636,1.0417714353598282,-0.021982834591030103,0.7784090908874849,0.7806267806242058,0.9999999997834377,0.057503276146181066
41.98549637409352,1.041257824713383,-0.019092028712920227,0.7784090908867511,0.7806267806241174,0.999999999780075,0.05750327614636551
42.010502625656414,1.0408167652338607,-0.016180825585511496,0.778409090886025,0.7806267806240262,0.9999999997771457,0.05750327614654892
42.03550887721931,1.0404487194642897,-0.013253025977932128,0.7784090908853094,0.7806267806239323,0.9999999997746715,0.057503276146730536
42.0605151287822,1.0401540548726256,-0.010312432654646264,0.7784090908846073,0.7806267806238361,0.9999999997726707,0.05750327614690968
42.085521380345085,1.0399330438394152,-0.0073628479857490384,0.7784090908839221,0.7806267806237376,0.9999999997711584,0.057503276147085496
42.11052763190798,1.0397858636897623,-0.004408071509963244,0.7784090908832564,0.7806267806236371,0.9999999997701458,0.05750327614725741
42.13553388347087,1.0397125967960628,-0.001451897590167422,0.7784090908826133,0.780626780623535,0.99999999976964,0.057503276147424565
42.16054013503376,1.0397132307373849,0.0015018868775497,0.7784090908819958,0.7806267806234315,0.9999999997696444,0.05750327614758632
42.18554638659665,1.0397876585137948,0.004449504748045202,0.7784090908814064,0.7806267806233267,0.9999999997701581,0.057503276147742095
42.21055263815954,1.0399356788186118,0.007387190904086904,0.7784090908808479,0.7806267806232212,0.9999999997711766,0.05750327614789104
42.235558889722434,1.0401569963678878,0.010311194530776377,0.7784090908803227,0.7806267806231151,0.9999999997726907,0.05750327614803267
42.260565141285326,1.0404512222865463,0.013217781399968417,0.778409090879833,0.7806267806230087,0.9999999997746883,0.05750327614816638
42.28557139284821,1.0408178745517083,0.016103236178697664,0.7784090908793809,0.7806267806229025,0.9999999997771531,0.057503276148291635
42.310577644411104,1.041256378493256,0.018963864779119176,0.7784090908789683,0.7806267806227967,0.9999999997800655,0.05750327614840793
42.335583895974,1.041766067359566,0.021795996781225676,0.7784090908785966,0.7806267806226916,0.9999999997834028,0.05750327614851485
42.36059014753689,1.0423461829363672,0.024595987865104897,0.7784090908782673,0.7806267806225877,0.9999999997871398,0.05750327614861202
42.385596399099775,1.0429958762254739,0.027360222325015306,0.7784090908779814,0.7806267806224853,0.9999999997912484,0.05750327614869913
42.41060265066267,1.0437142082064461,0.030085115742513862,0.7784090908777397,0.7806267806223844,0.9999999997956989,0.05750327614877591
42.43560890222556,1.0445001506449019,0.03276711764134724,0.7784090908775427,0.7806267806222857,0.9999999998004596,0.05750327614884223
42.460615153788446,1.0453525869612872,0.03540271424969541,0.778409090877391,0.7806267806221894,0.9999999998054978,0.05750327614889785
42.48562140535134,1.0462703132247626,0.03798843153486919,0.7784090908772842,0.7806267806220957,0.9999999998107798,0.057503276148942795
42.51062765691423,1.0472520391373337,0.04052083807043424,0.7784090908772223,0.780626780622005,0.9999999998162714,0.05750327614897699
42.535633908477124,1.048296389162072,0.042996548261126116,0.7784090908772048,0.7806267806219175,0.9999999998219384,0.057503276149000505
42.56064016004001,1.0494019037329425,0.04541222565857576,0.7784090908772309,0.7806267806218334,0.9999999998277471,0.05750327614901345
42.5856464116029,1.050567040450879,0.04776458617656501,0.7784090908772997,0.7806267806217531,0.9999999998336639,0.057503276149015986
42.610652663165794,1.0517901755544685,0.05005040189775091,0.7784090908774101,0.7806267806216766,0.9999999998396569,0.057503276149008346
42.63565891472869,1.0530696052300115,0.052266504430746874,0.7784090908775607,0.7806267806216042,0.9999999998456948,0.05750327614899073
42.66066516629157,1.0544035472832622,0.05440978899488551,0.77840909087775,0.7806267806215361,0.9999999998517478,0.05750327614896347
42.685671417854465,1.055790142672816,0.056477218164565315,0.7784090908779764,0.7806267806214726,0.9999999998577882,0.05750327614892689
42.71067766941736,1.0572274573029026,0.058465826032479795,0.778409090878238,0.7806267806214136,0.9999999998637901,0.057503276148881385
42.73568392098025,1.058713483865931,0.060372722459368394,0.7784090908785329,0.7806267806213593,0.9999999998697291,0.05750327614882732
42.760690172543136,1.0602461437269677,0.06219509726118721,0.7784090908788592,0.7806267806213097,0.9999999998755833,0.05750327614876519
42.78569642410603,1.061823289102873,0.06393022493114331,0.778409090879215,0.7806267806212651,0.9999999998813328,0.057503276148695326
42.81070267566892,1.0634427050582493,0.06557546888456033,0.7784090908795978,0.7806267806212254,0.9999999998869602,0.057503276148618304
42.835708927231806,1.0651021120123456,0.06712828655793361,0.7784090908800056,0.7806267806211906,0.9999999998924498,0.057503276148534545
42.8607151787947,1.0667991678903064,0.06858623375264872,0.7784090908804365,0.7806267806211609,0.9999999998977882,0.0575032761484445
42.88572143035759,1.0685314709210434,0.0699469699950292,0.778409090880888,0.7806267806211361,0.9999999999029645,0.057503276148348687
42.910727681920484,1.0702965620248601,0.0712082630283892,0.7784090908813582,0.7806267806211162,0.9999999999079692,0.05750327614824759
42.93573393348337,1.072091927798668,0.07236799425913565,0.778409090881845,0.7806267806211012,0.9999999999127949,0.057503276148141706
42.96074018504626,1.0739150033219458,0.07342416352482281,0.7784090908823461,0.7806267806210911,0.9999999999174363,0.057503276148031496
42.985746436609155,1.07576317507713,0.07437489430471873,0.7784090908828596,0.7806267806210857,0.9999999999218894,0.057503276147917476
43.01075268817205,1.0776337845202957,0.07521843903594298,0.7784090908833836,0.7806267806210849,0.9999999999261521,0.05750327614780003
43.03575893973493,1.0795241305655756,0.07595318364727324,0.7784090908839162,0.7806267806210888,0.9999999999302235,0.057503276147679624
43.060765191297826,1.0814314741564657,0.076577653604708,0.7784090908844556,0.7806267806210971,0.999999999934104,0.057503276147556695
43.08577144286072,1.0833530404555785,0.0770905177293873,0.7784090908850002,0.7806267806211098,0.9999999999377953,0.057503276147431615
43.11077769442361,1.0852860236380815,0.07749059436581035,0.7784090908855482,0.7806267806211267,0.9999999999413,0.057503276147304855
43.135783945986496,1.0872275905253257,0.07777685565854571,0.7784090908860982,0.7806267806211477,0.9999999999446214,0.057503276147176714
43.16079019754939,1.0891748829849799,0.07794843165644606,0.7784090908866488,0.7806267806211725,0.9999999999477638,0.057503276147047575
43.18579644911228,1.0911250245433688,0.07800461667545674,0.7784090908871986,0.7806267806212012,0.9999999999507322,0.05750327614691777
43.210802700675174,1.0930751227952178,0.07794487208065001,0.7784090908877463,0.7806267806212334,0.9999999999535318,0.05750327614678763
43.23580895223806,1.0950222732809924,0.07776883101364708,0.7784090908882909,0.780626780621269,0.9999999999561684,0.05750327614665742
43.26081520380095,1.0969635656198151,0.07747630294193202,0.7784090908888314,0.780626780621308,0.9999999999586482,0.05750327614652739
43.285821455363845,1.0988960860976718,0.07706727653543886,0.7784090908893666,0.7806267806213499,0.9999999999609774,0.05750327614639787
43.31082770692673,1.1008169232480731,0.07654192388090061,0.7784090908898957,0.7806267806213949,0.9999999999631626,0.057503276146269065
43.33583395848962,1.102723172598014,0.07590060321244024,0.7784090908904181,0.7806267806214426,0.99999999996521,0.057503276146141126
43.360840210052515,1.1046119402768237,0.07514386184926483,0.778409090890933,0.780626780621493,0.9999999999671266,0.05750327614601428
43.38584646161541,1.106480349212646,0.07427243872191008,0.7784090908914398,0.7806267806215458,0.9999999999689186,0.05750327614588872
43.41085271317829,1.1083255426551433,0.07328726631409392,0.778409090891938,0.7806267806216007,0.9999999999705924,0.05750327614576461
43.435858964741186,1.1101446900236323,0.07218947242333533,0.7784090908924269,0.7806267806216579,0.9999999999721543,0.05750327614564209
43.46086521630408,1.1119349911063026,0.07098038128133403,0.7784090908929064,0.780626780621717,0.9999999999736103,0.05750327614552125
43.48587146786697,1.1136936814724145,0.06966151435804016,0.7784090908933761,0.7806267806217778,0.9999999999749666,0.057503276145402196
43.51087771942986,1.115418037052332,0.06823459058154731,0.7784090908938355,0.7806267806218403,0.9999999999762287,0.05750327614528511
43.53588397099275,1.1171053793624426,0.06670152609501795,0.7784090908942846,0.7806267806219042,0.9999999999774021,0.05750327614517004
43.56089022255564,1.1187530801565209,0.06506443351652623,0.778409090894723,0.7806267806219694,0.9999999999784919,0.05750327614505704
43.585896474118535,1.1203585666101865,0.06332562053916338,0.7784090908951506,0.7806267806220358,0.9999999999795033,0.057503276144946165
43.61090272568142,1.121919325858973,0.061487588215454206,0.7784090908955675,0.7806267806221033,0.9999999999804409,0.05750327614483751
43.63590897724431,1.1234329101539031,0.059553028303895666,0.7784090908959737,0.7806267806221716,0.9999999999813092,0.057503276144731066
43.660915228807205,1.1248969412264749,0.05752482055037137,0.7784090908963688,0.7806267806222407,0.9999999999821123,0.05750327614462696
43.6859214803701,1.1263091153063434,0.055406028775264085,0.778409090896753,0.7806267806223105,0.9999999999828543,0.057503276144525065
43.71092773193298,1.1276672073559408,0.05319989703637047,0.7784090908971265,0.7806267806223808,0.9999999999835388,0.0575032761444255
43.735933983495876,1.12896907575108,0.05090984461946161,0.7784090908974891,0.7806267806224515,0.9999999999841693,0.057503276144328305
43.76094023505877,1.1302126664840455,0.048539460843053016,0.778409090897841,0.7806267806225226,0.9999999999847491,0.057503276144233416
43.785946486621654,1.1313960173312072,0.04609249920067749,0.7784090908981824,0.7806267806225937,0.999999999985281,0.057503276144140865
43.81095273818455,1.132517261988467,0.04357287070536147,0.7784090908985132,0.7806267806226651,0.9999999999857678,0.057503276144050645
43.83595898974744,1.1335746337768213,0.040984637142507725,0.7784090908988337,0.7806267806227365,0.9999999999862121,0.05750327614396272
43.86096524131033,1.1345664694332407,0.03833200332395192,0.7784090908991439,0.7806267806228078,0.9999999999866165,0.05750327614387715
43.88597149287322,1.1354912125496834,0.035619309076970085,0.778409090899444,0.7806267806228788,0.9999999999869826,0.0575032761437939
43.91097774443611,1.1363474168090473,0.03285102080478054,0.7784090908997343,0.7806267806229498,0.9999999999873127,0.057503276143712874
43.935983995999,1.1371337491023574,0.030031722297392958,0.7784090909000149,0.7806267806230203,0.9999999999876086,0.057503276143634124
43.960990247561895,1.1378489923047275,0.027166105375720312,0.7784090909002858,0.7806267806230904,0.9999999999878716,0.057503276143557616
43.98599649912478,1.1384920478527225,0.024258960062250506,0.7784090909005473,0.7806267806231602,0.9999999999881033,0.0575032761434833
44.01100275068767,1.139061938097978,0.021315164248220594,0.7784090909007997,0.7806267806232293,0.9999999999883049,0.057503276143411185
44.036009002250566,1.1395578083581661,0.01833967315591015,0.7784090909010429,0.780626780623298,0.9999999999884777,0.05750327614334121
44.06101525381346,1.1399789287096544,0.015337508508247576,0.7784090909012774,0.7806267806233661,0.9999999999886223,0.057503276143273344
44.086021505376344,1.1403246955215973,0.012313747356274008,0.7784090909015032,0.7806267806234334,0.9999999999887397,0.05750327614320761
44.11102775693924,1.1405946326970107,0.009273510711059738,0.7784090909017204,0.7806267806234999,0.9999999999888305,0.057503276143143996
44.13603400850213,1.1407883926247553,0.00622195204469079,0.7784090909019293,0.7806267806235657,0.9999999999888953,0.05750327614308236
44.161040260065015,1.1409057568465246,0.0031642456418730447,0.7784090909021301,0.7806267806236308,0.9999999999889343,0.05750327614302275
44.18604651162791,1.1409466364317742,0.0001055748489213245,0.7784090909023227,0.780626780623695,0.999999999988948,0.05750327614296514
44.2110527631908,1.1409110720569173,-0.002948879705134625,0.7784090909025074,0.7806267806237581,0.9999999999889361,0.057503276142909544
44.23605901475369,1.1407992337896464,-0.005993951866863065,0.7784090909026845,0.7806267806238205,0.9999999999888989,0.057503276142855844
44.26106526631658,1.1406114205807096,-0.009024501674806387,0.7784090909028539,0.7806267806238819,0.9999999999888362,0.05750327614280408
44.28607151787947,1.1403480594634738,-0.012035426970984127,0.778409090903016,0.7806267806239423,0.9999999999887477,0.05750327614275418
44.31107776944236,1.1400097044647004,-0.015021674867334415,0.7784090909031706,0.7806267806240016,0.9999999999886329,0.05750327614270622
44.336084021005256,1.1395970352309193,-0.01797825301951849,0.778409090903318,0.7806267806240601,0.9999999999884912,0.05750327614266003
44.36109027256814,1.1391108553770408,-0.02090024066258549,0.7784090909034582,0.7806267806241174,0.9999999999883221,0.057503276142615745
44.386096524131034,1.138552090561923,-0.023782799380064192,0.7784090909035916,0.7806267806241738,0.9999999999881247,0.05750327614257318
44.41110277569393,1.1379217862916386,-0.026621183581945602,0.7784090909037179,0.780626780624229,0.999999999987898,0.05750327614253249
44.43610902725682,1.1372211054763088,-0.02941075057185897,0.7784090909038374,0.780626780624283,0.999999999987641,0.057503276142493585
44.461115278819705,1.136451325738939,-0.032146970245026246,0.7784090909039499,0.780626780624336,0.9999999999873522,0.05750327614245645
44.4861215303826,1.1356138364807271,-0.03482543440666103,0.7784090909040557,0.7806267806243878,0.9999999999870304,0.05750327614242111
44.51112778194549,1.134710135702176,-0.03744186565045207,0.7784090909041548,0.7806267806244385,0.999999999986674,0.05750327614238755
44.53613403350838,1.1337418266572743,-0.03999212561525329,0.778409090904247,0.7806267806244881,0.9999999999862812,0.05750327614235574
44.56114028507127,1.1327106142745165,-0.04247222289115322,0.7784090909043326,0.7806267806245365,0.9999999999858502,0.05750327614232568
44.58614653663416,1.131618301342991,-0.04487832043500027,0.7784090909044115,0.7806267806245836,0.9999999999853788,0.05750327614229746
44.61115278819705,1.1304667846310978,-0.047206742191336824,0.7784090909044836,0.7806267806246296,0.9999999999848649,0.05750327614227095
44.63615903975994,1.1292580507596728,-0.049453979427168684,0.7784090909045488,0.7806267806246744,0.999999999984306,0.057503276142246304
44.66116529132283,1.12799417188993,-0.05161669643747279,0.7784090909046072,0.7806267806247179,0.9999999999836995,0.05750327614222346
44.686171542885724,1.1266773014458686,-0.05369173543595138,0.7784090909046586,0.7806267806247602,0.9999999999830427,0.05750327614220244
44.711177794448616,1.125309669493146,-0.05567612127620745,0.7784090909047029,0.7806267806248013,0.9999999999823324,0.05750327614218334
44.7361840460115,1.1238935781751915,-0.05756706518859771,0.7784090909047401,0.7806267806248411,0.9999999999815656,0.05750327614216605
44.761190297574394,1.1224313970631419,-0.059361968130413195,0.77840909090477,0.7806267806248797,0.9999999999807391,0.05750327614215073
44.78619654913729,1.1209255582099884,-0.06105842363732158,0.7784090909047923,0.780626780624917,0.999999999979849,0.05750327614213739
44.81120280070018,1.1193785515515269,-0.06265421974039995,0.7784090909048069,0.7806267806249529,0.9999999999788918,0.05750327614212604
44.836209052263065,1.1177929197455514,-0.06414734085742603,0.7784090909048137,0.7806267806249876,0.9999999999778634,0.05750327614211676
44.86121530382596,1.1161712535083197,-0.06553596850304698,0.7784090909048125,0.780626780625021,0.9999999999767598,0.05750327614210956
44.88622155538885,1.114516186479065,-0.06681848207592313,0.7784090909048029,0.780626780625053,0.9999999999755768,0.057503276142104556
44.91122780695174,1.1128303903749994,-0.0679934585637159,0.7784090909047847,0.7806267806250835,0.9999999999743098,0.057503276142101795
44.93623405851463,1.1111165700594423,-0.06905967221219854,0.7784090909047576,0.7806267806251127,0.9999999999729544,0.057503276142101364
44.96124031007752,1.1093774585146525,-0.07001609330744728,0.7784090909047213,0.7806267806251405,0.9999999999715059,0.05750327614210328
44.986246561640414,1.1076158121525104,-0.07086188684934526,0.7784090909046756,0.7806267806251669,0.9999999999699595,0.057503276142107616
45.011252813203306,1.105834405705914,-0.07159641042978493,0.7784090909046198,0.7806267806251918,0.9999999999683105,0.0575032761421146
45.03625906476619,1.1040360277458676,-0.07221921208559287,0.7784090909045539,0.7806267806252152,0.9999999999665536,0.057503276142124124
45.061265316329084,1.102223475642305,-0.0727300272847392,0.7784090909044772,0.7806267806252369,0.9999999999646847,0.057503276142136475
45.08627156789198,1.100399551180669,-0.07312877614023891,0.7784090909043895,0.7806267806252573,0.9999999999626985,0.05750327614215162
45.11127781945486,1.0985670558418452,-0.07341555955747397,0.7784090909042902,0.780626780625276,0.9999999999605904,0.0575032761421697
45.136284071017755,1.0967287862470378,-0.07359065590585367,0.778409090904179,0.7806267806252931,0.999999999958356,0.05750327614219082
45.16129032258065,1.0948875301909549,-0.07365451655506475,0.7784090909040553,0.7806267806253084,0.999999999955991,0.05750327614221518
45.18629657414354,1.0930460615282842,-0.07360776186489215,0.7784090909039187,0.7806267806253221,0.9999999999534912,0.05750327614224276
45.211302825706426,1.0912071372639733,-0.07345117663594114,0.7784090909037688,0.7806267806253341,0.9999999999508534,0.05750327614227373
45.23630907726932,1.0893734920274916,-0.07318570495507261,0.7784090909036049,0.7806267806253441,0.9999999999480742,0.05750327614230829
45.26131532883221,1.0875478352625725,-0.07281244609084796,0.7784090909034266,0.7806267806253523,0.9999999999451509,0.05750327614234647
45.286321580395104,1.085732847469813,-0.07233264870118762,0.7784090909032334,0.7806267806253586,0.9999999999420816,0.05750327614238842
45.31132783195799,1.0839311750594087,-0.0717477057359564,0.7784090909030249,0.780626780625363,0.9999999999388649,0.05750327614243423
45.33633408352088,1.0821454287071113,-0.07105914991384166,0.7784090909028005,0.7806267806253652,0.9999999999355005,0.057503276142484086
45.361340335083774,1.0803781789906375,-0.07026864731830541,0.77840909090256,0.7806267806253654,0.9999999999319886,0.057503276142538015
45.38634658664667,1.0786319526590102,-0.06937799262071974,0.7784090909023028,0.7806267806253635,0.9999999999283307,0.05750327614259616
45.41135283820955,1.0769092307521397,-0.06838910379306086,0.7784090909020285,0.7806267806253594,0.9999999999245293,0.057503276142658676
45.436359089772445,1.0752124443206788,-0.06730401596903574,0.7784090909017367,0.7806267806253528,0.9999999999205882,0.05750327614272563
45.46136534133534,1.0735439723974012,-0.06612487690023765,0.7784090909014272,0.7806267806253441,0.9999999999165121,0.05750327614279706
45.48637159289822,1.0719061389431657,-0.06485394085000706,0.7784090909010998,0.7806267806253329,0.9999999999123075,0.05750327614287305
45.511377844461116,1.0703012100398146,-0.06349356356204484,0.7784090909007542,0.7806267806253193,0.9999999999079819,0.05750327614295365
45.53638409602401,1.068731392015821,-0.06204619709131817,0.7784090909003903,0.7806267806253031,0.9999999999035447,0.05750327614303894
45.5613903475869,1.0671988283478695,-0.06051438413923899,0.7784090909000082,0.7806267806252843,0.9999999998990065,0.05750327614312891
45.586396599149786,1.0657055981949553,-0.05890075352151497,0.7784090908996079,0.780626780625263,0.9999999998943794,0.05750327614322354
45.61140285071268,1.0642537136618462,-0.05720801449087837,0.7784090908991893,0.780626780625239,0.9999999998896774,0.05750327614332283
45.63640910227557,1.0628451183953145,-0.055438952442708474,0.7784090908987531,0.7806267806252123,0.9999999998849154,0.057503276143426714
45.661415353838464,1.0614816852824411,-0.05359642349712191,0.7784090908982993,0.7806267806251826,0.9999999998801105,0.05750327614353519
45.68642160540135,1.0601652151314527,-0.051683350368143845,0.7784090908978286,0.7806267806251503,0.9999999998752809,0.05750327614364809
45.71142785696424,1.0588974347221134,-0.04970271727198135,0.7784090908973416,0.780626780625115,0.999999999870446,0.0575032761437653
45.736434108527135,1.0576799956310972,-0.04765756598106201,0.778409090896839,0.780626780625077,0.9999999998656268,0.05750327614388663
45.76144036009003,1.0565144725641846,-0.04555099106088648,0.7784090908963216,0.7806267806250359,0.9999999998608452,0.05750327614401196
45.78644661165291,1.0554023623496533,-0.043386136132512305,0.7784090908957905,0.780626780624992,0.9999999998561242,0.057503276144140976
45.811452863215806,1.0543450825244698,-0.04116618944601612,0.7784090908952467,0.7806267806249452,0.9999999998514876,0.05750327614427351
45.8364591147787,1.0533439704745835,-0.038894380330839674,0.7784090908946916,0.7806267806248953,0.9999999998469595,0.057503276144409234
45.86146536634159,1.0524002822898024,-0.036573975163209066,0.7784090908941264,0.7806267806248428,0.999999999842565,0.05750327614454787
45.886471617904476,1.0515151919951424,-0.0342082739026514,0.7784090908935528,0.7806267806247873,0.9999999998383287,0.05750327614468901
45.91147786946737,1.0506897907012047,-0.03180060654407605,0.7784090908929724,0.7806267806247291,0.9999999998342755,0.05750327614483232
45.93648412103026,1.0499250858941953,-0.02935432966588996,0.778409090892387,0.7806267806246682,0.9999999998304295,0.05750327614497735
45.96149037259315,1.0492220008558781,-0.02687282333412685,0.7784090908917983,0.7806267806246044,0.9999999998268149,0.057503276145123725
45.98649662415604,1.048581374051324,-0.024359487753297337,0.7784090908912085,0.7806267806245383,0.9999999998234543,0.05750327614527094
46.01150287571893,1.0480039587245509,-0.021817740403771796,0.7784090908906195,0.7806267806244696,0.9999999998203695,0.05750327614541849
46.036509127281825,1.0474904224662984,-0.019251013012086284,0.7784090908900334,0.7806267806243985,0.9999999998175806,0.05750327614556593
46.06151537884471,1.0470413468988997,-0.016662748678516484,0.7784090908894525,0.7806267806243251,0.9999999998151063,0.05750327614571275
46.0865216304076,1.046657227444006,-0.01405639920854635,0.778409090888879,0.7806267806242496,0.9999999998129634,0.05750327614585836
46.111527881970495,1.046338473117912,-0.01143542233713445,0.778409090888315,0.7806267806241722,0.9999999998111663,0.05750327614600225
46.13653413353339,1.046085406425587,-0.008803279123544106,0.7784090908877628,0.7806267806240932,0.9999999998097271,0.05750327614614388
46.161540385096274,1.0458982633125717,-0.006163431426586825,0.7784090908872247,0.7806267806240124,0.999999999808656,0.057503276146282756
46.186546636659166,1.0457771931702173,-0.0035193393479298514,0.7784090908867026,0.7806267806239303,0.9999999998079596,0.05750327614641829
46.21155288822206,1.045722258913648,-0.0008744587568449818,0.7784090908861991,0.7806267806238469,0.999999999807643,0.057503276146549966
46.23655913978495,1.0457334371185754,0.0017677611463516388,0.7784090908857161,0.7806267806237626,0.9999999998077074,0.05750327614667724
46.26156539134784,1.0458106182177702,0.004403880263720128,0.7784090908852555,0.7806267806236775,0.9999999998081521,0.05750327614679966
46.28657164291073,1.0459536067590665,0.007030470024026512,0.7784090908848191,0.7806267806235919,0.9999999998089734,0.05750327614691675
46.31157789447362,1.0461621217239467,0.009644115802965415,0.7784090908844089,0.780626780623506,0.9999999998101645,0.05750327614702806
46.336584146036515,1.0464357969067763,0.012241419350632976,0.7784090908840264,0.78062678062342,0.9999999998117168,0.05750327614713317
46.3615903975994,1.0467741813540439,0.014819001235315408,0.7784090908836733,0.7806267806233342,0.9999999998136184,0.05750327614723161
46.38659664916229,1.0471767398657188,0.017373503323723612,0.7784090908833505,0.7806267806232489,0.9999999998158557,0.05750327614732316
46.411602900725185,1.0476428535634306,0.01990159131061965,0.7784090908830594,0.7806267806231643,0.9999999998184128,0.057503276147407426
46.43660915228807,1.048171820511674,0.022399957235621548,0.778409090882801,0.7806267806230806,0.9999999998212717,0.05750327614748417
46.46161540385096,1.0487628564081741,0.024865322101187033,0.778409090882576,0.780626780622998,0.9999999998244129,0.05750327614755314
46.486621655413856,1.0494150953556207,0.027294438593434403,0.7784090908823852,0.7806267806229169,0.9999999998278152,0.05750327614761413
46.51162790697675,1.0501275906701273,0.029684093737815262,0.7784090908822288,0.7806267806228375,0.9999999998314566,0.05750327614766699
46.536634158539634,1.0508993157758408,0.03203111172750133,0.7784090908821071,0.78062678062276,0.9999999998353137,0.057503276147711654
46.56164041010253,1.051729165198689,0.034332356889078146,0.7784090908820201,0.7806267806226846,0.9999999998393632,0.05750327614774804
46.58664666166542,1.0526159555580274,0.036584736500701695,0.7784090908819677,0.7806267806226117,0.9999999998435803,0.0575032761477761
46.61165291322831,1.0535584267225295,0.03878520398520759,0.7784090908819497,0.7806267806225413,0.999999999847941,0.05750327614779592
46.6366591647912,1.0545552429909177,0.0409307620092328,0.7784090908819654,0.7806267806224736,0.9999999998524209,0.05750327614780754
46.66166541635409,1.055604994328081,0.04301846564718179,0.7784090908820143,0.7806267806224089,0.9999999998569962,0.05750327614781106
46.68667166791698,1.056706197803357,0.045045425912600356,0.7784090908820955,0.7806267806223471,0.9999999998616433,0.05750327614780664
46.711677919479875,1.0578572989060167,0.04700881291579314,0.7784090908822081,0.7806267806222887,0.9999999998663396,0.05750327614779444
46.73668417104276,1.059056673214877,0.04890585969692955,0.7784090908823511,0.7806267806222337,0.9999999998710634,0.05750327614777467
46.76169042260565,1.0603026278676555,0.05073386556288688,0.7784090908825232,0.7806267806221822,0.9999999998757938,0.057503276147747584
46.786696674168546,1.0615934033931496,0.05249020003065036,0.7784090908827233,0.7806267806221343,0.9999999998805116,0.05750327614771338
46.81170292573143,1.0629271754238887,0.05417230649474064,0.7784090908829497,0.7806267806220901,0.9999999998851983,0.05750327614767242
46.836709177294324,1.064302056635445,0.05577770616173902,0.7784090908832014,0.7806267806220497,0.9999999998898372,0.057503276147625
46.86171542885722,1.0657160987466743,0.057304002069023204,0.7784090908834767,0.7806267806220132,0.9999999998944127,0.057503276147571405
46.88672168042011,1.0671672945671808,0.05874888300650287,0.778409090883774,0.7806267806219805,0.9999999998989109,0.05750327614751195
46.911727931982995,1.0686535802776855,0.06011012780887849,0.7784090908840918,0.7806267806219519,0.9999999999033193,0.05750327614744704
46.93673418354589,1.070172837626949,0.06138560930634337,0.7784090908844284,0.780626780621927,0.9999999999076269,0.05750327614737707
46.96174043510878,1.0717228964436234,0.06257329876699624,0.7784090908847825,0.7806267806219063,0.9999999999118241,0.057503276147302246
46.98674668667167,1.073301537069599,0.06367126994466495,0.7784090908851522,0.7806267806218893,0.9999999999159026,0.05750327614722306
47.01175293823456,1.0749064929874823,0.06467770348990573,0.778409090885536,0.7806267806218763,0.9999999999198559,0.057503276147139834
47.03675918979745,1.0765354536655394,0.06559089122533689,0.7784090908859324,0.7806267806218672,0.9999999999236783,0.05750327614705291
47.06176544136034,1.078186067075573,0.06640924025098012,0.7784090908863398,0.7806267806218617,0.9999999999273655,0.057503276146962684
47.086771692923236,1.0798559432026043,0.067131277621072,0.7784090908867566,0.7806267806218603,0.9999999999309146,0.05750327614686945
47.11177794448612,1.0815426562362627,0.06775565389263469,0.7784090908871816,0.7806267806218623,0.9999999999343234,0.05750327614677361
47.136784196049014,1.083243748803571,0.06828114821247197,0.7784090908876133,0.780626780621868,0.999999999937591,0.057503276146675456
47.16179044761191,1.0849567341116235,0.06870667141033979,0.7784090908880503,0.7806267806218773,0.9999999999407172,0.05750327614657527
47.1867966991748,1.086679100053361,0.0690312708441238,0.7784090908884914,0.7806267806218898,0.9999999999437026,0.057503276146473485
47.211802950737685,1.088408312890241,0.06925413409414358,0.7784090908889354,0.7806267806219058,0.9999999999465486,0.05750327614637024
47.23680920230058,1.0901418191611942,0.06937459193305685,0.7784090908893812,0.7806267806219249,0.9999999999492574,0.05750327614626592
47.26181545386347,1.091877051641623,0.06939212347569906,0.7784090908898275,0.7806267806219472,0.9999999999518312,0.057503276146160756
47.286821705426355,1.0936114318890169,0.06930635844517784,0.7784090908902733,0.7806267806219724,0.9999999999542735,0.05750327614605504
47.31182795698925,1.0953423732743608,0.0691170805457535,0.778409090890718,0.7806267806220005,0.9999999999565874,0.05750327614594896
47.33683420855214,1.097067286657215,0.06882423112805879,0.7784090908911604,0.7806267806220313,0.9999999999587768,0.05750327614584278
47.36184046011503,1.0987835829129595,0.06842791128216383,0.7784090908915998,0.7806267806220646,0.9999999999608455,0.0575032761457367
47.38684671167792,1.1004886774074925,0.06792838484799553,0.7784090908920355,0.7806267806221004,0.999999999962798,0.0575032761456309
47.41185296324081,1.102179994700393,0.06732608049924652,0.7784090908924666,0.7806267806221386,0.9999999999646385,0.05750327614552559
47.436859214803704,1.1038549714498684,0.06662159368157755,0.7784090908928928,0.7806267806221789,0.9999999999663716,0.05750327614542092
47.461865466366596,1.1055110619105823,0.06581568835056004,0.7784090908933133,0.7806267806222214,0.9999999999680015,0.057503276145317035
47.48687171792948,1.1071457411450767,0.0649092981577577,0.7784090908937278,0.7806267806222658,0.9999999999695328,0.05750327614521407
47.511877969492375,1.1087565099415353,0.06390352747711414,0.7784090908941357,0.7806267806223119,0.9999999999709701,0.05750327614511218
47.53688422105527,1.1103408987184422,0.06279965187507136,0.7784090908945366,0.7806267806223598,0.9999999999723177,0.05750327614501149
47.56189047261816,1.1118964719878766,0.061599118341937376,0.7784090908949303,0.7806267806224091,0.9999999999735798,0.05750327614491212
47.586896724181045,1.1134208325674178,0.06030354496086824,0.7784090908953163,0.7806267806224599,0.9999999999747609,0.05750327614481408
47.61190297574394,1.1149116258822638,0.058914720284586816,0.7784090908956945,0.7806267806225121,0.9999999999758648,0.057503276144717515
47.63690922730683,1.116366544177226,0.05743460217156552,0.7784090908960647,0.7806267806225654,0.9999999999768956,0.057503276144622514
47.66191547886972,1.1177833308069849,0.055865316208607796,0.7784090908964266,0.7806267806226197,0.999999999977857,0.05750327614452913
47.68692173043261,1.1191597842750456,0.05420915373415005,0.7784090908967801,0.7806267806226751,0.9999999999787528,0.05750327614443737
47.7119279819955,1.1204937625394262,0.05246856920696064,0.7784090908971252,0.7806267806227313,0.9999999999795863,0.05750327614434736
47.736934233558394,1.1217831868121804,0.050646177435431275,0.7784090908974617,0.7806267806227881,0.9999999999803608,0.057503276144259104
47.76194048512128,1.123026045802085,0.048744749863489874,0.7784090908977895,0.7806267806228456,0.9999999999810796,0.057503276144172666
47.78694673668417,1.1242203993077489,0.04676721094787569,0.7784090908981088,0.7806267806229037,0.9999999999817455,0.05750327614408801
47.811952988247064,1.1253643822295207,0.04471663347724521,0.7784090908984195,0.7806267806229622,0.9999999999823614,0.05750327614400519
47.83695923980996,1.1264562080515617,0.0425962339208159,0.7784090908987213,0.780626780623021,0.9999999999829298,0.05750327614392427
47.86196549137284,1.1274941724356127,0.04040936702979345,0.7784090908990148,0.7806267806230801,0.9999999999834531,0.05750327614384518
47.886971742935735,1.1284766566436346,0.038159519974825216,0.7784090908992995,0.7806267806231394,0.9999999999839337,0.057503276143768
47.91197799449863,1.1294021306708617,0.035850306330984134,0.7784090908995759,0.7806267806231988,0.9999999999843736,0.0575032761436927
47.93698424606152,1.1302691564342873,0.03348545922081803,0.7784090908998438,0.7806267806232582,0.9999999999847748,0.05750327614361926
47.961990497624406,1.1310763906064358,0.031068824391873914,0.7784090909001034,0.7806267806233176,0.9999999999851392,0.057503276143547735
47.9869967491873,1.1318225873436867,0.028604352799859036,0.7784090909003547,0.7806267806233768,0.9999999999854681,0.05750327614347807
48.01200300075019,1.1325066008644062,0.02609609266124046,0.7784090909005978,0.7806267806234358,0.9999999999857633,0.05750327614341027
48.037009252313084,1.133127387731201,0.02354818144078929,0.7784090909008331,0.7806267806234947,0.999999999986026,0.0575032761433443
48.06201550387597,1.133684008994127,0.020964837353400045,0.7784090909010603,0.7806267806235531,0.9999999999862574,0.05750327614328024
48.08702175543886,1.134175632116039,0.01835035052674814,0.7784090909012797,0.7806267806236111,0.9999999999864586,0.057503276143218006
48.112028007001754,1.1346015326394738,0.015709074052248154,0.7784090909014915,0.7806267806236689,0.9999999999866305,0.05750327614315756
48.13703425856464,1.1349610956493228,0.01304541473324602,0.7784090909016955,0.780626780623726,0.9999999999867739,0.05750327614309895
48.16204051012753,1.1352538170046194,0.010363823602802368,0.7784090909018923,0.7806267806237828,0.9999999999868896,0.057503276143042105
48.187046761690425,1.1354793043219766,0.007668786303644259,0.7784090909020815,0.7806267806238388,0.999999999986978,0.05750327614298707
48.21205301325332,1.1356372777169428,0.004964813376693798,0.7784090909022636,0.7806267806238945,0.9999999999870395,0.057503276142933754
48.2370592648162,1.1357275703054928,0.002256430411132175,0.7784090909024385,0.7806267806239494,0.9999999999870746,0.057503276142882226
48.262065516379096,1.1357501284571538,-0.00045183185160597235,0.7784090909026063,0.7806267806240036,0.9999999999870833,0.057503276142832405
48.28707176794199,1.135705011799497,-0.00315544743679321,0.7784090909027673,0.7806267806240571,0.9999999999870659,0.05750327614278429
48.31207801950488,1.1355923929748302,-0.0058499050235598735,0.7784090909029215,0.78062678062411,0.999999999987022,0.05750327614273786
48.337084271067766,1.135412557150879,-0.00853071779409197,0.778409090903069,0.7806267806241619,0.9999999999869519,0.05750327614269315
48.36209052263066,1.1351659012857247,-0.011193433188346449,0.7784090909032098,0.7806267806242131,0.999999999986855,0.05750327614265009
48.38709677419355,1.134852933150258,-0.01383364253282766,0.7784090909033439,0.7806267806242635,0.999999999986731,0.0575032761426087
48.412103025756444,1.1344742701123598,-0.0164469905053813,0.7784090909034717,0.7806267806243131,0.9999999999865794,0.057503276142568914
48.43710927731933,1.134030637687568,-0.01902918440554256,0.778409090903593,0.7806267806243617,0.9999999999863995,0.05750327614253081
48.46211552888222,1.1335228678571914,-0.021576003215014034,0.778409090903708,0.7806267806244096,0.9999999999861908,0.057503276142494265
48.487121780445115,1.1329518971636219,-0.024083306385958552,0.7784090909038167,0.7806267806244565,0.9999999999859522,0.057503276142459384
48.51212803200801,1.1323187645963875,-0.026547042308962192,0.7784090909039191,0.7806267806245024,0.9999999999856828,0.05750327614242614
48.53713428357089,1.1316246092689661,-0.028963256497148954,0.7784090909040151,0.7806267806245474,0.9999999999853816,0.05750327614239452
48.562140535133786,1.1308706678744271,-0.03132809947924628,0.778409090904105,0.7806267806245915,0.9999999999850472,0.05750327614236447
48.58714678669668,1.1300582719759547,-0.03363783421381006,0.7784090909041887,0.7806267806246345,0.9999999999846783,0.05750327614233602
48.612153038259564,1.1291888451220133,-0.03588884313914408,0.7784090909042662,0.7806267806246766,0.9999999999842734,0.05750327614230923
48.637159289822456,1.1282638997423613,-0.03807763494122336,0.7784090909043374,0.7806267806247177,0.9999999999838309,0.05750327614228408
48.66216554138535,1.1272850339225025,-0.04020085073316349,0.7784090909044025,0.7806267806247578,0.999999999983349,0.05750327614226048
48.68717179294824,1.12625392805728,-0.04225526980167435,0.778409090904461,0.7806267806247968,0.999999999982826,0.05750327614223862
48.71217804451113,1.1251723412526566,-0.04423781511074794,0.7784090909045134,0.7806267806248348,0.9999999999822595,0.05750327614221837
48.73718429607402,1.1240421077329927,-0.04614555802238441,0.7784090909045592,0.7806267806248717,0.9999999999816476,0.05750327614219981
48.76219054763691,1.1228651330801296,-0.04797572276301279,0.7784090909045985,0.7806267806249075,0.9999999999809881,0.05750327614218298
48.787196799199805,1.121643390267553,-0.04972569045080634,0.7784090909046313,0.7806267806249423,0.9999999999802782,0.05750327614216784
48.81220305076269,1.1203789158432533,-0.05139300233881922,0.7784090909046573,0.7806267806249759,0.9999999999795157,0.05750327614215448
48.83720930232558,1.119073805731566,-0.05297536303758018,0.7784090909046765,0.7806267806250085,0.9999999999786979,0.05750327614214289
48.862215553888475,1.1177302112250342,-0.054470642792739846,0.7784090909046887,0.7806267806250399,0.9999999999778217,0.05750327614213313
48.88722180545137,1.116350334799307,-0.05587687963926842,0.7784090909046938,0.7806267806250701,0.9999999999768843,0.05750327614212521
48.912228057014254,1.1149364257986503,-0.05719228093045304,0.7784090909046915,0.7806267806250992,0.9999999999758827,0.05750327614211922
48.937234308577146,1.1134907763942177,-0.05841522435639661,0.7784090909046818,0.780626780625127,0.9999999999748137,0.05750327614211515
48.96224056014004,1.1120157170213332,-0.05954425874809052,0.7784090909046644,0.7806267806251537,0.9999999999736742,0.05750327614211311
48.98724681170293,1.1105136124555004,-0.060578104071521074,0.778409090904639,0.7806267806251791,0.9999999999724607,0.05750327614211314
49.01225306326582,1.108986857127958,-0.06151565147051781,0.7784090909046054,0.7806267806252033,0.99999999997117,0.05750327614211523
49.03725931482871,1.1074378712975523,-0.062355962369389284,0.7784090909045634,0.7806267806252263,0.9999999999697987,0.057503276142119523
49.0622655663916,1.105869096321211,-0.06309826775104994,0.7784090909045128,0.7806267806252478,0.9999999999683433,0.05750327614212606
49.08727181795449,1.1042829909577132,-0.06374196648694137,0.7784090909044531,0.7806267806252681,0.9999999999668006,0.05750327614213489
49.11227806951738,1.1026820266078772,-0.06428662387476541,0.7784090909043841,0.7806267806252871,0.9999999999651672,0.05750327614214613
49.13728432108027,1.101068683830115,-0.06473196932381438,0.7784090909043058,0.7806267806253047,0.9999999999634398,0.05750327614215979
49.162290572643165,1.099445447532358,-0.06507789415551796,0.7784090909042173,0.7806267806253208,0.9999999999616154,0.057503276142176055
49.18729682420605,1.097814803770677,-0.06532444884177985,0.7784090909041187,0.7806267806253355,0.9999999999596909,0.05750327614219488
49.21230307576894,1.0961792349431438,-0.06547183998886412,0.7784090909040096,0.7806267806253488,0.9999999999576636,0.057503276142216384
49.237309327331836,1.0945412167400559,-0.06552042739969187,0.7784090909038895,0.7806267806253606,0.9999999999555313,0.0575032761422407
49.26231557889473,1.0929032137802386,-0.06547072020753195,0.7784090909037582,0.7806267806253708,0.9999999999532916,0.05750327614226789
49.287321830457614,1.091267675948416,-0.06532337373543619,0.7784090909036153,0.7806267806253795,0.9999999999509426,0.057503276142298027
49.31232808202051,1.089637035589698,-0.06507918540044401,0.7784090909034606,0.7806267806253865,0.9999999999484831,0.057503276142331194
49.3373343335834,1.088013702444011,-0.06473909052565807,0.7784090909032935,0.7806267806253918,0.9999999999459122,0.057503276142367485
49.36234058514629,1.086400061825119,-0.06430415897495839,0.7784090909031138,0.7806267806253955,0.9999999999432294,0.05750327614240699
49.38734683670918,1.0847984710871552,-0.06377559013186895,0.7784090909029213,0.7806267806253974,0.999999999940435,0.05750327614244976
49.41235308827207,1.0832112547626402,-0.06315470849590805,0.7784090909027156,0.7806267806253976,0.9999999999375302,0.05750327614249591
49.43735933983496,1.0816407034808007,-0.062442960290532604,0.7784090909024964,0.7806267806253958,0.9999999999345164,0.057503276142545495
49.46236559139785,1.0800890704561477,-0.06164190788321958,0.7784090909022635,0.7806267806253923,0.9999999999313961,0.05750327614259856
49.48737184296074,1.0785585678382013,-0.0607532255864098,0.7784090909020167,0.7806267806253867,0.9999999999281728,0.057503276142655206
49.51237809452363,1.0770513651474685,-0.059778695518704995,0.7784090909017558,0.7806267806253793,0.9999999999248504,0.057503276142715415
49.537384346086526,1.0755695855966307,-0.058720202235436315,0.7784090909014807,0.7806267806253698,0.9999999999214344,0.05750327614277925
49.56239059764941,1.074115304203734,-0.05757972893445332,0.7784090909011913,0.7806267806253583,0.9999999999179309,0.057503276142846824
49.587396849212304,1.0726905452965063,-0.056359352412607665,0.7784090909008875,0.7806267806253446,0.999999999914347,0.05750327614291805
49.6124031007752,1.0712972799172762,-0.055061238636818104,0.7784090909005694,0.7806267806253288,0.999999999910691,0.057503276142993
49.63740935233809,1.0699374241621809,-0.05368763845605481,0.7784090909002371,0.7806267806253109,0.9999999999069722,0.05750327614307158
49.662415603900975,1.068612836542467,-0.05224088277675439,0.778409090899891,0.7806267806252907,0.999999999903201,0.05750327614315381
49.68742185546387,1.067325316586785,-0.0507233786437597,0.7784090908995308,0.7806267806252682,0.9999999998993889,0.057503276143239655
49.71242810702676,1.0660766024948867,-0.0491376044459912,0.7784090908991572,0.7806267806252435,0.9999999998955484,0.057503276143329035
49.73743435858965,1.0648683698466106,-0.04748610615670206,0.7784090908987706,0.7806267806252165,0.999999999891693,0.057503276143421836
49.76244061015254,1.0637022295755911,-0.04577149272022781,0.7784090908983713,0.7806267806251871,0.9999999998878368,0.05750327614351806
49.78744686171543,1.062579726789602,-0.04399643241754454,0.7784090908979601,0.7806267806251554,0.9999999998839955,0.05750327614361744
49.81245311327832,1.0615023390318445,-0.04216364848640019,0.7784090908975376,0.7806267806251215,0.9999999998801847,0.05750327614371987
49.837459364841216,1.0604714752226163,-0.04027591560696911,0.7784090908971045,0.7806267806250851,0.9999999998764215,0.05750327614382521
49.8624656164041,1.059488474193938,-0.03833605579813066,0.7784090908966618,0.7806267806250463,0.9999999998727229,0.05750327614393326
49.887471867966994,1.0585546037319111,-0.03634693498258238,0.7784090908962105,0.7806267806250053,0.9999999998691066,0.05750327614404373
49.91247811952989,1.0576710593976368,-0.03431145923429608,0.7784090908957514,0.7806267806249619,0.9999999998655907,0.05750327614415647
49.93748437109277,1.05683896363553,-0.032232571347458015,0.7784090908952858,0.7806267806249163,0.9999999998621932,0.05750327614427118
49.962490622655665,1.0560593648851413,-0.030113247489869904,0.7784090908948149,0.7806267806248685,0.9999999998589322,0.05750327614438758
49.98749687421856,1.055333236753438,-0.027956493765112528,0.7784090908943402,0.7806267806248183,0.9999999998558255,0.05750327614450537
50.01250312578145,1.0546614773720897,-0.025765343201173418,0.7784090908938628,0.7806267806247661,0.9999999998528906,0.05750327614462417
50.037509377344335,1.0540449086890276,-0.02354285242945569,0.7784090908933844,0.7806267806247118,0.9999999998501441,0.05750327614474371
50.06251562890723,1.0534842759771377,-0.021292098805823726,0.7784090908929064,0.7806267806246555,0.9999999998476023,0.05750327614486358
50.08752188047012,1.0529802473217023,-0.01901617739711007,0.7784090908924305,0.7806267806245973,0.9999999998452804,0.05750327614498343
50.11252813203301,1.0525334132121946,-0.016718198057076156,0.7784090908919582,0.7806267806245373,0.9999999998431925,0.05750327614510285
50.1375343835959,1.0521442862302257,-0.014401282723018929,0.7784090908914912,0.7806267806244755,0.9999999998413512,0.0575032761452215
50.16254063515879,1.0518133007585118,-0.012068562583257518,0.7784090908910312,0.7806267806244123,0.9999999998397682,0.057503276145338914
50.187546886721684,1.051540812793022,-0.009723175405514229,0.7784090908905797,0.7806267806243476,0.9999999998384529,0.057503276145454675
50.21255313828458,1.0513270998154174,-0.007368262943188946,0.7784090908901388,0.7806267806242816,0.9999999998374138,0.05750327614556844
50.23755938984746,1.0511723607181402,-0.005006968299716119,0.7784090908897098,0.7806267806242144,0.9999999998366573,0.05750327614567975
50.262565641410355,1.0510767158063272,-0.002642433376124307,0.7784090908892943,0.7806267806241461,0.9999999998361879,0.05750327614578828
50.28757189297325,1.051040206860003,-0.00027779636655976157,0.778409090888894,0.7806267806240771,0.9999999998360085,0.057503276145893595
50.31257814453614,1.0510627972569815,0.0020838107576484155,0.7784090908885104,0.7806267806240074,0.9999999998361195,0.057503276145995305
50.337584396099025,1.051144372159931,0.004439264733282735,0.7784090908881451,0.7806267806239371,0.9999999998365201,0.05750327614609301
50.36259064766192,1.051284738765147,0.006785453484188672,0.7784090908877993,0.7806267806238666,0.9999999998372071,0.0575032761461864
50.38759689922481,1.0514836266132945,0.009119278596573892,0.7784090908874745,0.7806267806237959,0.9999999998381754,0.057503276146275144
50.412603150787696,1.0517406879616304,0.011437657800147598,0.7784090908871718,0.7806267806237254,0.9999999998394187,0.05750327614635885
50.43760940235059,1.0520554982189567,0.013737527467148302,0.7784090908868921,0.780626780623655,0.9999999998409281,0.05750327614643737
50.46261565391348,1.0524275564455816,0.01601584513809099,0.7784090908866367,0.7806267806235851,0.9999999998426938,0.05750327614651033
50.487621905476374,1.0528562859106498,0.018269592036320986,0.7784090908864062,0.7806267806235158,0.999999999844704,0.05750327614657759
50.51262815703926,1.0533410347151384,0.020495775643895816,0.7784090908862015,0.7806267806234474,0.9999999998469461,0.05750327614663886
50.53763440860215,1.0538810764901803,0.022691432349776955,0.778409090886023,0.78062678062338,0.9999999998494058,0.05750327614669399
50.562640660165044,1.0544756111448432,0.024853630056771044,0.7784090908858712,0.7806267806233139,0.9999999998520679,0.057503276146742846
50.58764691172794,1.0551237656808405,0.02697947086788573,0.7784090908857465,0.7806267806232491,0.9999999998549167,0.05750327614678536
50.61265316329082,1.0558245951079321,0.02906609392276756,0.778409090885649,0.7806267806231859,0.9999999998579352,0.057503276146821374
50.637659414853715,1.0565770833748107,0.031110678096667125,0.7784090908855789,0.7806267806231244,0.9999999998611063,0.057503276146850864
50.66266566641661,1.0573801444079274,0.03311044491078605,0.7784090908855359,0.7806267806230649,0.9999999998644125,0.057503276146873845
50.6876719179795,1.0582326232424124,0.035062661521296806,0.7784090908855198,0.7806267806230075,0.9999999998678362,0.05750327614689029
50.712678169542386,1.0591332971371807,0.03696464354891915,0.7784090908855303,0.7806267806229523,0.9999999998713593,0.057503276146900276
50.73768442110528,1.0600808769070267,0.038813758334798006,0.7784090908855671,0.7806267806228995,0.9999999998749649,0.05750327614690385
50.76269067266817,1.061074008177489,0.04060742787480589,0.7784090908856294,0.7806267806228491,0.9999999998786352,0.05750327614690114
50.78769692423106,1.0621112728366937,0.042343132107204945,0.7784090908857165,0.7806267806228013,0.9999999998823537,0.05750327614689228
50.81270317579395,1.0631911905316405,0.04401841216778239,0.7784090908858279,0.7806267806227563,0.999999999886104,0.05750327614687739
50.83770942735684,1.0643122201728135,0.045630873569745496,0.7784090908859624,0.7806267806227141,0.9999999998898708,0.05750327614685661
50.862715678919734,1.0654727617116104,0.04717818980018863,0.7784090908861194,0.7806267806226748,0.9999999998936391,0.05750327614683018
50.88772193048262,1.0666711577041417,0.048658105431692834,0.7784090908862978,0.7806267806226385,0.999999999897395,0.05750327614679826
50.91272818204551,1.0679056953570243,0.05006843996252014,0.7784090908864965,0.7806267806226052,0.9999999999011255,0.05750327614676113
50.937734433608405,1.069174608179009,0.051407090926123514,0.7784090908867142,0.7806267806225751,0.9999999999048188,0.05750327614671902
50.9627406851713,1.0704760782809533,0.05267203788699639,0.7784090908869501,0.7806267806225481,0.9999999999084634,0.05750327614667208
50.98774693673418,1.0718082381290237,0.053861345565359604,0.7784090908872029,0.7806267806225241,0.9999999999120495,0.05750327614662072
51.012753188297076,1.0731691731040156,0.054973167941772164,0.7784090908874712,0.7806267806225035,0.999999999915568,0.05750327614656511
51.03775943985997,1.0745569233470895,0.05600575136366211,0.7784090908877541,0.7806267806224859,0.999999999919011,0.05750327614650556
51.06276569142286,1.0759694865984857,0.05695743873684805,0.7784090908880503,0.7806267806224716,0.9999999999223713,0.057503276146442274
51.087771942985746,1.077404820120869,0.05782667255811483,0.7784090908883585,0.7806267806224604,0.999999999925643,0.057503276146375605
51.11277819454864,1.0788608438147045,0.05861199915486559,0.7784090908886776,0.7806267806224524,0.9999999999288212,0.057503276146305786
51.13778444611153,1.080335442268862,0.05931207163228476,0.7784090908890063,0.7806267806224474,0.9999999999319014,0.05750327614623311
51.162790697674424,1.0818264680039196,0.059925653999967084,0.7784090908893435,0.7806267806224455,0.9999999999348803,0.057503276146157876
51.18779694923731,1.0833317439556986,0.060451624222795694,0.7784090908896882,0.7806267806224466,0.9999999999377556,0.05750327614608025
51.2128032008002,1.0848490663298829,0.0608889777829395,0.7784090908900392,0.7806267806224507,0.9999999999405254,0.057503276146000544
51.237809452363095,1.086376208160576,0.06123683126471836,0.7784090908903953,0.7806267806224576,0.9999999999431888,0.05750327614591909
51.26281570392598,1.0879109212078666,0.06149442487245278,0.7784090908907557,0.7806267806224674,0.9999999999457451,0.05750327614583601
51.28782195548887,1.0894509405290373,0.06166112653292605,0.7784090908911194,0.7806267806224799,0.9999999999481947,0.05750327614575156
51.312828207051766,1.0909939869617293,0.06173643415334476,0.7784090908914854,0.780626780622495,0.9999999999505381,0.05750327614566607
51.33783445861466,1.0925377693197205,0.06171997816490902,0.7784090908918528,0.7806267806225128,0.9999999999527767,0.057503276145579596
51.362840710177544,1.0940799903261846,0.061611525484260146,0.7784090908922209,0.780626780622533,0.9999999999549117,0.05750327614549249
51.387846961740436,1.0956183482090445,0.06141098072732888,0.7784090908925887,0.7806267806225555,0.9999999999569453,0.0575032761454049
51.41285321330333,1.0971505399130794,0.06111838882077121,0.7784090908929556,0.7806267806225804,0.9999999999588796,0.05750327614531696
51.43785946486622,1.0986742660588318,0.06073393736126795,0.778409090893321,0.7806267806226074,0.999999999960717,0.057503276145228904
51.46286571642911,1.1001872332248142,0.06025795804936867,0.7784090908936842,0.7806267806226366,0.99999999996246,0.057503276145140884
51.487871967992,1.1016871583285854,0.059690928545356674,0.7784090908940445,0.7806267806226675,0.9999999999641118,0.05750327614505306
51.51287821955489,1.1031717722019643,0.059033473548471785,0.7784090908944015,0.7806267806227005,0.9999999999656752,0.05750327614496557
51.537884471117785,1.1046388227716366,0.05828636596336373,0.7784090908947546,0.7806267806227353,0.9999999999671532,0.05750327614487852
51.56289072268067,1.1060860795977776,0.05745052747342804,0.7784090908951035,0.7806267806227717,0.9999999999685487,0.05750327614479208
51.58789697424356,1.1075113367340421,0.05652702908274756,0.7784090908954475,0.7806267806228095,0.9999999999698652,0.057503276144706406
51.612903225806456,1.1089124172527531,0.05551709101939406,0.7784090908957866,0.780626780622849,0.9999999999711056,0.05750327614462147
51.63790947736935,1.1102871762839095,0.054422082645907366,0.7784090908961202,0.7806267806228897,0.9999999999722731,0.05750327614453747
51.662915728932234,1.1116335053364714,0.05324352163783676,0.778409090896448,0.7806267806229318,0.9999999999733706,0.057503276144454454
51.687921980495126,1.112949335468335,0.05198307321828197,0.77840909089677,0.7806267806229749,0.9999999999744014,0.05750327614437256
51.71292823205802,1.1142326414333523,0.05064254856518527,0.7784090908970858,0.780626780623019,0.9999999999753681,0.057503276144291814
51.737934483620904,1.115481444878456,0.049223903342794986,0.7784090908973952,0.7806267806230642,0.9999999999762739,0.057503276144212245
51.7629407351838,1.1166938183255861,0.04772923530938499,0.7784090908976979,0.7806267806231102,0.9999999999771213,0.057503276144133995
51.78794698674669,1.1178678883412316,0.04616078210589948,0.7784090908979941,0.780626780623157,0.9999999999779131,0.05750327614405706
51.81295323830958,1.1190018393003285,0.04452091809234705,0.7784090908982836,0.7806267806232046,0.9999999999786517,0.057503276143981444
51.83795948987247,1.1200939165330668,0.042812151304136056,0.778409090898566,0.7806267806232526,0.9999999999793399,0.05750327614390731
51.86296574143536,1.121142429763066,0.0410371196397907,0.7784090908988416,0.7806267806233013,0.9999999999799797,0.05750327614383456
51.88797199299825,1.1221457562680042,0.03919858683829235,0.7784090908991103,0.7806267806233503,0.9999999999805733,0.057503276143763285
51.912978244561145,1.1231023439156385,0.0372994381505404,0.7784090908993717,0.7806267806233997,0.9999999999811229,0.05750327614369354
51.93798449612403,1.1240107142615434,0.03534267533851411,0.7784090908996263,0.7806267806234495,0.9999999999816304,0.05750327614362526
51.96299074768692,1.1248694652640596,0.03333141174121315,0.7784090908998738,0.7806267806234993,0.9999999999820975,0.05750327614355858
51.987996999249816,1.1256772741079795,0.03126886658313028,0.7784090909001141,0.7806267806235494,0.9999999999825262,0.05750327614349342
52.01300325081271,1.126432899741575,0.029158359166173157,0.7784090909003475,0.7806267806235996,0.9999999999829179,0.0575032761434298
52.038009502375594,1.1271351852781553,0.027003302770126268,0.778409090900574,0.7806267806236498,0.999999999983274,0.057503276143367754
52.06301575393849,1.127783060322925,0.024807198006367177,0.7784090909007936,0.7806267806237,0.9999999999835959,0.057503276143307226
52.08802200550138,1.1283755430239952,0.02257362615821737,0.7784090909010062,0.7806267806237499,0.9999999999838849,0.057503276143248336
52.113028257064265,1.1289117420140498,0.020306242119222783,0.778409090901212,0.7806267806237998,0.999999999984142,0.057503276143190986
52.13803450862716,1.1293908581799008,0.018008767006083892,0.7784090909014111,0.7806267806238494,0.9999999999843684,0.05750327614313519
52.16304076019005,1.1298121862019768,0.015684980712350645,0.7784090909016035,0.7806267806238988,0.9999999999845648,0.05750327614308095
52.18804701175294,1.130175115933192,0.013338714174929166,0.7784090909017892,0.7806267806239479,0.9999999999847319,0.05750327614302829
52.21305326331583,1.1304791335843096,0.010973841428860064,0.7784090909019684,0.7806267806239966,0.9999999999848705,0.057503276142977136
52.23805951487872,1.1307238226966665,0.008594271558040618,0.778409090902141,0.7806267806240449,0.9999999999849811,0.057503276142927606
52.26306576644161,1.1309088649138628,0.006203940550029707,0.7784090909023074,0.7806267806240929,0.9999999999850643,0.05750327614287954
52.288072018004506,1.1310340405545536,0.003806803000846372,0.7784090909024673,0.7806267806241404,0.9999999999851202,0.05750327614283299
52.31307826956739,1.1310992289734114,0.0014068237762980575,0.778409090902621,0.7806267806241873,0.9999999999851493,0.05750327614278799
52.338084521130284,1.1311044087126454,-0.0009920303673230863,0.7784090909027684,0.7806267806242336,0.9999999999851517,0.05750327614274456
52.36309077269318,1.1310496574442548,-0.003385799149814515,0.7784090909029098,0.7806267806242795,0.9999999999851272,0.05750327614270255
52.38809702425607,1.130935151703873,-0.0057705371386678975,0.778409090903045,0.7806267806243247,0.999999999985076,0.057503276142662096
52.413103275818955,1.1307611664153685,-0.008142322051415577,0.7784090909031742,0.7806267806243694,0.999999999984998,0.05750327614262308
52.43810952738185,1.1305280742090074,-0.010497262983756138,0.7784090909032975,0.7806267806244134,0.9999999999848928,0.05750327614258559
52.46311577894474,1.1302363445353392,-0.01283150852605973,0.7784090909034148,0.7806267806244566,0.9999999999847599,0.05750327614254958
52.48812203050763,1.129886542576521,-0.015141254751011544,0.7784090909035263,0.7806267806244991,0.9999999999845991,0.057503276142515033
52.51312828207052,1.1294793279606814,-0.01742275302827894,0.7784090909036319,0.780626780624541,0.9999999999844098,0.057503276142481935
52.53813453363341,1.1290154532844934,-0.019672317639582586,0.7784090909037316,0.780626780624582,0.9999999999841913,0.057503276142450405
52.5631407851963,1.1284957624496437,-0.021886333184783967,0.7784090909038256,0.7806267806246223,0.999999999983943,0.05750327614242027
52.58814703675919,1.1279211888085707,-0.024061261780772943,0.7784090909039139,0.7806267806246618,0.9999999999836637,0.05750327614239164
52.61315328832208,1.1272927531366375,-0.026193649966886993,0.7784090909039963,0.7806267806247005,0.9999999999833529,0.05750327614236447
52.638159539884974,1.1266115614504242,-0.02828013528411962,0.7784090909040731,0.7806267806247383,0.9999999999830091,0.05750327614233877
52.66316579144787,1.1258788026479916,-0.030317452639008816,0.778409090904144,0.7806267806247754,0.9999999999826314,0.05750327614231454
52.68817204301075,1.1250957459761017,-0.03230244035023075,0.7784090909042092,0.7806267806248115,0.9999999999822187,0.057503276142291844
52.713178294573645,1.1242637384100929,-0.03423204571042078,0.7784090909042686,0.7806267806248469,0.9999999999817692,0.0575032761422706
52.73818454613654,1.123384201845753,-0.0361033303828416,0.7784090909043221,0.7806267806248812,0.9999999999812819,0.057503276142250905
52.76319079769943,1.1224586301445048,-0.03791347539289005,0.7784090909043697,0.7806267806249146,0.9999999999807547,0.057503276142232725
52.788197049262315,1.121488586160371,-0.03965978557796699,0.7784090909044115,0.7806267806249472,0.9999999999801865,0.05750327614221607
52.81320330082521,1.1204756985218933,-0.04133969395507464,0.7784090909044471,0.7806267806249788,0.9999999999795752,0.05750327614220101
52.8382095523881,1.1194216584014354,-0.04295076544139609,0.7784090909044766,0.7806267806250095,0.9999999999789191,0.05750327614218753
52.86321580395099,1.1183282162245296,-0.044490700262251624,0.7784090909045001,0.7806267806250392,0.9999999999782161,0.0575032761421756
52.88822205551388,1.1171971781233072,-0.045957337128111606,0.778409090904517,0.7806267806250679,0.9999999999774642,0.05750327614216539
52.91322830707677,1.1160304026037886,-0.04734865565195879,0.7784090909045277,0.7806267806250956,0.9999999999766613,0.05750327614215678
52.938234558639664,1.1148297968335712,-0.04866277883758553,0.7784090909045319,0.7806267806251223,0.9999999999758055,0.05750327614214986
52.96324081020256,1.1135973131481234,-0.049897974725560325,0.7784090909045294,0.7806267806251479,0.9999999999748941,0.0575032761421447
52.98824706176544,1.1123349453669062,-0.051052658009276414,0.7784090909045202,0.7806267806251725,0.9999999999739251,0.05750327614214125
53.013253313328335,1.1110447250520952,-0.0521253910574293,0.7784090909045038,0.780626780625196,0.9999999999728961,0.05750327614213967
53.03825956489123,1.109728717962272,-0.05311488462870249,0.7784090909044805,0.7806267806252184,0.9999999999718046,0.0575032761421399
53.06326581645411,1.1083890200948823,-0.054019998287565284,0.7784090909044498,0.7806267806252396,0.9999999999706484,0.05750327614214204
53.088272068017005,1.1070277542786497,-0.054839740307640446,0.7784090909044116,0.7806267806252598,0.9999999999694248,0.057503276142146106
53.1132783195799,1.1056470660825983,-0.0555732674553787,0.7784090909043657,0.7806267806252788,0.9999999999681317,0.05750327614215213
53.13828457114279,1.104249120540471,-0.05621988419722963,0.7784090909043119,0.7806267806252967,0.9999999999667668,0.0575032761421602
53.163290822705676,1.1028360979899015,-0.05677904183239912,0.77840909090425,0.7806267806253133,0.9999999999653277,0.057503276142170365
53.18829707426857,1.1014101909384053,-0.0572503371325212,0.7784090909041798,0.7806267806253288,0.9999999999638125,0.0575032761421827
53.21330332583146,1.099973599891333,-0.05763351079735093,0.7784090909041008,0.780626780625343,0.9999999999622187,0.057503276142197204
53.238309577394354,1.0985285303316743,-0.05792844568429324,0.7784090909040131,0.7806267806253558,0.9999999999605448,0.05750327614221403
53.26331582895724,1.0970771886885538,-0.0581351645506916,0.7784090909039163,0.7806267806253675,0.999999999958789,0.05750327614223316
53.28832208052013,1.0956217792116985,-0.05825382801101906,0.7784090909038103,0.7806267806253777,0.9999999999569498,0.05750327614225466
53.313328332083024,1.0941645005150589,-0.05828473164322539,0.7784090909036946,0.7806267806253867,0.999999999955026,0.05750327614227861
53.33833458364592,1.0927075418074235,-0.058228303576718016,0.7784090909035692,0.7806267806253943,0.9999999999530166,0.05750327614230507
53.3633408352088,1.0912530806035923,-0.05808510142766308,0.7784090909034338,0.7806267806254004,0.999999999950921,0.05750327614233408
53.388347086771695,1.089803278159613,-0.05785580897836924,0.7784090909032881,0.780626780625405,0.9999999999487393,0.05750327614236572
53.41335333833459,1.088360277429599,-0.057541233498624285,0.7784090909031319,0.7806267806254082,0.9999999999464715,0.05750327614240007
53.43835958989747,1.0869262002248805,-0.057142301890112955,0.7784090909029651,0.7806267806254099,0.9999999999441184,0.057503276142437144
53.463365841460366,1.0855031426169537,-0.05666005702256933,0.7784090909027874,0.78062678062541,0.9999999999416811,0.05750327614247701
53.48837209302326,1.0840931737730422,-0.05609565497160912,0.7784090909025987,0.7806267806254086,0.9999999999391613,0.05750327614251968
53.51337834458615,1.0826983328178974,-0.05545036052536408,0.7784090909023987,0.7806267806254055,0.9999999999365614,0.05750327614256526
53.53838459614904,1.081320625339849,-0.054725543635131955,0.7784090909021875,0.7806267806254008,0.9999999999338846,0.05750327614261373
53.56339084771193,1.0799620219695865,-0.0539226760356301,0.7784090909019649,0.7806267806253944,0.9999999999311342,0.057503276142665115
53.58839709927482,1.0786244549363335,-0.05304332668505384,0.7784090909017308,0.7806267806253863,0.9999999999283146,0.05750327614271945
53.613403350837714,1.077309816094041,-0.05208915851395323,0.7784090909014852,0.7806267806253764,0.9999999999254309,0.05750327614277678
53.6384096024006,1.0760199548051352,-0.05106192427285365,0.7784090909012282,0.7806267806253648,0.9999999999224888,0.057503276142837075
53.66341585396349,1.0747566751923816,-0.049963462510886215,0.7784090909009599,0.7806267806253514,0.9999999999194948,0.0575032761429003
53.688422105526385,1.0735217347001866,-0.04879569405656331,0.7784090909006802,0.7806267806253362,0.9999999999164564,0.057503276142966464
53.71342835708928,1.0723168414623572,-0.047560617661290605,0.7784090909003895,0.7806267806253191,0.9999999999133813,0.05750327614303557
53.73843460865216,1.0711436529371334,-0.04626030666243599,0.7784090909000878,0.7806267806253001,0.9999999999102784,0.05750327614310751
53.763440860215056,1.070003773646556,-0.04489690466698703,0.7784090908997756,0.7806267806252791,0.9999999999071572,0.05750327614318228
53.78844711177795,1.0688987538342716,-0.04347262224504283,0.7784090908994532,0.7806267806252564,0.9999999999040278,0.05750327614325973
53.81345336334084,1.0678300875261388,-0.041989732762892966,0.778409090899121,0.7806267806252315,0.999999999900901,0.05750327614333987
53.838459614903726,1.0667992112790217,-0.04045056911446166,0.7784090908987794,0.7806267806252049,0.9999999998977884,0.057503276143422474
53.86346586646662,1.0658075024901557,-0.03885751971610456,0.778409090898429,0.7806267806251763,0.9999999998947018,0.05750327614350752
53.88847211802951,1.0648562782832496,-0.03721302531397228,0.7784090908980704,0.7806267806251458,0.9999999998916537,0.05750327614359484
53.9134783695924,1.0639467940284433,-0.035519575143209844,0.7784090908977044,0.7806267806251134,0.9999999998886568,0.05750327614368425
53.93848462115529,1.0630802423714825,-0.033779703822891784,0.7784090908973315,0.780626780625079,0.9999999998857243,0.05750327614377564
53.96349087271818,1.062257751965312,-0.031995987711020385,0.7784090908969528,0.7806267806250428,0.9999999998828695,0.05750327614386873
53.988497124281075,1.0614803866106397,-0.030171041847297766,0.7784090908965691,0.7806267806250046,0.9999999998801058,0.05750327614396339
54.01350337584396,1.0607491442294827,-0.02830751658358263,0.7784090908961812,0.7806267806249646,0.9999999998774466,0.05750327614405941
54.03850962740685,1.0600649560708608,-0.026408094482445965,0.7784090908957902,0.7806267806249229,0.9999999998749052,0.0575032761441565
54.063515878969746,1.0594286859431845,-0.024475487289792475,0.7784090908953972,0.7806267806248794,0.9999999998724943,0.057503276144254434
54.08852213053264,1.0588411294854247,-0.022512432786686968,0.7784090908950034,0.7806267806248341,0.9999999998702269,0.05750327614435295
54.113528382095524,1.0583030136093452,-0.02052169200868035,0.7784090908946097,0.7806267806247874,0.9999999998681149,0.05750327614445175
54.138534633658416,1.0578149959014032,-0.018506046214378395,0.7784090908942176,0.7806267806247391,0.9999999998661699,0.05750327614455061
54.16354088522131,1.0573776641837496,-0.016468294127324288,0.7784090908938281,0.7806267806246893,0.9999999998644025,0.05750327614464915
54.1885471367842,1.0569915361080384,-0.014411249182881128,0.7784090908934427,0.7806267806246381,0.9999999998628226,0.05750327614474711
54.21355338834709,1.056657058806979,-0.012337736727310167,0.7784090908930624,0.7806267806245856,0.9999999998614392,0.05750327614484422
54.23855963990998,1.0563746086481465,-0.010250591423698161,0.7784090908926886,0.780626780624532,0.99999999986026,0.05750327614494011
54.26356589147287,1.0561444910248763,-0.008152654596936749,0.7784090908923227,0.7806267806244771,0.9999999998592921,0.057503276145034525
54.288572143035765,1.0559669402206837,-0.006046771613865605,0.7784090908919659,0.7806267806244214,0.9999999998585405,0.0575032761451271
54.31357839459865,1.0558421193450283,-0.0039357893581045906,0.7784090908916192,0.7806267806243649,0.9999999998580098,0.05750327614521751
54.33858464616154,1.0557701203252452,-0.001822553696973682,0.7784090908912843,0.7806267806243076,0.9999999998577028,0.057503276145305544
54.363590897724436,1.055750963962234,0.00029009303806503057,0.7784090908909621,0.7806267806242496,0.999999999857621,0.05750327614539081
54.38859714928732,1.055784600051235,0.002399314535896661,0.7784090908906537,0.7806267806241913,0.9999999998577647,0.057503276145473084
54.413603400850214,1.0558709075631716,0.004502282977646301,0.7784090908903604,0.7806267806241326,0.9999999998581324,0.05750327614555205
54.438609652413106,1.0560096948875093,0.006596181504668854,0.778409090890083,0.7806267806240739,0.9999999998587219,0.057503276145627454
54.463615903976,1.0562007001376446,0.008678206691032753,0.7784090908898227,0.780626780624015,0.9999999998595291,0.05750327614569906
54.488622155538884,1.0564435915175214,0.010745571008844157,0.7784090908895803,0.7806267806239563,0.999999999860549,0.057503276145766606
54.51362840710178,1.0567379677498436,0.01279550530056731,0.7784090908893565,0.7806267806238979,0.999999999861775,0.05750327614582991
54.53863465866467,1.057083358565288,0.014825261267428008,0.7784090908891521,0.7806267806238399,0.9999999998631999,0.057503276145888745
54.56364091022756,1.05747922525962,0.016832113996553252,0.7784090908889678,0.7806267806237825,0.999999999864815,0.05750327614594296
54.58864716179045,1.0579249613072024,0.018813364466775413,0.7784090908888041,0.7806267806237259,0.9999999998666107,0.05750327614599238
54.61365341335334,1.058419893035137,0.020766342085049,0.7784090908886613,0.7806267806236702,0.9999999998685766,0.05750327614603688
54.63865966491623,1.0589632803776625,0.022688407317990267,0.7784090908885399,0.7806267806236156,0.9999999998707017,0.05750327614607634
54.663665916479125,1.0595543176805864,0.02457695427284879,0.7784090908884401,0.780626780623562,0.999999999872974,0.057503276146110734
54.68867216804201,1.0601921345615022,0.026429413309406555,0.7784090908883621,0.78062678062351,0.9999999998753815,0.0575032761461399
54.7136784196049,1.0608757968825298,0.02824325382611809,0.7784090908883057,0.7806267806234592,0.9999999998779114,0.057503276146163934
54.738684671167796,1.0616043077258375,0.030015986872025568,0.778409090888271,0.7806267806234102,0.9999999998805507,0.057503276146182676
54.76369092273068,1.062376608481338,0.03174516795859443,0.7784090908882579,0.7806267806233628,0.9999999998832865,0.05750327614619623
54.788697174293574,1.0631915800212877,0.03342839992044266,0.7784090908882662,0.7806267806233173,0.9999999998861053,0.05750327614620458
54.81370342585647,1.0640480438524762,0.03506333560873171,0.7784090908882952,0.7806267806232736,0.9999999998889945,0.05750327614620783
54.83870967741936,1.0649447634961866,0.03664768098548263,0.7784090908883449,0.7806267806232321,0.9999999998919409,0.05750327614620596
54.863715928982245,1.0658804457524405,0.038179197834175685,0.7784090908884145,0.7806267806231927,0.999999999894932,0.05750327614619917
54.88872218054514,1.0668537422158964,0.03965570689301416,0.7784090908885036,0.7806267806231555,0.9999999998979555,0.05750327614618747
54.91372843210803,1.0678632507428873,0.04107509076645678,0.7784090908886115,0.7806267806231205,0.9999999999009996,0.057503276146171074
54.93873468367092,1.0689075170303814,0.0424352969468362,0.7784090908887376,0.780626780623088,0.999999999904053,0.057503276146150084
54.96374093523381,1.069985036337836,0.043734340979341826,0.778409090888881,0.7806267806230579,0.999999999907105,0.057503276146124604
54.9887471867967,1.0710942551122324,0.04497030935794984,0.778409090889041,0.7806267806230303,0.9999999999101453,0.057503276146094906
55.01375343835959,1.072233572966643,0.04614136288568131,0.7784090908892167,0.7806267806230052,0.9999999999131646,0.057503276146061065
55.038759689922486,1.073401344365682,0.047245739480717835,0.7784090908894075,0.7806267806229826,0.9999999999161541,0.057503276146023304
55.06376594148537,1.0745958808463512,0.048281757652658484,0.7784090908896121,0.7806267806229628,0.9999999999191056,0.05750327614598183
55.088772193048264,1.0758154527816266,0.04924781924115197,0.7784090908898298,0.7806267806229453,0.9999999999220117,0.05750327614593685
55.11377844461116,1.077058291825203,0.0501424129373643,0.7784090908900597,0.7806267806229307,0.9999999999248661,0.05750327614588854
55.13878469617405,1.0783225927793105,0.050964116964856525,0.7784090908903009,0.7806267806229186,0.9999999999276624,0.05750327614583711
55.163790947736935,1.0796065162157806,0.051711602559341964,0.7784090908905522,0.780626780622909,0.9999999999303957,0.05750327614578284
55.18879719929983,1.0809081905313487,0.05238363663545211,0.778409090890813,0.780626780622902,0.9999999999330614,0.057503276145725875
55.21380345086272,1.0822257145907173,0.052979085056189416,0.7784090908910823,0.7806267806228977,0.9999999999356556,0.057503276145666395
55.238809702425606,1.0835571602129377,0.0534969154413699,0.7784090908913591,0.7806267806228958,0.999999999938175,0.0575032761456047
55.2638159539885,1.0849005744862186,0.05393619992291777,0.7784090908916426,0.7806267806228964,0.9999999999406173,0.05750327614554096
55.28882220555139,1.0862539830412197,0.05429611830181302,0.7784090908919318,0.7806267806228994,0.9999999999429801,0.05750327614547538
55.31382845711428,1.0876153918039067,0.05457596010272423,0.778409090892226,0.7806267806229048,0.9999999999452619,0.05750327614540812
55.33883470867717,1.0889827908815672,0.054775127921699536,0.7784090908925244,0.7806267806229126,0.999999999947462,0.0575032761453394
55.36384096024006,1.0903541567423118,0.054893139311975515,0.7784090908928261,0.7806267806229226,0.9999999999495796,0.057503276145269455
55.388847211802954,1.091727454640759,0.05492962907058938,0.7784090908931304,0.7806267806229349,0.9999999999516146,0.057503276145198415
55.41385346336585,1.0931006432050103,0.05488435216014405,0.7784090908934366,0.7806267806229493,0.9999999999535674,0.05750327614512645
55.43885971492873,1.0944716759080577,0.05475718485400943,0.778409090893744,0.7806267806229658,0.9999999999554385,0.05750327614505378
55.463865966491625,1.0958385044301395,0.0545481269862623,0.7784090908940519,0.7806267806229843,0.9999999999572287,0.057503276144980534
55.48887221805452,1.0971990826415896,0.05425730372023822,0.7784090908943597,0.7806267806230047,0.9999999999589394,0.05750327614490686
55.51387846961741,1.098551368531976,0.05388496672387815,0.7784090908946669,0.7806267806230269,0.9999999999605718,0.057503276144832936
55.538884721180295,1.0998933283544714,0.05343149566926129,0.7784090908949728,0.780626780623051,0.9999999999621276,0.057503276144758905
55.56389097274319,1.1012229393172712,0.052897399085506044,0.7784090908952771,0.7806267806230767,0.9999999999636086,0.057503276144684846
55.58889722430608,1.1025381929010416,0.05228331526964227,0.7784090908955792,0.7806267806231041,0.9999999999650165,0.057503276144610926
55.61390347586897,1.103837098424342,0.051590012699798286,0.7784090908958787,0.7806267806231328,0.9999999999663536,0.05750327614453725
55.63890972743186,1.105117685708362,0.05081839044723873,0.7784090908961752,0.7806267806231632,0.9999999999676217,0.05750327614446396
55.66391597899475,1.1063780090433954,0.04996947801247681,0.7784090908964683,0.7806267806231948,0.9999999999688229,0.057503276144391074
55.688922230557644,1.107616149769449,0.04904443523206658,0.7784090908967576,0.7806267806232277,0.9999999999699598,0.057503276144318785
55.71392848212053,1.108830220139286,0.04804455150123013,0.7784090908970429,0.7806267806232619,0.9999999999710343,0.0575032761442471
55.73893473368342,1.1100183660069836,0.046971245125131955,0.7784090908973239,0.7806267806232969,0.9999999999720486,0.05750327614417616
55.763940985246315,1.1111787705181195,0.04582606190833067,0.7784090908976004,0.7806267806233331,0.9999999999730048,0.05750327614410601
55.78894723680921,1.1123096568499249,0.04461067391715343,0.778409090897872,0.7806267806233703,0.9999999999739053,0.057503276144036705
55.81395348837209,1.113409291733156,0.04332687741850834,0.7784090908981387,0.7806267806234083,0.9999999999747521,0.05750327614396837
55.838959739934985,1.114475988188209,0.041976591023457535,0.7784090908984003,0.780626780623447,0.9999999999755473,0.05750327614390101
55.86396599149788,1.1155081088517231,0.04056185298957432,0.7784090908986566,0.7806267806234866,0.9999999999762927,0.05750327614383461
55.88897224306077,1.1165040686952565,0.039084818686844415,0.7784090908989074,0.7806267806235268,0.9999999999769906,0.057503276143769336
55.913978494623656,1.117462338080062,0.037547757349279294,0.7784090908991527,0.7806267806235674,0.9999999999776428,0.05750327614370519
55.93898474618655,1.118381445487172,0.035953048747372734,0.7784090908993924,0.7806267806236087,0.9999999999782507,0.05750327614364214
55.96399099774944,1.1192599802233647,0.034303179512524894,0.7784090908996263,0.7806267806236503,0.9999999999788165,0.05750327614358031
55.988997249312334,1.120096595126285,0.032600738974339745,0.7784090908998545,0.7806267806236923,0.9999999999793416,0.05750327614351969
56.01400350087522,1.1208900089594227,0.030848415039097594,0.7784090909000769,0.7806267806237346,0.9999999999798275,0.05750327614346035
56.03900975243811,1.12163900893634,0.029048989371644157,0.7784090909002934,0.7806267806237771,0.9999999999802758,0.05750327614340223
56.064016004001004,1.1223424529270074,0.02720533262656048,0.778409090900504,0.7806267806238197,0.9999999999806877,0.057503276143345404
56.08902225556389,1.122999271637186,0.025320399265682792,0.7784090909007089,0.7806267806238626,0.9999999999810645,0.05750327614328984
56.11402850712678,1.1236084706720224,0.02339722201951436,0.7784090909009077,0.7806267806239054,0.9999999999814073,0.057503276143235624
56.139034758689675,1.1241691323675767,0.021438906357482374,0.7784090909011008,0.7806267806239483,0.9999999999817175,0.05750327614318268
56.16404101025257,1.124680417571993,0.019448624501478558,0.7784090909012878,0.7806267806239912,0.9999999999819957,0.057503276143131124
56.18904726181545,1.1251415672394558,0.017429609276280147,0.7784090909014691,0.7806267806240339,0.9999999999822431,0.057503276143080845
56.214053513378346,1.1255519038444182,0.015385147887052465,0.7784090909016447,0.7806267806240765,0.9999999999824604,0.05750327614303192
56.23905976494124,1.125910832678029,0.013318575379040513,0.7784090909018144,0.7806267806241189,0.9999999999826482,0.05750327614298434
56.26406601650413,1.1262178429624277,0.011233267963930848,0.7784090909019783,0.7806267806241612,0.9999999999828073,0.0575032761429381
56.28907226806702,1.1264725087858338,0.009132636298669361,0.7784090909021365,0.7806267806242031,0.9999999999829381,0.0575032761428932
56.31407851962991,1.1266744898830463,0.007020118572802184,0.778409090902289,0.7806267806242448,0.9999999999830411,0.05750327614284964
56.3390847711928,1.1268235322381508,0.004899173513525464,0.7784090909024359,0.7806267806242861,0.9999999999831168,0.057503276142807425
56.364091022755694,1.1269194685083563,0.0027732733361760403,0.7784090909025773,0.7806267806243271,0.9999999999831654,0.05750327614276651
56.38909727431858,1.1269622182722827,0.0006458966601034801,0.7784090909027129,0.7806267806243675,0.999999999983187,0.05750327614272704
56.41410352588147,1.12695178810171,-0.001479478611124291,0.778409090902843,0.7806267806244077,0.9999999999831817,0.05750327614268884
56.439109777444365,1.1268882714547077,-0.003599382408117638,0.7784090909029677,0.7806267806244473,0.9999999999831496,0.05750327614265198
56.46411602900726,1.1267718483909284,-0.005710359581663131,0.778409090903087,0.7806267806244864,0.9999999999830906,0.05750327614261649
56.48912228057014,1.126602785110434,-0.007808976941073999,0.7784090909032008,0.780626780624525,0.9999999999830047,0.0575032761425823
56.514128532133036,1.1263814333171869,-0.009891830220110375,0.778409090903309,0.7806267806245629,0.9999999999828915,0.057503276142549534
56.53913478369593,1.1261082294096254,-0.011955550944877987,0.778409090903412,0.7806267806246004,0.9999999999827507,0.057503276142518024
56.564141035258814,1.1257836935018222,-0.013996813181056162,0.7784090909035096,0.7806267806246373,0.9999999999825819,0.05750327614248786
56.58914728682171,1.1254084282766965,-0.016012340149778214,0.7784090909036019,0.7806267806246735,0.9999999999823848,0.05750327614245903
56.6141535383846,1.1249831176717582,-0.01799891069460618,0.7784090909036888,0.780626780624709,0.9999999999821585,0.05750327614243157
56.63915978994749,1.1245085254143228,-0.019953365522626387,0.7784090909037705,0.7806267806247439,0.9999999999819027,0.05750327614240543
56.66416604151038,1.123985493400519,-0.021872613272813403,0.7784090909038468,0.7806267806247781,0.9999999999816165,0.057503276142380655
56.68917229307327,1.1234149399164273,-0.02375363640071235,0.7784090909039177,0.7806267806248116,0.9999999999812991,0.05750327614235724
56.71417854463616,1.1227978577172428,-0.025593496794295557,0.7784090909039834,0.7806267806248445,0.9999999999809497,0.05750327614233515
56.739184796199055,1.1221353119919262,-0.027389341085310073,0.7784090909040436,0.7806267806248764,0.9999999999805672,0.05750327614231447
56.76419104776194,1.121428438166133,-0.029138405815526364,0.7784090909040984,0.7806267806249078,0.9999999999801508,0.05750327614229518
56.78919729932483,1.120678439578386,-0.03083802227362681,0.7784090909041478,0.7806267806249383,0.999999999979699,0.05750327614227726
56.814203550887726,1.119886585096023,-0.032485620939652966,0.7784090909041917,0.780626780624968,0.9999999999792111,0.05750327614226074
56.83920980245062,1.1190542065376003,-0.0340787358458945,0.7784090909042302,0.7806267806249969,0.9999999999786853,0.05750327614224565
56.864216054013504,1.1181826960428527,-0.03561500845026114,0.778409090904263,0.7806267806250251,0.9999999999781207,0.05750327614223196
56.889222305576396,1.1172735033869554,-0.037092191211315066,0.7784090909042902,0.7806267806250523,0.9999999999775158,0.05750327614221978
56.91422855713929,1.1163281330667407,-0.03850815103945761,0.7784090909043118,0.7806267806250787,0.999999999976869,0.05750327614220903
56.93923480870218,1.1153481415112816,-0.039860872083375354,0.7784090909043275,0.7806267806251043,0.9999999999761788,0.05750327614219976
56.96424106026507,1.114335134038527,-0.0411484585521835,0.7784090909043373,0.7806267806251289,0.9999999999754436,0.05750327614219204
56.98924731182796,1.1132907618328391,-0.04236913695897971,0.7784090909043412,0.7806267806251526,0.9999999999746622,0.05750327614218589
57.01425356339085,1.1122167189340546,-0.04352125811267363,0.778409090904339,0.7806267806251754,0.9999999999738325,0.057503276142181266
57.03925981495374,1.1111147389558975,-0.044603298904745174,0.7784090909043306,0.7806267806251973,0.999999999972953,0.057503276142178254
57.06426606651663,1.1099865921278984,-0.04561386349283326,0.7784090909043159,0.7806267806252182,0.9999999999720219,0.05750327614217688
57.08927231807952,1.1088340818467959,-0.04655168457130967,0.7784090909042948,0.7806267806252382,0.9999999999710376,0.05750327614217715
57.114278569642416,1.1076590417287941,-0.04741562385479767,0.778409090904267,0.780626780625257,0.9999999999699984,0.05750327614217915
57.1392848212053,1.1064633320865995,-0.04820467277478886,0.7784090909042326,0.780626780625275,0.9999999999689027,0.05750327614218285
57.164291072768194,1.1052488369847295,-0.04891795235039511,0.7784090909041913,0.7806267806252919,0.9999999999677487,0.05750327614218834
57.189297324331086,1.1040174606872706,-0.04955471330527331,0.778409090904143,0.7806267806253078,0.9999999999665351,0.05750327614219565
57.21430357589398,1.1027711247514997,-0.05011433537751004,0.7784090909040875,0.7806267806253224,0.9999999999652601,0.057503276142204816
57.239309827456864,1.1015117644413954,-0.05059632689259059,0.7784090909040247,0.7806267806253362,0.9999999999639225,0.05750327614221585
57.26431607901976,1.1002413259498192,-0.05100032355488171,0.7784090909039543,0.7806267806253488,0.999999999962521,0.0575032761422288
57.28932233058265,1.098961762721993,-0.05132608751129293,0.7784090909038761,0.7806267806253603,0.9999999999610543,0.057503276142243785
57.31432858214554,1.0976750329139064,-0.051573505709789795,0.7784090909037902,0.7806267806253706,0.9999999999595215,0.057503276142260765
57.33933483370843,1.0963830955868572,-0.05174258841487248,0.7784090909036961,0.7806267806253797,0.9999999999579219,0.05750327614227984
57.36434108527132,1.0950879084222043,-0.05183346733614364,0.778409090903594,0.7806267806253877,0.9999999999562548,0.057503276142300955
57.38934733683421,1.0937914239673483,-0.051846393455661104,0.7784090909034833,0.7806267806253944,0.9999999999545197,0.057503276142324325
57.4143535883971,1.092495587162301,-0.05178173511740502,0.7784090909033642,0.7806267806253999,0.9999999999527169,0.057503276142349805
57.43935983995999,1.0912023325121831,-0.05163997530144441,0.7784090909032364,0.780626780625404,0.9999999999508463,0.05750327614237757
57.46436609152288,1.0899135803915234,-0.05142170928327933,0.7784090909030998,0.7806267806254069,0.9999999999489086,0.05750327614240758
57.489372343085776,1.0886312357495675,-0.05112764223615497,0.7784090909029543,0.7806267806254085,0.9999999999469049,0.0575032761424399
57.51437859464866,1.0873571842836354,-0.05075858574108187,0.7784090909027996,0.7806267806254087,0.9999999999448362,0.05750327614247456
57.539384846211554,1.086093289464075,-0.05031545551395384,0.7784090909026359,0.7806267806254076,0.9999999999427045,0.057503276142511564
57.56439109777445,1.0848413913602113,-0.04979926841690437,0.7784090909024628,0.7806267806254049,0.9999999999405117,0.05750327614255101
57.58939734933734,1.0836033031482488,-0.04921113888484616,0.7784090909022804,0.7806267806254009,0.9999999999382606,0.05750327614259284
57.614403600900225,1.0823808087189253,-0.04855227619635754,0.7784090909020887,0.7806267806253955,0.9999999999359543,0.057503276142637096
57.63940985246312,1.0811756610415424,-0.04782398130063465,0.7784090909018876,0.7806267806253886,0.9999999999335965,0.057503276142683746
57.66441610402601,1.0799895789430378,-0.04702764311085184,0.7784090909016772,0.7806267806253802,0.999999999931191,0.05750327614273286
57.6894223555889,1.0788242457848098,-0.04616473582612968,0.7784090909014575,0.7806267806253702,0.999999999928743,0.057503276142784415
57.71442860715179,1.0776813069099818,-0.04523681506942613,0.7784090909012286,0.7806267806253586,0.9999999999262572,0.05750327614283837
57.73943485871468,1.0765623677448768,-0.04424551487759786,0.7784090909009906,0.7806267806253455,0.9999999999237399,0.057503276142894716
57.76444111027757,1.0754689920354337,-0.04319254424745264,0.7784090909007437,0.7806267806253309,0.999999999921197,0.05750327614295342
57.789447361840466,1.074402699721834,-0.04207968370100623,0.7784090909004882,0.7806267806253147,0.9999999999186354,0.0575032761430144
57.81445361340335,1.0733649655385378,-0.04090878214049611,0.7784090909002241,0.7806267806252969,0.9999999999160625,0.057503276143077625
57.839459864966244,1.072357216994288,-0.0396817532504673,0.778409090899952,0.7806267806252775,0.9999999999134861,0.05750327614314306
57.86446611652914,1.0713808331250618,-0.03840057247500095,0.7784090908996721,0.7806267806252565,0.9999999999109146,0.05750327614321057
57.88947236809202,1.0704371426910995,-0.037067273438931486,0.7784090908993848,0.7806267806252337,0.9999999999083564,0.05750327614328016
57.914478619654915,1.0695274230262686,-0.035683944966439535,0.7784090908990906,0.7806267806252094,0.9999999999058209,0.057503276143351614
57.93948487121781,1.068652898474084,-0.03425272761236772,0.77840909089879,0.7806267806251835,0.9999999999033173,0.057503276143424896
57.9644911227807,1.0678147393153943,-0.03277581068172137,0.7784090908984834,0.7806267806251561,0.9999999999008554,0.05750327614349982
57.989497374343586,1.0670140604536678,-0.0312554289423864,0.7784090908981716,0.780626780625127,0.9999999998984451,0.05750327614357634
58.01450362590648,1.0662519204026792,-0.02969385960168468,0.778409090897855,0.7806267806250964,0.9999999998960964,0.05750327614365425
58.03950987746937,1.0655293202275025,-0.02809341925891826,0.7784090908975345,0.7806267806250642,0.9999999998938194,0.05750327614373336
58.06451612903226,1.0648472025869278,-0.026456460819189304,0.7784090908972109,0.7806267806250305,0.9999999998916241,0.05750327614381354
58.08952238059515,1.0642064509103686,-0.024785370683414146,0.7784090908968848,0.7806267806249954,0.9999999998895208,0.057503276143894624
58.11452863215804,1.0636078885250773,-0.023082565654617686,0.7784090908965572,0.7806267806249587,0.999999999887519,0.05750327614397634
58.139534883720934,1.06305227800955,-0.021350490266587488,0.7784090908962288,0.7806267806249206,0.9999999998856284,0.05750327614405856
58.16454113528383,1.0625403204713122,-0.019591613826849156,0.7784090908959005,0.7806267806248813,0.9999999998838582,0.05750327614414105
58.18954738684671,1.062072654997497,-0.017808427715081388,0.7784090908955734,0.7806267806248407,0.9999999998822173,0.057503276144223535
58.214553638409605,1.0616498581335272,-0.016003442687193687,0.7784090908952483,0.7806267806247988,0.9999999998807139,0.05750327614430586
58.2395598899725,1.0612724434122844,-0.014179186105030321,0.7784090908949264,0.7806267806247559,0.9999999998793555,0.05750327614438776
58.26456614153539,1.0609408609987916,-0.012338199400476774,0.7784090908946084,0.7806267806247118,0.9999999998781495,0.057503276144468984
58.289572393098275,1.0606554973535123,-0.010483035423105781,0.7784090908942954,0.7806267806246668,0.9999999998771019,0.057503276144549295
58.31457864466117,1.0604166749805015,-0.00861625585413296,0.7784090908939885,0.7806267806246209,0.9999999998762181,0.057503276144628496
58.33958489622406,1.0602246522464862,-0.006740428728542385,0.7784090908936886,0.780626780624574,0.9999999998755029,0.057503276144706274
58.364591147786946,1.0600796232461986,-0.004858125897339576,0.7784090908933967,0.7806267806245265,0.9999999998749601,0.05750327614478243
58.38959739934984,1.0599817177393915,-0.0029719205399594507,0.7784090908931137,0.7806267806244784,0.9999999998745923,0.05750327614485669
58.41460365091273,1.0599310011500056,-0.001084384723889028,0.7784090908928406,0.7806267806244298,0.9999999998744014,0.05750327614492888
58.439609902475624,1.0599274746236838,0.0008019130370591941,0.7784090908925783,0.7806267806243807,0.999999999874388,0.05750327614499875
58.46461615403851,1.059971075146621,0.0026844102161455883,0.7784090908923277,0.7806267806243314,0.9999999998745523,0.05750327614506601
58.4896224056014,1.0600616757259818,0.004560552687265411,0.7784090908920897,0.780626780624282,0.9999999998748927,0.05750327614513049
58.514628657164295,1.0601990856299184,0.006427797129596707,0.7784090908918648,0.7806267806242325,0.9999999998754074,0.05750327614519203
58.53963490872719,1.060383050687567,0.008283613434313004,0.778409090891654,0.780626780624183,0.9999999998760931,0.057503276145250436
58.56464116029007,1.0606132536499309,0.010125487113750923,0.7784090908914579,0.7806267806241337,0.999999999876946,0.05750327614530547
58.589647411852965,1.0608893146113858,0.011950921713471417,0.778409090891277,0.7806267806240847,0.9999999998779608,0.05750327614535705
58.61465366341586,1.061210791489043,0.013757441214263599,0.778409090891112,0.7806267806240362,0.9999999998791322,0.05750327614540493
58.63965991497875,1.061577180562913,0.015542592461293768,0.7784090908909633,0.7806267806239882,0.9999999998804534,0.05750327614544906
58.664666166541636,1.0619879170845972,0.017303947630945997,0.7784090908908314,0.7806267806239408,0.9999999998819175,0.05750327614548925
58.68967241810453,1.0624423759356034,0.019039106651846785,0.7784090908907164,0.7806267806238942,0.9999999998835165,0.057503276145525514
58.71467866966742,1.062939872347103,0.020745699667341688,0.7784090908906188,0.7806267806238486,0.999999999885242,0.057503276145557614
58.73968492123031,1.063479662704301,0.02242138958937372,0.7784090908905387,0.780626780623804,0.9999999998870854,0.057503276145585605
58.7646911727932,1.0640609453795657,0.024063874541531503,0.7784090908904759,0.7806267806237605,0.9999999998890374,0.0575032761456094
58.78969742435609,1.064682861643271,0.02567089040546469,0.778409090890431,0.7806267806237182,0.9999999998910885,0.05750327614562896
58.814703675918985,1.065344496669656,0.027240213453097142,0.7784090908904036,0.7806267806236772,0.999999999893229,0.05750327614564429
58.83970992748187,1.0660448805295424,0.028769662795159204,0.7784090908903935,0.7806267806236378,0.999999999895449,0.057503276145655396
58.86471617904476,1.0667829893425465,0.03025710311649754,0.7784090908904006,0.7806267806235998,0.9999999998977387,0.057503276145662294
58.889722430607655,1.0675577464240844,0.03170044722994571,0.7784090908904249,0.7806267806235635,0.9999999999000881,0.057503276145664944
58.91472868217055,1.0683680235076607,0.0330976587075084,0.7784090908904657,0.780626780623529,0.9999999999024876,0.057503276145663515
58.93973493373343,1.0692126421082881,0.034446754664517326,0.7784090908905228,0.7806267806234961,0.9999999999049273,0.057503276145658075
58.964741185296326,1.0700903747922033,0.03574580825315654,0.7784090908905958,0.780626780623465,0.9999999999073981,0.057503276145648624
58.98974743685922,1.0709999467463744,0.036992951608257336,0.7784090908906842,0.7806267806234359,0.9999999999098907,0.057503276145635294
59.01475368842211,1.0719400371324577,0.03818637829668297,0.7784090908907875,0.7806267806234088,0.9999999999123965,0.05750327614561818
59.039759939985,1.0729092808217038,0.03932434630607658,0.778409090890905,0.7806267806233838,0.9999999999149072,0.0575032761455974
59.06476619154789,1.0739062698742008,0.04040518052290508,0.7784090908910363,0.7806267806233608,0.9999999999174145,0.05750327614557309
59.08977244311078,1.0749295554062432,0.04142727568397138,0.7784090908911805,0.7806267806233398,0.9999999999199113,0.05750327614554541
59.114778694673674,1.0759776492180704,0.04238909890048135,0.7784090908913371,0.7806267806233209,0.9999999999223903,0.05750327614551448
59.13978494623656,1.0770490257881962,0.04328919254493303,0.7784090908915055,0.7806267806233043,0.9999999999248452,0.057503276145480446
59.16479119779945,1.078142124029429,0.04412617677026018,0.7784090908916849,0.7806267806232896,0.9999999999272697,0.05750327614544347
59.189797449362345,1.0792553494537458,0.044898752361664816,0.7784090908918745,0.7806267806232772,0.9999999999296586,0.05750327614540368
59.21480370092523,1.080387075985125,0.04560570314798095,0.7784090908920736,0.7806267806232668,0.9999999999320067,0.05750327614536131
59.23980995248812,1.0815356483824812,0.04624589887504926,0.7784090908922816,0.7806267806232587,0.9999999999343097,0.05750327614531642
59.264816204051016,1.0826993840040176,0.04681829739172272,0.7784090908924977,0.7806267806232529,0.9999999999365634,0.05750327614526923
59.28982245561391,1.083876575571154,0.04732194757440596,0.7784090908927211,0.780626780623249,0.9999999999387648,0.057503276145219946
59.314828707176794,1.0850654928387504,0.047755991234824,0.7784090908929513,0.7806267806232472,0.9999999999409104,0.057503276145168696
59.33983495873969,1.0862643856475256,0.04811966601318904,0.7784090908931873,0.7806267806232476,0.9999999999429978,0.05750327614511563
59.36484121030258,1.0874714857094314,0.04841230712170421,0.7784090908934287,0.78062678062325,0.9999999999450251,0.05750327614506093
59.38984746186547,1.0886850094299925,0.04863334983831862,0.7784090908936746,0.7806267806232544,0.9999999999469905,0.05750327614500475
59.41485371342836,1.0899031606839211,0.04878233157468295,0.7784090908939244,0.7806267806232607,0.9999999999488927,0.05750327614494726
59.43985996499125,1.0911241323315726,0.0488588933275971,0.7784090908941775,0.780626780623269,0.9999999999507309,0.05750327614488861
59.46486621655414,1.0923461102989869,0.04886278224886069,0.7784090908944333,0.7806267806232791,0.9999999999525043,0.057503276144828946
59.489872468117035,1.093567275443731,0.04879385276614424,0.7784090908946912,0.7806267806232909,0.9999999999542128,0.057503276144768405
59.51487871967992,1.094785805730562,0.048652068084120585,0.7784090908949506,0.7806267806233047,0.9999999999558564,0.057503276144707086
59.53988497124281,1.0959998803455862,0.04843750194947081,0.7784090908952109,0.78062678062332,0.9999999999574354,0.057503276144645246
59.564891222805706,1.0972076813124578,0.04815033941835382,0.7784090908954716,0.7806267806233371,0.99999999995895,0.05750327614458291
59.5898974743686,1.098407396647654,0.04779087807939371,0.7784090908957323,0.7806267806233558,0.9999999999604012,0.057503276144520235
59.614903725931484,1.0995972235182365,0.04735952879599259,0.7784090908959925,0.7806267806233759,0.9999999999617897,0.05750327614445732
59.639909977494376,1.100775370361679,0.0468568163458969,0.7784090908962518,0.7806267806233974,0.9999999999631166,0.05750327614439432
59.66491622905727,1.1019400606185978,0.046283379785237166,0.7784090908965097,0.7806267806234205,0.9999999999643832,0.057503276144331275
59.689922480620154,1.1030895347793406,0.04563997267152511,0.7784090908967658,0.7806267806234447,0.9999999999655904,0.057503276144268374
59.71492873218305,1.1042220538450527,0.044927462970372437,0.7784090908970199,0.7806267806234704,0.9999999999667399,0.057503276144205584
59.73993498374594,1.1053359018183868,0.04414683280901519,0.7784090908972716,0.780626780623497,0.9999999999678328,0.05750327614414311
59.76494123530883,1.1064293887405638,0.04329917793355376,0.7784090908975204,0.7806267806235249,0.999999999968871,0.05750327614408104
59.78994748687172,1.1075008534511988,0.042385706932882225,0.7784090908977663,0.7806267806235537,0.9999999999698557,0.057503276144019386
59.81495373843461,1.10854866640961,0.04140774022577183,0.7784090908980089,0.7806267806235836,0.9999999999707885,0.057503276143958254
59.8399599899975,1.109571232482657,0.04036670875904597,0.7784090908982481,0.7806267806236142,0.9999999999716711,0.05750327614389773
59.864966241560396,1.1105669936932903,0.03926415246233895,0.7784090908984834,0.7806267806236458,0.9999999999725048,0.05750327614383785
59.88997249312328,1.1115344318907217,0.03810171846089445,0.7784090908987149,0.7806267806236782,0.9999999999732914,0.057503276143778634
59.914978744686174,1.112472071478486,0.03688115893150001,0.7784090908989423,0.7806267806237112,0.9999999999740321,0.05750327614372023
59.939984996249066,1.1133784818974024,0.035604328873105696,0.7784090908991654,0.7806267806237449,0.9999999999747288,0.0575032761436626
59.96499124781196,1.1142522803164019,0.03427318333120906,0.7784090908993841,0.7806267806237792,0.9999999999753826,0.05750327614360583
59.989997499374844,1.1150921339242446,0.03288977473008466,0.7784090908995985,0.780626780623814,0.9999999999759951,0.05750327614354993
60.01500375093774,1.1158967625044598,0.031456249511144015,0.7784090908998081,0.7806267806238493,0.9999999999765676,0.057503276143495
60.04001000250063,1.116664940586466,0.029974844954461156,0.7784090909000131,0.7806267806238849,0.9999999999771014,0.057503276143441015
60.065016254063515,1.1173954997825275,0.028447885384695778,0.7784090909002134,0.780626780623921,0.9999999999775979,0.057503276143387974
60.09002250562641,1.1180873308711774,0.0268777783347606,0.7784090909004087,0.7806267806239572,0.999999999978058,0.057503276143336036
60.1150287571893,1.1187393858080275,0.02526701048169875,0.7784090909005991,0.7806267806239938,0.9999999999784831,0.05750327614328511
60.14003500875219,1.11935067971358,0.023618143151225634,0.7784090909007846,0.7806267806240305,0.999999999978874,0.05750327614323526
60.16504126031508,1.1199202926112704,0.021933807906033442,0.7784090909009651,0.7806267806240673,0.999999999979232,0.05750327614318651
60.19004751187797,1.1204473711700826,0.02021670167823491,0.7784090909011406,0.7806267806241043,0.9999999999795578,0.05750327614313884
60.215053763440864,1.1209311302740947,0.018469581779717265,0.7784090909013112,0.7806267806241414,0.9999999999798523,0.057503276143092266
60.240060015003756,1.1213708544422505,0.016695260840094428,0.7784090909014767,0.7806267806241783,0.9999999999801163,0.05750327614304686
60.26506626656664,1.1217658991725898,0.014896601406973915,0.7784090909016371,0.7806267806242153,0.9999999999803506,0.05750327614300255
60.290072518129534,1.1221156921144149,0.01307651047952826,0.7784090909017924,0.7806267806242522,0.9999999999805558,0.05750327614295944
60.31507876969243,1.122419734100449,0.01123793395158157,0.7784090909019428,0.7806267806242889,0.9999999999807323,0.05750327614291749
60.34008502125532,1.1226776000588816,0.009383850843689506,0.778409090902088,0.7806267806243254,0.9999999999808808,0.0575032761428767
60.365091272818205,1.122888939767816,0.0075172674566073875,0.7784090909022282,0.7806267806243619,0.9999999999810016,0.0575032761428371
60.3900975243811,1.1230534784588866,0.00564121149295967,0.7784090909023634,0.7806267806243979,0.9999999999810951,0.05750327614279867
60.41510377594399,1.1231710172803955,0.003758726060844893,0.7784090909024937,0.7806267806244338,0.9999999999811617,0.057503276142761434
60.44011002750688,1.1232414336079226,0.0018728636376899894,0.7784090909026189,0.7806267806244694,0.9999999999812015,0.05750327614272535
60.46511627906977,1.1232646812020701,-1.3319988687609077e-05,0.7784090909027391,0.7806267806245046,0.9999999999812146,0.05750327614269047
60.49012253063266,1.1232407902152224,-0.001896771785436422,0.7784090909028545,0.7806267806245395,0.999999999981201,0.05750327614265679
60.51512878219555,1.1231698670470267,-0.0037744475343350513,0.7784090909029648,0.7806267806245739,0.9999999999811611,0.05750327614262431
60.54013503375844,1.12305209404864,-0.005643317862316174,0.7784090909030701,0.780626780624608,0.9999999999810945,0.05750327614259307
60.56514128532133,1.1228877290765136,-0.007500374228483,0.7784090909031706,0.7806267806246415,0.999999999981001,0.05750327614256299
60.590147536884224,1.1226771048969595,-0.009342634843778654,0.778409090903266,0.7806267806246747,0.9999999999808805,0.057503276142534136
60.61515378844712,1.1224206284442968,-0.011167150501869252,0.7784090909033566,0.7806267806247074,0.9999999999807329,0.0575032761425065
60.64016004001,1.1221187799340164,-0.012971010308722802,0.7784090909034423,0.7806267806247396,0.9999999999805576,0.05750327614248005
60.665166291572895,1.1217721118359774,-0.014751347288740448,0.7784090909035231,0.7806267806247711,0.9999999999803544,0.05750327614245489
60.69017254313579,1.121381247705733,-0.01650534387194926,0.7784090909035989,0.7806267806248022,0.9999999999801226,0.05750327614243092
60.71517879469868,1.1209468808784917,-0.018230237225507546,0.7784090909036699,0.7806267806248326,0.9999999999798619,0.05750327614240816
60.740185046261566,1.1204697730429185,-0.019923324372793493,0.778409090903736,0.7806267806248625,0.9999999999795716,0.057503276142386636
60.76519129782446,1.1199507526834573,-0.021581967176715483,0.778409090903797,0.7806267806248917,0.999999999979251,0.05750327614236644
60.79019754938735,1.1193907133814809,-0.02320359716540844,0.7784090909038531,0.7806267806249202,0.9999999999788994,0.05750327614234743
60.81520380095024,1.118790612033954,-0.024785720032055234,0.7784090909039042,0.7806267806249481,0.9999999999785161,0.05750327614232974
60.84021005251313,1.1181514669490897,-0.026325919993030415,0.7784090909039502,0.7806267806249753,0.9999999999781002,0.05750327614231335
60.86521630407602,1.1174743557958253,-0.027821863985340558,0.7784090909039912,0.7806267806250019,0.9999999999776508,0.05750327614229815
60.890222555638914,1.116760413527069,-0.029271305435173624,0.7784090909040271,0.7806267806250278,0.9999999999771669,0.05750327614228431
60.91522880720181,1.11601083016152,-0.03067208794655384,0.7784090909040579,0.7806267806250529,0.9999999999766477,0.0575032761422718
60.94023505876469,1.115226848445358,-0.032022148729259625,0.7784090909040834,0.7806267806250773,0.999999999976092,0.05750327614226061
60.965241310327585,1.1144097615490276,-0.03331952158414683,0.7784090909041036,0.7806267806251008,0.9999999999754987,0.05750327614225078
60.99024756189048,1.1135609105340416,-0.0345623399187024,0.7784090909041186,0.7806267806251237,0.9999999999748668,0.0575032761422423
61.01525381345336,1.1126816818803318,-0.035748839209671375,0.778409090904128,0.7806267806251457,0.9999999999741949,0.057503276142235285
61.040260065016255,1.1117735049133992,-0.03687735936716803,0.7784090909041321,0.780626780625167,0.9999999999734822,0.05750327614222959
61.06526631657915,1.110837849085577,-0.03794634683308453,0.7784090909041306,0.7806267806251874,0.9999999999727274,0.057503276142225376
61.09027256814204,1.10987622143225,-0.03895435622499565,0.7784090909041234,0.7806267806252071,0.9999999999719291,0.05750327614222259
61.115278819704926,1.1088901636625559,-0.03990005203554041,0.7784090909041105,0.7806267806252258,0.9999999999710862,0.05750327614222128
61.14028507126782,1.1078812496024288,-0.0407822096515208,0.7784090909040917,0.7806267806252436,0.9999999999701977,0.05750327614222152
61.16529132283071,1.1068510821963524,-0.04159971656516315,0.778409090904067,0.7806267806252606,0.9999999999692624,0.057503276142223274
61.190297574393604,1.105801290901007,-0.04235157286383451,0.7784090909040363,0.7806267806252767,0.9999999999682789,0.05750327614222655
61.21530382595649,1.1047335286717181,-0.043036891913825946,0.7784090909039993,0.7806267806252919,0.9999999999672463,0.05750327614223142
61.24031007751938,1.1036494693007923,-0.043654900368969324,0.7784090909039562,0.7806267806253061,0.9999999999661636,0.057503276142237936
61.265316329082275,1.1025508044196966,-0.04420493834946622,0.7784090909039066,0.7806267806253194,0.9999999999650298,0.05750327614224608
61.29032258064517,1.1014392408365832,-0.04468645897793505,0.7784090909038505,0.7806267806253318,0.999999999963844,0.057503276142255914
61.31532883220805,1.1003164975112867,-0.04509902811094693,0.7784090909037877,0.780626780625343,0.9999999999626055,0.05750327614226751
61.340335083770945,1.099184303013623,-0.04544232341128279,0.7784090909037182,0.7806267806253534,0.9999999999613134,0.05750327614228076
61.36534133533384,1.0980443923703587,-0.045716133674392034,0.7784090909036419,0.7806267806253626,0.9999999999599676,0.05750327614229585
61.39034758689672,1.096898504796381,-0.04592035749789407,0.7784090909035585,0.7806267806253708,0.9999999999585675,0.05750327614231273
61.415353838459616,1.0957483803318293,-0.04605500216972869,0.7784090909034679,0.780626780625378,0.999999999957113,0.057503276142331444
61.44036009002251,1.0945957578844672,-0.04612018211088517,0.7784090909033702,0.780626780625384,0.999999999955604,0.05750327614235203
61.4653663415854,1.093442371816377,-0.04611611716825383,0.7784090909032652,0.7806267806253889,0.999999999954041,0.05750327614237451
61.49037259314829,1.0922899498654233,-0.046043131055143016,0.7784090909031527,0.7806267806253928,0.9999999999524243,0.05750327614239889
61.51537884471118,1.0911402105818944,-0.045901649102789176,0.7784090909030327,0.7806267806253955,0.9999999999507546,0.05750327614242522
61.54038509627407,1.0899948600573763,-0.0456921963720424,0.778409090902905,0.7806267806253969,0.9999999999490332,0.05750327614245354
61.565391347836965,1.0888555907156765,-0.04541539561994014,0.7784090909027698,0.7806267806253973,0.9999999999472611,0.05750327614248382
61.59039759939985,1.0877240779809652,-0.04507196448063242,0.7784090909026269,0.7806267806253964,0.9999999999454401,0.05750327614251611
61.61540385096274,1.0866019777144658,-0.04466271353084595,0.7784090909024761,0.7806267806253943,0.9999999999435722,0.057503276142550394
61.640410102525635,1.0854909250039326,-0.0441885437362646,0.7784090909023176,0.7806267806253909,0.9999999999416597,0.05750327614258673
61.66541635408853,1.0843925309912135,-0.04365044351434944,0.7784090909021514,0.7806267806253863,0.9999999999397052,0.05750327614262507
61.69042260565141,1.0833083809966966,-0.04304948646426908,0.7784090909019774,0.7806267806253804,0.9999999999377119,0.05750327614266545
61.715428857214306,1.0822400327447772,-0.04238682853559379,0.7784090909017958,0.7806267806253732,0.9999999999356832,0.0575032761427078
61.7404351087772,1.0811890136543463,-0.04166370504483052,0.7784090909016065,0.7806267806253645,0.999999999933623,0.057503276142752247
61.76544136034009,1.0801568196450262,-0.04088142827594573,0.7784090909014096,0.7806267806253547,0.9999999999315354,0.05750327614279859
61.79044761190298,1.0791449126502741,-0.04004138415687353,0.7784090909012054,0.7806267806253435,0.9999999999294251,0.05750327614284696
61.81545386346587,1.0781547191804686,-0.03914502980231769,0.778409090900994,0.780626780625331,0.9999999999272973,0.057503276142897214
61.84046011502876,1.0771876284098256,-0.03819389030536616,0.7784090909007754,0.780626780625317,0.999999999925157,0.05750327614294941
61.86546636659165,1.0762449905420124,-0.03718955601604416,0.77840909090055,0.7806267806253017,0.9999999999230103,0.05750327614300342
61.89047261815454,1.075328115269136,-0.03613367953068473,0.7784090909003181,0.780626780625285,0.9999999999208632,0.05750327614305919
61.91547886971743,1.0744382701565034,-0.035027972800164585,0.7784090909000799,0.780626780625267,0.9999999999187221,0.057503276143116705
61.940485121280325,1.073576679301121,-0.0338742042252351,0.7784090908998359,0.7806267806252476,0.9999999999165939,0.05750327614317579
61.96549137284321,1.0727445218587608,-0.0326741957341611,0.7784090908995863,0.7806267806252268,0.9999999999144855,0.05750327614323646
61.9904976244061,1.0719429308178767,-0.03142981990125692,0.7784090908993315,0.7806267806252047,0.9999999999124042,0.0575032761432986
62.015503875968996,1.071172991722232,-0.030142997095393587,0.7784090908990721,0.7806267806251813,0.9999999999103573,0.05750327614336206
62.04051012753189,1.0704357415245276,-0.028815692572446993,0.7784090908988083,0.7806267806251564,0.9999999999083525,0.05750327614342684
62.065516379094774,1.0697321675207214,-0.027449913753888486,0.7784090908985409,0.7806267806251304,0.9999999999063975,0.057503276143492675
62.09052263065767,1.0690632062775716,-0.02604770728207653,0.7784090908982705,0.7806267806251029,0.9999999999045002,0.05750327614355953
62.11552888222056,1.0684297427645022,-0.024611156434278105,0.7784090908979974,0.7806267806250743,0.9999999999026679,0.05750327614362723
62.14053513378345,1.0678326093794543,-0.02314237818358786,0.7784090908977225,0.7806267806250444,0.9999999999009086,0.05750327614369562
62.16554138534634,1.0672725852329858,-0.021643520687284028,0.7784090908974463,0.7806267806250133,0.9999999998992297,0.05750327614376456
62.19054763690923,1.0667503953249233,-0.020116760458220664,0.7784090908971695,0.780626780624981,0.9999999998976385,0.05750327614383392
62.21555388847212,1.066266709916408,-0.018564299808457575,0.7784090908968929,0.7806267806249476,0.9999999998961424,0.05750327614390346
62.240560140035015,1.0658221439037086,-0.016988364240705007,0.7784090908966171,0.7806267806249132,0.999999999894748,0.05750327614397307
62.2655663915979,1.0654172562545936,-0.015391199795436197,0.778409090896343,0.7806267806248777,0.9999999998934618,0.057503276144042555
62.29057264316079,1.0650525495581356,-0.01377507061507532,0.7784090908960714,0.7806267806248414,0.9999999998922897,0.05750327614411163
62.315578894723686,1.0647284695753259,-0.01214225634300342,0.7784090908958028,0.780626780624804,0.9999999998912374,0.0575032761441803
62.34058514628657,1.064445404894711,-0.010495049657660245,0.7784090908955381,0.7806267806247658,0.99999999989031,0.057503276144248244
62.365591397849464,1.064203686641414,-0.00883575385065468,0.7784090908952782,0.7806267806247269,0.9999999998895116,0.05750327614431526
62.390597649412356,1.0640035882317531,-0.007166680340755932,0.7784090908950239,0.7806267806246873,0.9999999998888464,0.05750327614438125
62.41560390097525,1.0638453252065079,-0.005490146281651974,0.7784090908947757,0.780626780624647,0.9999999998883173,0.057503276144445954
62.440610152538135,1.063729055118121,-0.003808472190404954,0.7784090908945348,0.7806267806246062,0.9999999998879271,0.05750327614450913
62.46561640410103,1.0636548774729169,-0.0021239795542750957,0.7784090908943015,0.780626780624565,0.9999999998876774,0.057503276144570695
62.49062265566392,1.0636228337380123,-0.00043898847739326773,0.7784090908940768,0.7806267806245235,0.9999999998875694,0.05750327614463043
62.51562890722681,1.0636329074053967,0.0012441846520048455,0.7784090908938615,0.7806267806244817,0.9999999998876034,0.05750327614468814
62.5406351587897,1.0636850241135245,0.0029232294916988304,0.778409090893656,0.7806267806244396,0.9999999998877789,0.05750327614474368
62.56564141035259,1.0637790518276604,0.004595844069104557,0.7784090908934609,0.7806267806243975,0.9999999998880951,0.05750327614479691
62.59064766191548,1.0639148010781612,0.006259737093485278,0.778409090893277,0.7806267806243554,0.9999999998885498,0.05750327614484757
62.615653913478376,1.0640920252564028,0.007912630263663161,0.7784090908931048,0.7806267806243135,0.9999999998891409,0.0575032761448956
62.64066016504126,1.064310420967868,0.00955226057347326,0.7784090908929449,0.7806267806242717,0.9999999998898648,0.05750327614494085
62.665666416604154,1.0645696284445976,0.011176382627732013,0.7784090908927975,0.7806267806242302,0.9999999998907179,0.05750327614498322
62.690672668167046,1.0648692320151139,0.012782770951771357,0.7784090908926633,0.7806267806241892,0.9999999998916957,0.05750327614502252
62.71567891972993,1.065208760628185,0.014369222286992202,0.7784090908925424,0.7806267806241487,0.9999999998927933,0.057503276145058735
62.740685171292824,1.0655876884381474,0.01593355792536537,0.7784090908924354,0.7806267806241088,0.9999999998940051,0.057503276145091674
62.76569142285572,1.0660054354558628,0.01747362606172157,0.7784090908923423,0.7806267806240695,0.9999999998953253,0.057503276145121324
62.79069767441861,1.0664613682370605,0.01898730407423044,0.7784090908922634,0.7806267806240311,0.9999999998967473,0.05750327614514765
62.815703925981495,1.0669548006473824,0.020472500905633066,0.7784090908921988,0.7806267806239936,0.9999999998982644,0.05750327614517056
62.84071017754439,1.0674849946939893,0.021927159448568455,0.7784090908921486,0.780626780623957,0.9999999998998698,0.057503276145189984
62.86571642910728,1.0680511613746932,0.023349258825871515,0.7784090908921127,0.7806267806239214,0.9999999999015561,0.057503276145206
62.89072268067017,1.0686524616447746,0.024736816864848042,0.7784090908920913,0.7806267806238871,0.999999999903316,0.05750327614521851
62.91572893223306,1.069288007400503,0.02608789243345707,0.7784090908920841,0.780626780623854,0.999999999905142,0.05750327614522753
62.94073518379595,1.0699568625180131,0.027400587810397083,0.7784090908920911,0.7806267806238222,0.9999999999070264,0.057503276145233095
62.965741435358844,1.0706580440216864,0.02867305120236773,0.778409090892112,0.7806267806237918,0.9999999999089617,0.05750327614523522
62.990747686921736,1.0713905231833545,0.02990347899024694,0.7784090908921465,0.7806267806237627,0.9999999999109404,0.05750327614523397
63.01575393848462,1.0721532268480574,0.031090118333403166,0.7784090908921945,0.780626780623735,0.9999999999129551,0.0575032761452294
63.040760190047514,1.0729450386488888,0.032231269424789065,0.7784090908922555,0.780626780623709,0.9999999999149984,0.0575032761452215
63.06576644161041,1.073764800424889,0.03332528802950742,0.7784090908923293,0.7806267806236846,0.9999999999170633,0.05750327614521039
63.0907726931733,1.0746113136173052,0.03437058785759226,0.7784090908924154,0.7806267806236619,0.999999999919143,0.057503276145196194
63.115778944736185,1.0754833407285953,0.035365642950110375,0.7784090908925133,0.7806267806236408,0.9999999999212309,0.0575032761451789
63.14078519629908,1.0763796069256164,0.036308990174654075,0.7784090908926226,0.7806267806236215,0.9999999999233207,0.05750327614515874
63.16579144786197,1.0772988015343543,0.03719923146401027,0.7784090908927428,0.7806267806236038,0.9999999999254062,0.05750327614513567
63.190797699424856,1.078239579840346,0.03803503637615095,0.7784090908928734,0.7806267806235879,0.999999999927482,0.05750327614510993
63.21580395098775,1.0792005646328318,0.03881514421252188,0.7784090908930138,0.7806267806235739,0.9999999999295428,0.057503276145081536
63.24081020255064,1.080180348180197,0.039538366575114274,0.7784090908931635,0.7806267806235616,0.9999999999315837,0.057503276145050713
63.26581645411353,1.0811774938468068,0.04020358938783456,0.7784090908933219,0.7806267806235512,0.9999999999336,0.05750327614501749
63.29082270567642,1.082190538201855,0.040809775375561505,0.7784090908934884,0.7806267806235425,0.9999999999355876,0.05750327614498207
63.31582895723931,1.0832179927664505,0.04135596602711273,0.7784090908936626,0.7806267806235356,0.9999999999375428,0.05750327614494451
63.340835208802204,1.0842583461501067,0.041841283880673395,0.7784090908938438,0.7806267806235306,0.999999999939462,0.05750327614490495
63.3658414603651,1.0853100660831234,0.042264934523146946,0.7784090908940314,0.7806267806235273,0.9999999999413423,0.05750327614486358
63.39084771192798,1.0863716013496159,0.04262620849715043,0.7784090908942248,0.7806267806235259,0.9999999999431808,0.057503276144820495
63.415853963490875,1.0874413843519757,0.0429244834593744,0.7784090908944236,0.7806267806235261,0.9999999999449753,0.05750327614477586
63.44086021505377,1.088517832630521,0.04315922558217275,0.7784090908946271,0.7806267806235281,0.999999999946724,0.05750327614472975
63.46586646661666,1.0895993519507916,0.04332999179963802,0.7784090908948347,0.7806267806235317,0.9999999999484248,0.0575032761446823
63.490872718179546,1.090684337868508,0.043436430961767254,0.778409090895046,0.7806267806235371,0.9999999999500766,0.0575032761446337
63.51587896974244,1.0917711781790924,0.04347828550996309,0.7784090908952603,0.7806267806235441,0.999999999951678,0.05750327614458403
63.54088522130533,1.0928582560036286,0.043455393110533216,0.7784090908954774,0.7806267806235525,0.9999999999532285,0.05750327614453342
63.56589147286822,1.093943950986628,0.043367687410381724,0.7784090908956964,0.7806267806235626,0.9999999999547273,0.05750327614448199
63.59089772443111,1.095026642507102,0.043215199530553854,0.7784090908959173,0.7806267806235742,0.9999999999561742,0.05750327614442984
63.615903975994,1.096104712303192,0.04299805897123529,0.7784090908961392,0.7806267806235871,0.9999999999575689,0.05750327614437711
63.640910227556894,1.0971765460512413,0.04271649425851871,0.7784090908963619,0.7806267806236016,0.9999999999589116,0.05750327614432391
63.66591647911978,1.09824053678152,0.04237083377138305,0.7784090908965849,0.7806267806236173,0.9999999999602025,0.05750327614427031
63.69092273068267,1.0992950868129565,0.04196150611088766,0.778409090896808,0.7806267806236344,0.9999999999614417,0.05750327614421641
63.715928982245565,1.1003386104011206,0.04148904046588795,0.7784090908970306,0.7806267806236528,0.9999999999626301,0.057503276144162375
63.74093523380846,1.1013695365146905,0.04095406664966018,0.7784090908972524,0.7806267806236723,0.9999999999637683,0.05750327614410821
63.76594148537134,1.1023863108173144,0.040357315125436756,0.7784090908974731,0.780626780623693,0.9999999999648568,0.057503276144054045
63.790947736934235,1.103387398806283,0.039699616590764375,0.7784090908976923,0.7806267806237147,0.9999999999658965,0.057503276143999985
63.81595398849713,1.1043712877277319,0.038981901656072175,0.7784090908979098,0.7806267806237375,0.9999999999668885,0.057503276143946104
63.84096024006002,1.105336489570608,0.03820519998470111,0.7784090908981254,0.7806267806237612,0.9999999999678335,0.057503276143892376
63.865966491622906,1.1062815431069979,0.03737063956787458,0.7784090908983387,0.7806267806237859,0.9999999999687326,0.057503276143839
63.8909727431858,1.1072050167017373,0.03647944542530611,0.7784090908985494,0.7806267806238114,0.999999999969587,0.05750327614378596
63.91597899474869,1.1081055104022743,0.035532938457460604,0.7784090908987574,0.7806267806238377,0.9999999999703976,0.057503276143733406
63.940985246311584,1.1089816586074859,0.03453253369017532,0.7784090908989625,0.7806267806238648,0.9999999999711655,0.05750327614368131
63.96599149787447,1.1098321321308298,0.03347973870508513,0.7784090908991645,0.7806267806238926,0.9999999999718919,0.05750327614362976
63.99099774943736,1.1106556407403352,0.03237615142004678,0.7784090908993633,0.7806267806239209,0.9999999999725778,0.05750327614357878
64.01600400100025,1.1114509351619306,0.03122345808701571,0.7784090908995587,0.78062678062395,0.9999999999732243,0.057503276143528424
64.04101025256314,1.1122168094572646,0.030023430639246357,0.7784090908997505,0.7806267806239795,0.9999999999738325,0.057503276143478756
64.06601650412604,1.1129521029758207,0.028777924208605934,0.7784090908999385,0.7806267806240094,0.9999999999744034,0.0575032761434299
64.09102275568893,1.1136557025006153,0.02748887413548341,0.7784090909001228,0.7806267806240399,0.999999999974938,0.05750327614338169
64.11602900725181,1.1143265441814563,0.0261582929106085,0.7784090909003032,0.7806267806240706,0.9999999999754374,0.05750327614333432
64.14103525881471,1.1149636153964564,0.02478826695042468,0.7784090909004796,0.7806267806241018,0.9999999999759024,0.05750327614328774
64.1660415103776,1.1155659566271434,0.023380952970703535,0.7784090909006519,0.7806267806241332,0.9999999999763339,0.057503276143242084
64.19104776194048,1.1161326630873534,0.021938574467041474,0.7784090909008201,0.7806267806241648,0.9999999999767328,0.05750327614319724
64.21605401350338,1.116662886410516,0.02046341772727373,0.7784090909009841,0.7806267806241967,0.9999999999771001,0.057503276143153315
64.24106026506627,1.117155836143006,0.018957827829437796,0.7784090909011437,0.7806267806242286,0.9999999999774363,0.057503276143110314
64.26606651662917,1.1176107811495148,0.017424204490126202,0.7784090909012992,0.7806267806242607,0.999999999977742,0.05750327614306823
64.29107276819205,1.118027050959087,0.01586499760118661,0.7784090909014503,0.7806267806242928,0.9999999999780183,0.05750327614302714
64.31607901975494,1.1184040369341766,0.014282702808011704,0.778409090901597,0.780626780624325,0.9999999999782655,0.057503276142986996
64.34108527131784,1.1187411933650795,0.012679856866834387,0.7784090909017394,0.7806267806243573,0.9999999999784843,0.057503276142947826
64.36609152288072,1.1190380384495981,0.011059032835743953,0.7784090909018773,0.7806267806243894,0.9999999999786751,0.057503276142909704
64.39109777444361,1.1192941551273334,0.009422835265318305,0.7784090909020108,0.7806267806244215,0.9999999999788383,0.057503276142872546
64.41610402600651,1.1195091918084599,0.007773895244909625,0.7784090909021399,0.7806267806244533,0.9999999999789744,0.057503276142836436
64.4411102775694,1.1196828629787356,0.006114865348978712,0.7784090909022645,0.7806267806244851,0.9999999999790836,0.057503276142801374
64.46611652913228,1.1198149496706615,0.0044484145461895774,0.7784090909023846,0.7806267806245166,0.9999999999791662,0.05750327614276736
64.49112278069518,1.119905299808,0.0027772230796008247,0.7784090909025003,0.7806267806245479,0.9999999999792226,0.057503276142734365
64.51612903225806,1.1199538284245767,0.001103977279617178,0.7784090909026116,0.780626780624579,0.9999999999792528,0.05750327614270244
64.54113528382096,1.119960517751605,-0.0005686356275851336,0.7784090909027183,0.7806267806246099,0.999999999979257,0.0575032761426716
64.56614153538385,1.1199254171747635,-0.0022379327125385665,0.7784090909028205,0.7806267806246404,0.9999999999792353,0.05750327614264182
64.59114778694673,1.1198486430619394,-0.003901240519501391,0.7784090909029183,0.7806267806246705,0.9999999999791873,0.05750327614261312
64.61615403850963,1.119730378462019,-0.0055559002149434805,0.7784090909030116,0.7806267806247004,0.9999999999791134,0.05750327614258551
64.64116029007252,1.1195708726754054,-0.007199272693734126,0.7784090909031004,0.7806267806247298,0.9999999999790132,0.057503276142558984
64.6661665416354,1.1193704406974947,-0.008828743624585873,0.7784090909031847,0.7806267806247588,0.9999999999788867,0.057503276142533595
64.6911727931983,1.119129462535851,-0.010441728426502398,0.7784090909032645,0.7806267806247874,0.9999999999787335,0.05750327614250929
64.71617904476119,1.1188483824060746,-0.012035677141326705,0.7784090909033398,0.7806267806248156,0.9999999999785534,0.05750327614248605
64.74118529632409,1.1185277078064024,-0.013608079209877328,0.7784090909034106,0.7806267806248433,0.999999999978346,0.057503276142463984
64.76619154788698,1.118168008475325,-0.015156468134978035,0.7784090909034768,0.7806267806248705,0.9999999999781111,0.05750327614244304
64.79119779944986,1.1177699152256115,-0.01667842603919511,0.7784090909035385,0.7806267806248971,0.9999999999778482,0.057503276142423225
64.81620405101276,1.1173341186807515,-0.01817158801822848,0.7784090909035956,0.7806267806249233,0.9999999999775566,0.05750327614240454
64.84121030257565,1.1168613679007902,-0.019633646375538532,0.778409090903648,0.7806267806249488,0.999999999977236,0.057503276142387066
64.86621655413853,1.116352468885904,-0.021062354743637463,0.7784090909036958,0.7806267806249739,0.9999999999768858,0.0575032761423707
64.89122280570143,1.1158082830018814,-0.022455531940864647,0.7784090909037391,0.7806267806249984,0.9999999999765053,0.05750327614235553
64.91622905726432,1.1152297253180514,-0.023811065662159344,0.7784090909037775,0.7806267806250221,0.999999999976094,0.05750327614234159
64.9412353088272,1.114617762805964,-0.025126916087349817,0.7784090909038114,0.7806267806250453,0.999999999975651,0.057503276142328794
64.9662415603901,1.1139734125140937,-0.026401119116031043,0.7784090909038405,0.780626780625068,0.9999999999751759,0.0575032761423172
64.99124781195299,1.1132977396401778,-0.02763178950479915,0.7784090909038647,0.7806267806250898,0.9999999999746675,0.05750327614230688
65.01625406351589,1.1125918554732679,-0.028817123845872657,0.778409090903884,0.780626780625111,0.9999999999741254,0.05750327614229779
65.04126031507877,1.1118569153884468,-0.029955403119212468,0.7784090909038985,0.7806267806251317,0.9999999999735485,0.05750327614228991
65.06626656664166,1.1110941166357844,-0.031044995303587637,0.778409090903908,0.7806267806251516,0.9999999999729362,0.05750327614228334
65.09127281820456,1.1103046961705858,-0.03208435752545197,0.7784090909039125,0.7806267806251707,0.9999999999722876,0.057503276142278056
65.11627906976744,1.1094899284204622,-0.033072038100864155,0.7784090909039119,0.7806267806251891,0.9999999999716018,0.057503276142274067
65.14128532133033,1.1086511228973674,-0.03400667839338796,0.7784090909039061,0.7806267806252066,0.9999999999708782,0.05750327614227144
65.16629157289323,1.1077896219879997,-0.034887014251694895,0.778409090903895,0.7806267806252236,0.9999999999701157,0.05750327614227014
65.19129782445611,1.1069067984007885,-0.03571187753259937,0.7784090909038787,0.7806267806252397,0.9999999999693137,0.05750327614227019
65.21630407601901,1.1060040529439654,-0.03648019701733464,0.778409090903857,0.7806267806252549,0.9999999999684712,0.05750327614227167
65.2413103275819,1.105082811887806,-0.03719099952605689,0.7784090909038298,0.7806267806252695,0.9999999999675877,0.057503276142274504
65.26631657914479,1.1041445247081065,-0.037843410386225636,0.7784090909037971,0.7806267806252831,0.9999999999666624,0.05750327614227879
65.29132283070768,1.1031906614155769,-0.03843665410917992,0.7784090909037586,0.780626780625296,0.9999999999656947,0.05750327614228454
65.31632908227057,1.1022227102706332,-0.038970054446391046,0.7784090909037146,0.780626780625308,0.9999999999646838,0.05750327614229174
65.34133533383346,1.1012421750950538,-0.03944303464559833,0.7784090909036646,0.7806267806253191,0.9999999999636295,0.05750327614230047
65.36634158539636,1.1002505730144239,-0.03985511710277798,0.7784090909036089,0.7806267806253294,0.9999999999625313,0.05750327614231066
65.39134783695924,1.0992494317073174,-0.04020592323820846,0.778409090903547,0.7806267806253387,0.9999999999613889,0.057503276142322465
65.41635408852213,1.098240287280846,-0.04049517275985251,0.7784090909034793,0.7806267806253472,0.9999999999602022,0.05750327614233577
65.44136034008503,1.0972246813866084,-0.040722683177310835,0.7784090909034054,0.7806267806253546,0.9999999999589709,0.05750327614235071
65.46636659164791,1.0962041593192864,-0.040888368748999634,0.7784090909033252,0.7806267806253612,0.9999999999576954,0.05750327614236723
65.49137284321081,1.095180266988917,-0.04099223956758098,0.7784090909032387,0.7806267806253666,0.9999999999563758,0.057503276142385436
65.5163790947737,1.0941545491843871,-0.04103440037505996,0.778409090903146,0.7806267806253712,0.9999999999550124,0.0575032761424052
65.54138534633658,1.0931285467072094,-0.04101504908961803,0.7784090909030468,0.7806267806253747,0.9999999999536062,0.0575032761424267
65.56639159789948,1.0921037941642495,-0.040934475572781424,0.7784090909029412,0.7806267806253773,0.9999999999521578,0.05750327614244981
65.59139784946237,1.0910818182691209,-0.040793059862064746,0.778409090902829,0.7806267806253788,0.9999999999506684,0.057503276142474656
65.61640410102525,1.0900641344784165,-0.040591270387868104,0.7784090909027103,0.7806267806253792,0.9999999999491389,0.057503276142501246
65.64141035258815,1.0890522457712128,-0.04032966246165812,0.778409090902585,0.7806267806253786,0.9999999999475713,0.057503276142529466
65.66641660415104,1.0880476404292307,-0.040008876022632596,0.7784090909024532,0.7806267806253768,0.9999999999459672,0.057503276142559415
65.69142285571394,1.0870517891041591,-0.03962963364911912,0.7784090909023148,0.780626780625374,0.9999999999443285,0.05750327614259113
65.71642910727682,1.0860661438143668,-0.039192738741042864,0.7784090909021699,0.7806267806253702,0.9999999999426578,0.0575032761426245
65.74143535883971,1.085092135397215,-0.03869907294258432,0.7784090909020186,0.7806267806253651,0.9999999999409575,0.05750327614265962
65.76644161040261,1.0841311715389867,-0.03814959412093381,0.7784090909018608,0.780626780625359,0.9999999999392306,0.05750327614269639
65.7914478619655,1.0831846353441292,-0.03754533408506883,0.7784090909016966,0.7806267806253516,0.9999999999374802,0.05750327614273487
65.81645411352838,1.0822538828704609,-0.03688739594274577,0.7784090909015263,0.7806267806253432,0.9999999999357099,0.05750327614277502
65.84146036509128,1.0813402420082674,-0.03617695207425346,0.7784090909013499,0.7806267806253335,0.9999999999339234,0.05750327614281678
65.86646661665417,1.0804450103067769,-0.035415241274966494,0.7784090909011674,0.7806267806253228,0.9999999999321247,0.05750327614286013
65.89147286821705,1.0795694536286962,-0.034603566604306794,0.7784090909009792,0.7806267806253109,0.9999999999303183,0.05750327614290503
65.91647911977995,1.0787148044432202,-0.03374329262190975,0.7784090909007855,0.7806267806252977,0.9999999999285085,0.057503276142951476
65.94148537134284,1.0778822603470308,-0.03283584300511938,0.7784090909005863,0.7806267806252833,0.9999999999267005,0.057503276142999354
65.96649162290574,1.077072982650856,-0.03188269791095126,0.778409090900382,0.7806267806252678,0.9999999999248992,0.0575032761430487
65.99149787446862,1.0762880949388176,-0.030885391452418226,0.778409090900173,0.7806267806252511,0.9999999999231097,0.05750327614309936
66.0165041260315,1.075528681816065,-0.02984550911090385,0.7784090908999594,0.7806267806252333,0.9999999999213379,0.0575032761431513
66.0415103775944,1.074795787602563,-0.028764685184133554,0.7784090908997416,0.7806267806252143,0.9999999999195892,0.05750327614320439
66.06651662915729,1.0740904151775081,-0.027644600185126766,0.7784090908995202,0.7806267806251941,0.9999999999178695,0.05750327614325863
66.09152288072018,1.0734135248492682,-0.02648697834262897,0.7784090908992952,0.7806267806251729,0.9999999999161847,0.05750327614331387
66.11652913228308,1.0727660332717417,-0.025293584952732276,0.7784090908990674,0.7806267806251505,0.9999999999145407,0.05750327614337002
66.14153538384596,1.072148812499131,-0.024066223972537465,0.778409090898837,0.780626780625127,0.9999999999129435,0.057503276143427
66.16654163540886,1.0715626889781555,-0.02280673533041401,0.7784090908986047,0.7806267806251024,0.9999999999113992,0.05750327614348466
66.19154788697175,1.0710084427668294,-0.021516992600607195,0.7784090908983707,0.7806267806250768,0.9999999999099137,0.05750327614354288
66.21655413853463,1.0704868066345057,-0.020198900328631128,0.7784090908981359,0.7806267806250502,0.9999999999084929,0.05750327614360151
66.24156039009753,1.0699984653976464,-0.018854391718751543,0.7784090908979006,0.7806267806250226,0.9999999999071424,0.05750327614366053
66.26656664166042,1.0695440551788251,-0.017485426080893447,0.7784090908976653,0.780626780624994,0.9999999999058679,0.05750327614371972
66.2915728932233,1.0691241628068069,-0.016093986423511186,0.7784090908974307,0.7806267806249646,0.9999999999046746,0.05750327614377897
66.3165791447862,1.068739325261979,-0.014682077095878647,0.7784090908971975,0.7806267806249343,0.9999999999035677,0.05750327614383811
66.34158539634909,1.0683900291455906,-0.013251721302190001,0.7784090908969662,0.7806267806249031,0.9999999999025518,0.057503276143897
66.36659164791197,1.068076710268216,-0.01180495883260834,0.7784090908967375,0.7806267806248712,0.9999999999016316,0.05750327614395545
66.39159789947487,1.067799753245551,-0.010343843667679833,0.7784090908965118,0.7806267806248387,0.9999999999008109,0.05750327614401339
66.41660415103776,1.0675594911741135,-0.0088704416336793,0.77840909089629,0.7806267806248055,0.9999999999000933,0.05750327614407059
66.44161040260066,1.0673562053737873,-0.007386828150203233,0.7784090908960726,0.7806267806247716,0.9999999998994822,0.05750327614412695
66.46661665416354,1.067190125167012,-0.005895085902289399,0.7784090908958601,0.7806267806247373,0.9999999998989801,0.05750327614418234
66.49162290572643,1.0670614277280983,-0.004397302562149219,0.7784090908956532,0.7806267806247025,0.9999999998985893,0.05750327614423658
66.51662915728933,1.0669702379893515,-0.002895568560686149,0.7784090908954527,0.7806267806246673,0.9999999998983116,0.05750327614428944
66.54163540885222,1.0669166285976888,-0.0013919748290192127,0.7784090908952591,0.7806267806246318,0.9999999998981478,0.05750327614434085
66.5666416604151,1.0669006199303004,0.00011138943517913458,0.7784090908950728,0.780626780624596,0.9999999998980988,0.057503276144390665
66.591647911978,1.0669221801664257,0.0016124389827563493,0.7784090908948945,0.78062678062456,0.9999999998981648,0.05750327614443873
66.61665416354089,1.0669812254134434,0.0031090947200301546,0.7784090908947247,0.780626780624524,0.9999999998983451,0.05750327614448495
66.64166041510379,1.0670776198882517,0.004599285911903293,0.7784090908945637,0.780626780624488,0.9999999998986386,0.05750327614452913
66.66666666666667,1.0672111761538938,0.006080952378487894,0.7784090908944121,0.7806267806244519,0.9999999998990439,0.057503276144571215
66.69167291822956,1.0673816554109041,0.0075520466820173885,0.7784090908942705,0.7806267806244162,0.9999999998995589,0.057503276144610996
66.71667916979246,1.0675887678427463,0.009010536309895822,0.778409090894139,0.7806267806243805,0.999999999900181,0.05750327614464849
66.74168542135534,1.0678321730162474,0.010454405861032075,0.7784090908940181,0.7806267806243451,0.9999999999009073,0.05750327614468355
66.76669167291823,1.0681114803397418,0.011881659239973481,0.7784090908939082,0.7806267806243102,0.9999999999017342,0.05750327614471601
66.79169792448113,1.068426249568828,0.013290321813052024,0.7784090908938094,0.7806267806242757,0.9999999999026576,0.05750327614474593
66.81670417604401,1.0687759913694161,0.014678442595448874,0.778409090893722,0.7806267806242418,0.9999999999036737,0.05750327614477313
66.8417104276069,1.06916016794561,0.01604409646852794,0.7784090908936462,0.7806267806242085,0.9999999999047775,0.05750327614479757
66.8667166791698,1.0695781937037783,0.01738538631946043,0.7784090908935822,0.780626780624176,0.9999999999059642,0.057503276144819225
66.89172293073268,1.070029435977974,0.018700445232732822,0.7784090908935302,0.7806267806241441,0.9999999999072287,0.05750327614483804
66.91672918229558,1.0705132158327757,0.019987438736052222,0.7784090908934899,0.7806267806241133,0.9999999999085654,0.05750327614485398
66.94173543385847,1.0710288088728361,0.021244566900933837,0.7784090908934616,0.7806267806240832,0.9999999999099687,0.057503276144867076
66.96674168542135,1.071575446152696,0.022470066598301596,0.7784090908934451,0.7806267806240542,0.9999999999114331,0.05750327614487724
66.99174793698425,1.0721523151320778,0.023662213694722063,0.7784090908934405,0.7806267806240261,0.9999999999129527,0.057503276144884596
67.01675418854714,1.0727585606400596,0.02481932516286427,0.7784090908934475,0.7806267806239993,0.9999999999145215,0.057503276144889044
67.04176044011002,1.0733932859936322,0.025939761407437117,0.7784090908934661,0.7806267806239735,0.9999999999161338,0.0575032761448906
67.06676669167292,1.0740555540368495,0.027021928292548104,0.778409090893496,0.780626780623949,0.9999999999177835,0.05750327614488938
67.09177294323581,1.0747443883713044,0.028064279459008912,0.778409090893537,0.7806267806239257,0.9999999999194652,0.05750327614488539
67.1167791947987,1.0754587745363937,0.029065318408508675,0.7784090908935891,0.7806267806239038,0.9999999999211728,0.057503276144878594
67.1417854463616,1.0761976612881818,0.030023600682994808,0.7784090908936516,0.7806267806238831,0.9999999999229009,0.0575032761448692
67.16679169792448,1.0769599619650956,0.030937736062306584,0.7784090908937245,0.780626780623864,0.9999999999246441,0.05750327614485712
67.19179794948738,1.07774455579087,0.031806390577925406,0.7784090908938072,0.7806267806238462,0.9999999999263971,0.05750327614484256
67.21680420105027,1.0785502894270027,0.032628288787592406,0.7784090908938994,0.7806267806238298,0.9999999999281548,0.057503276144825505
67.24181045261315,1.0793759783072188,0.033402215650956024,0.7784090908940008,0.780626780623815,0.9999999999299127,0.057503276144806104
67.26681670417605,1.0802204083612303,0.03412701882034895,0.7784090908941109,0.7806267806238016,0.9999999999316659,0.05750327614478434
67.29182295573894,1.081082337390292,0.03480161039994006,0.7784090908942295,0.7806267806237898,0.9999999999334102,0.05750327614476039
67.31682920730182,1.081960496948698,0.03542496920246176,0.778409090894356,0.7806267806237794,0.9999999999351417,0.057503276144734314
67.34183545886472,1.0828535937673684,0.03599614239890162,0.7784090908944898,0.7806267806237706,0.9999999999368563,0.057503276144706246
67.36684171042761,1.0837603117721468,0.03651424769218817,0.7784090908946307,0.7806267806237632,0.9999999999385507,0.05750327614467627
67.3918479619905,1.084679313584554,0.036978474873807995,0.778409090894778,0.7806267806237575,0.9999999999402218,0.057503276144644504
67.41685421355339,1.0856092426032755,0.037388087830846406,0.7784090908949315,0.7806267806237533,0.9999999999418664,0.057503276144610975
67.44186046511628,1.0865487247039283,0.037742426082171474,0.7784090908950906,0.7806267806237506,0.999999999943482,0.05750327614457591
67.46686671667918,1.087496370168265,0.03804090645437669,0.7784090908952547,0.7806267806237494,0.9999999999450662,0.05750327614453934
67.49187296824206,1.0884507758669757,0.03828302474281633,0.7784090908954235,0.7806267806237496,0.9999999999466167,0.057503276144501396
67.51687921980495,1.0894105267129717,0.03846835687367675,0.7784090908955966,0.7806267806237512,0.9999999999481318,0.05750327614446217
67.54188547136785,1.0903741984765587,0.0385965607068851,0.7784090908957736,0.7806267806237543,0.9999999999496099,0.05750327614442177
67.56689172293073,1.0913403590512194,0.038667376862671125,0.7784090908959538,0.7806267806237589,0.9999999999510494,0.0575032761443803
67.59189797449362,1.0923075708880128,0.03868063010905333,0.7784090908961369,0.7806267806237649,0.9999999999524494,0.05750327614433786
67.61690422605652,1.0932743935765792,0.038636230534777966,0.7784090908963224,0.7806267806237722,0.9999999999538087,0.057503276144294575
67.6419104776194,1.0942393849473329,0.03853417409609376,0.7784090908965101,0.7806267806237808,0.9999999999551268,0.05750327614425052
67.6669167291823,1.0952011040684961,0.038374543732511354,0.7784090908966995,0.7806267806237908,0.999999999956403,0.05750327614420578
67.69192298074519,1.0961581133978109,0.03815750994321964,0.7784090908968901,0.7806267806238019,0.9999999999576369,0.05750327614416054
67.71692923230808,1.0971089803123641,0.03788333121991398,0.7784090908970817,0.7806267806238142,0.9999999999588283,0.05750327614411477
67.74193548387098,1.0980522801376669,0.03755235452562208,0.7784090908972738,0.7806267806238278,0.9999999999599771,0.057503276144068596
67.76694173543386,1.0989865977530124,0.03716501546542055,0.7784090908974662,0.7806267806238424,0.9999999999610834,0.057503276144022154
67.79194798699675,1.0999105301029333,0.03672183837758255,0.7784090908976586,0.7806267806238583,0.9999999999621472,0.057503276143975414
67.81695423855965,1.1008226884607129,0.03622343619107885,0.7784090908978505,0.780626780623875,0.999999999963169,0.05750327614392861
67.84196049012253,1.1017217003136401,0.03567051024505025,0.7784090908980418,0.7806267806238927,0.9999999999641491,0.0575032761438817
67.86696674168543,1.1026062120345315,0.03506384972386232,0.7784090908982321,0.7806267806239114,0.9999999999650879,0.05750327614383481
67.89197299324832,1.1034748905901985,0.03440433120172085,0.7784090908984211,0.780626780623931,0.9999999999659859,0.05750327614378801
67.9169792448112,1.1043264261598926,0.033692917675026336,0.7784090908986087,0.7806267806239515,0.9999999999668439,0.05750327614374133
67.9419854963741,1.1051595338911904,0.032930657775266346,0.7784090908987946,0.7806267806239727,0.9999999999676623,0.057503276143694826
67.96699174793699,1.1059729563747647,0.03211868441863212,0.7784090908989786,0.7806267806239947,0.9999999999684418,0.05750327614364863
67.99199799949987,1.106765465426696,0.031258213661844676,0.7784090908991604,0.7806267806240175,0.9999999999691833,0.05750327614360271
68.01700425106277,1.107535864425818,0.030350542971197478,0.7784090908993401,0.7806267806240409,0.9999999999698874,0.05750327614355716
68.04201050262566,1.1082829900796844,0.02939704971129487,0.7784090908995172,0.7806267806240649,0.9999999999705548,0.05750327614351203
68.06701675418854,1.1090057146198065,0.02839918904380295,0.7784090908996917,0.7806267806240895,0.9999999999711864,0.05750327614346734
68.09202300575144,1.109702947533386,0.02735849202822646,0.7784090908998633,0.7806267806241146,0.9999999999717828,0.05750327614342322
68.11702925731433,1.1103736375787117,0.02627656320004222,0.7784090909000321,0.7806267806241403,0.9999999999723448,0.0575032761433796
68.14203550887723,1.1110167744996782,0.025155078221395545,0.7784090909001977,0.7806267806241662,0.9999999999728733,0.05750327614333662
68.16704176044011,1.1116313908060091,0.023995781230422147,0.7784090909003603,0.7806267806241927,0.9999999999733689,0.05750327614329423
68.192048012003,1.1122165634722638,0.02280048199014159,0.7784090909005196,0.7806267806242195,0.9999999999738323,0.05750327614325245
68.2170542635659,1.1127714154800668,0.0215710530422733,0.7784090909006754,0.7806267806242466,0.9999999999742644,0.057503276143211386
68.24206051512878,1.1132951174297014,0.020309426428005317,0.7784090909008279,0.780626780624274,0.9999999999746655,0.05750327614317104
68.26706676669167,1.1137868889140534,0.019017590544058844,0.7784090909009769,0.7806267806243016,0.9999999999750365,0.05750327614313143
68.29207301825457,1.1142459999273655,0.017697586639184873,0.7784090909011223,0.7806267806243293,0.9999999999753779,0.0575032761430926
68.31707926981746,1.114671772140878,0.01635150522311788,0.778409090901264,0.7806267806243573,0.9999999999756906,0.05750327614305452
68.34208552138035,1.115063580061565,0.014981482446380196,0.7784090909014019,0.7806267806243853,0.9999999999759746,0.05750327614301731
68.36709177294324,1.1154208521576157,0.013589696184587068,0.7784090909015361,0.7806267806244134,0.9999999999762307,0.05750327614298092
68.39209802450613,1.115743071836263,0.012178362132553945,0.7784090909016665,0.7806267806244416,0.9999999999764593,0.05750327614294532
68.41710427606903,1.1160297783355837,0.010749729787687247,0.7784090909017932,0.7806267806244697,0.9999999999766609,0.05750327614291059
68.44211052763191,1.1162805675309138,0.009306078259833617,0.7784090909019159,0.7806267806244979,0.9999999999768359,0.05750327614287674
68.4671167791948,1.1164950926153356,0.00784971207108147,0.7784090909020347,0.780626780624526,0.9999999999769844,0.05750327614284381
68.4921230307577,1.1166730646795704,0.006382956885973578,0.7784090909021495,0.7806267806245539,0.999999999977107,0.05750327614281176
68.51712928232058,1.1168142531911796,0.0049081551403383755,0.7784090909022604,0.7806267806245817,0.9999999999772038,0.05750327614278069
68.54213553388347,1.1169184863578336,0.0034276616395090068,0.7784090909023673,0.7806267806246094,0.999999999977275,0.057503276142750456
68.56714178544637,1.1169856513799294,0.0019438391448465425,0.7784090909024702,0.7806267806246369,0.9999999999773207,0.05750327614272121
68.59214803700925,1.1170156945946033,0.00045905391899958635,0.778409090902569,0.7806267806246642,0.9999999999773411,0.05750327614269294
68.61715428857215,1.117008621507889,-0.0010243287382875736,0.7784090909026639,0.7806267806246913,0.9999999999773364,0.057503276142665594
68.64216054013504,1.1169644967146162,-0.0025039489466590244,0.7784090909027547,0.7806267806247181,0.9999999999773064,0.05750327614263922
68.66716679169792,1.1168834437072597,-0.003977456682712414,0.7784090909028414,0.7806267806247447,0.9999999999772511,0.05750327614261378
68.69217304326082,1.1167656445743326,-0.005442516190348794,0.778409090902924,0.7806267806247709,0.9999999999771705,0.05750327614258939
68.71717929482371,1.1166113395890411,-0.006896810349037513,0.7784090909030025,0.7806267806247967,0.9999999999770646,0.057503276142566
68.7421855463866,1.1164208266893414,-0.008338044988778975,0.778409090903077,0.7806267806248223,0.9999999999769331,0.05750327614254355
68.7671917979495,1.1161944608495689,-0.009763953145636984,0.7784090909031472,0.7806267806248475,0.9999999999767759,0.05750327614252215
68.79219804951238,1.1159326533487746,-0.011172299224019628,0.7784090909032133,0.7806267806248722,0.9999999999765928,0.05750327614250178
68.81720430107528,1.1156358709357972,-0.012560883074098089,0.7784090909032753,0.7806267806248965,0.9999999999763836,0.05750327614248244
68.84221055263816,1.1153046348939857,-0.013927543976418308,0.778409090903333,0.7806267806249205,0.9999999999761476,0.05750327614246411
68.86721680420105,1.1149395199992496,-0.015270164537217513,0.7784090909033865,0.780626780624944,0.999999999975885,0.057503276142446845
68.89222305576395,1.1145411533978034,-0.01658667440022118,0.7784090909034358,0.7806267806249669,0.9999999999755951,0.057503276142430636
68.91722930732683,1.1141102133871952,-0.01787505386981698,0.7784090909034809,0.7806267806249894,0.9999999999752774,0.05750327614241549
68.94223555888972,1.1136474280895563,-0.0191333374406691,0.7784090909035216,0.7806267806250113,0.9999999999749318,0.057503276142401444
68.96724181045262,1.1131535740684788,-0.020359617078199704,0.7784090909035579,0.7806267806250328,0.9999999999745577,0.0575032761423885
68.9922480620155,1.1126294748596475,-0.021552045397097666,0.77840909090359,0.7806267806250536,0.9999999999741545,0.057503276142376616
69.01725431357839,1.1120759993827223,-0.02270883875291998,0.7784090909036177,0.7806267806250741,0.9999999999737217,0.05750327614236585
69.04226056514129,1.1114940603507246,-0.023828279993154268,0.778409090903641,0.7806267806250937,0.999999999973259,0.057503276142356216
69.06726681670418,1.1108846125583138,-0.024908721195744523,0.7784090909036596,0.7806267806251129,0.9999999999727656,0.057503276142347744
69.09227306826708,1.1102486510921883,-0.02594858619194876,0.7784090909036738,0.7806267806251315,0.9999999999722409,0.05750327614234039
69.11727931982996,1.1095872095719974,-0.02694637278816329,0.7784090909036836,0.7806267806251493,0.9999999999716846,0.057503276142334206
69.14228557139285,1.1089013581889202,-0.02790065504327375,0.7784090909036886,0.7806267806251667,0.999999999971096,0.057503276142329196
69.16729182295575,1.1081922018534087,-0.028810085073963144,0.7784090909036889,0.7806267806251833,0.9999999999704745,0.057503276142325394
69.19229807451863,1.1074608781748632,-0.029673394920302906,0.7784090909036846,0.7806267806251993,0.9999999999698195,0.0575032761423228
69.21730432608152,1.1067085554360692,-0.030489398074473203,0.7784090909036755,0.7806267806252146,0.9999999999691307,0.05750327614232141
69.24231057764442,1.1059364306037,-0.03125699083792226,0.7784090909036615,0.7806267806252292,0.9999999999684073,0.05750327614232131
69.2673168292073,1.1051457271238168,-0.03197515359528315,0.7784090909036426,0.780626780625243,0.9999999999676489,0.05750327614232241
69.2923230807702,1.1043376929691633,-0.032642951692775576,0.7784090909036189,0.7806267806252563,0.9999999999668551,0.05750327614232481
69.31732933233309,1.1035135983060547,-0.0332595364125486,0.77840909090359,0.7806267806252686,0.9999999999660254,0.057503276142328544
69.34233558389597,1.1026747335635898,-0.0338241454308766,0.7784090909035563,0.7806267806252802,0.9999999999651595,0.0575032761423335
69.36734183545887,1.1018224070152502,-0.03433610345874254,0.7784090909035173,0.7806267806252912,0.9999999999642573,0.05750327614233977
69.39234808702176,1.1009579428766552,-0.03479482232544084,0.7784090909034731,0.7806267806253013,0.9999999999633181,0.05750327614234743
69.41735433858464,1.100082678818155,-0.035199801273218013,0.7784090909034237,0.7806267806253107,0.9999999999623421,0.057503276142356424
69.44236059014754,1.0991979641208651,-0.03555062670625309,0.778409090903369,0.7806267806253191,0.9999999999613293,0.05750327614236682
69.46736684171043,1.0983051571199927,-0.03584697212869005,0.7784090909033089,0.7806267806253269,0.9999999999602796,0.057503276142378566
69.49237309327332,1.0974056234480583,-0.036088597620284824,0.7784090909032434,0.7806267806253336,0.9999999999591931,0.05750327614239174
69.51737934483621,1.0965007334373573,-0.03627534937789132,0.7784090909031725,0.7806267806253396,0.9999999999580701,0.05750327614240634
69.5423855963991,1.095591860394977,-0.036407159020944664,0.7784090909030961,0.7806267806253447,0.9999999999569111,0.05750327614242233
69.567391847962,1.094680378159247,-0.03648404267760329,0.7784090909030141,0.780626780625349,0.9999999999557165,0.0575032761424398
69.59239809952489,1.0937676590733294,-0.03650610018513841,0.7784090909029265,0.7806267806253523,0.9999999999544873,0.0575032761424587
69.61740435108777,1.0928550722160801,-0.036473513815433206,0.7784090909028334,0.7806267806253547,0.9999999999532241,0.057503276142479055
69.64241060265067,1.0919439806236826,-0.036386547168771224,0.7784090909027346,0.7806267806253563,0.9999999999519279,0.057503276142500885
69.66741685421356,1.0910357402204083,-0.036245543942341085,0.7784090909026302,0.7806267806253568,0.9999999999506001,0.05750327614252418
69.69242310577644,1.0901316972519677,-0.03605092619428848,0.7784090909025202,0.7806267806253564,0.9999999999492419,0.057503276142549
69.71742935733934,1.0892331860058682,-0.035803193117730434,0.7784090909024046,0.7806267806253552,0.999999999947855,0.057503276142575194
69.74243560890223,1.0883415278722894,-0.035502919387082804,0.7784090909022834,0.7806267806253528,0.9999999999464415,0.05750327614260293
69.76744186046511,1.0874580287559994,-0.03515075319419778,0.7784090909021567,0.7806267806253496,0.9999999999450029,0.057503276142632065
69.79244811202801,1.0865839772653918,-0.03474741470914034,0.7784090909020245,0.7806267806253453,0.9999999999435417,0.057503276142662735
69.8174543635909,1.0857206435248505,-0.03429369423790257,0.7784090909018868,0.7806267806253401,0.9999999999420603,0.05750327614269478
69.8424606151538,1.0848692766445576,-0.033790449990562715,0.7784090909017439,0.7806267806253337,0.9999999999405614,0.057503276142728287
69.86746686671668,1.084031103642243,-0.033238606494597,0.7784090909015957,0.7806267806253265,0.9999999999390479,0.05750327614276317
69.89247311827957,1.0832073276237648,-0.032639152270613335,0.7784090909014425,0.7806267806253182,0.9999999999375229,0.0575032761427994
69.91747936984247,1.0823991260567807,-0.03199313782412603,0.7784090909012842,0.780626780625309,0.9999999999359894,0.05750327614283699
69.94248562140535,1.0816076495778126,-0.031301673620024416,0.7784090909011212,0.7806267806252987,0.9999999999344513,0.057503276142875884
69.96749187296824,1.0808340201349778,-0.030565927703282248,0.7784090909009536,0.7806267806252873,0.9999999999329123,0.05750327614291605
69.99249812453114,1.080079329944115,-0.029787123767017913,0.7784090909007815,0.780626780625275,0.999999999931376,0.05750327614295743
70.01750437609402,1.0793446397969961,-0.028966538655311135,0.7784090909006052,0.7806267806252616,0.9999999999298468,0.05750327614300002
70.04251062765692,1.0786309780467809,-0.02810550039689154,0.7784090909004249,0.7806267806252472,0.9999999999283287,0.05750327614304372
70.06751687921981,1.0779393391056231,-0.027205385679176946,0.7784090909002409,0.7806267806252318,0.9999999999268259,0.057503276143088436
70.0925231307827,1.0772706824778724,-0.02626761783321543,0.7784090909000536,0.7806267806252155,0.9999999999253433,0.057503276143134115
70.1175293823456,1.076625931424068,-0.0252936643103282,0.7784090908998631,0.7806267806251982,0.9999999999238851,0.057503276143180744
70.14253563390848,1.0760059720640744,-0.0242850346256675,0.7784090908996699,0.7806267806251798,0.9999999999224563,0.05750327614322825
70.16754188547137,1.075411652195619,-0.023243277858511345,0.7784090908994743,0.7806267806251604,0.9999999999210614,0.05750327614327646
70.19254813703427,1.0748437804695634,-0.022169980552772035,0.7784090908992767,0.7806267806251402,0.9999999999197049,0.05750327614332536
70.21755438859715,1.0743031253735125,-0.02106676428288612,0.7784090908990774,0.780626780625119,0.999999999918392,0.05750327614337482
70.24256064016004,1.073790414458477,-0.019935283471410284,0.7784090908988769,0.7806267806250969,0.999999999917127,0.05750327614342477
70.26756689172294,1.0733063335091049,-0.01877722308580592,0.7784090908986756,0.7806267806250741,0.9999999999159148,0.05750327614347506
70.29257314328582,1.0728515258087583,-0.017594296339451695,0.7784090908984739,0.7806267806250503,0.9999999999147595,0.05750327614352564
70.31757939484872,1.0724265914898299,-0.016388242530646812,0.7784090908982724,0.7806267806250258,0.999999999913666,0.05750327614357636
70.3425856464116,1.0720320868641273,-0.015160824677602906,0.7784090908980713,0.7806267806250005,0.9999999999126381,0.05750327614362718
70.36759189797449,1.0716685239048525,-0.01391382740981773,0.7784090908978715,0.7806267806249744,0.9999999999116801,0.05750327614367786
70.39259814953739,1.0713363697001652,-0.012649054674148013,0.7784090908976731,0.7806267806249476,0.9999999999107956,0.057503276143728355
70.41760440110028,1.0710360460091561,-0.011368327541817647,0.7784090908974767,0.7806267806249202,0.9999999999099882,0.05750327614377858
70.44261065266316,1.0707679288692409,-0.01007348206583346,0.7784090908972829,0.7806267806248922,0.9999999999092614,0.05750327614382832
70.46761690422606,1.0705323482321905,-0.008766367037982604,0.7784090908970923,0.7806267806248636,0.9999999999086178,0.05750327614387751
70.49262315578895,1.070329587685333,-0.007448841868319404,0.778409090896905,0.7806267806248345,0.9999999999080602,0.05750327614392608
70.51762940735185,1.070159884210131,-0.006122774438123106,0.778409090896722,0.780626780624805,0.999999999907591,0.057503276143973756
70.54263565891473,1.0700234279928713,-0.004790038932197666,0.7784090908965434,0.780626780624775,0.9999999999072119,0.05750327614402054
70.56764191047762,1.0699203622978868,-0.00345251373349287,0.77840909089637,0.7806267806247448,0.9999999999069246,0.05750327614406622
70.59264816204052,1.069850783388493,-0.0021120793151287445,0.7784090908962021,0.7806267806247141,0.99999999990673,0.057503276144110764
70.6176544136034,1.069814740499433,-0.000770616124988038,0.7784090908960402,0.7806267806246834,0.9999999999066291,0.05750327614415402
70.64266066516629,1.0698122358647277,0.000569997508494237,0.7784090908958846,0.7806267806246524,0.9999999999066221,0.05750327614419585
70.66766691672919,1.0698432247968026,0.0019078874500019515,0.778409090895736,0.7806267806246214,0.9999999999067088,0.05750327614423612
70.69267316829207,1.0699076158170036,0.0032411858393501876,0.7784090908955946,0.7806267806245902,0.9999999999068889,0.05750327614427486
70.71767941985496,1.0700052708384842,0.00456803315815077,0.778409090895461,0.7806267806245593,0.9999999999071614,0.05750327614431179
70.74268567141786,1.0701360054007167,0.005886580292418251,0.7784090908953352,0.7806267806245283,0.9999999999075248,0.05750327614434695
70.76769192298075,1.0702995889553009,0.007194990584609098,0.7784090908952179,0.7806267806244975,0.9999999999079774,0.05750327614438015
70.79269817454364,1.0704957452025132,0.00849144188089667,0.7784090908951093,0.780626780624467,0.9999999999085174,0.05750327614441135
70.81770442610653,1.07072415247983,0.009774128580676509,0.7784090908950095,0.7806267806244368,0.9999999999091421,0.05750327614444049
70.84271067766942,1.0709844442039416,0.011041263686098509,0.7784090908949189,0.7806267806244069,0.9999999999098488,0.057503276144467506
70.86771692923232,1.071276209356937,0.012291080813561317,0.7784090908948378,0.7806267806243774,0.9999999999106345,0.057503276144492355
70.8927231807952,1.0715989930271588,0.013521836235785178,0.7784090908947663,0.7806267806243484,0.9999999999114957,0.05750327614451488
70.91772943235809,1.071952297010267,0.01473181094062643,0.7784090908947043,0.78062678062432,0.9999999999124287,0.057503276144535154
70.94273568392099,1.0723355804399404,0.01591931260514181,0.7784090908946523,0.7806267806242922,0.9999999999134299,0.057503276144553056
70.96774193548387,1.072748260483594,0.01708267763900813,0.7784090908946102,0.7806267806242652,0.9999999999144951,0.05750327614456856
70.99274818704677,1.073189713101086,0.01822027323712722,0.778409090894578,0.7806267806242388,0.99999999991562,0.05750327614458166
71.01775443860966,1.073659273811595,0.019330499310307732,0.7784090908945557,0.7806267806242132,0.9999999999168003,0.057503276144592406
71.04276069017254,1.0741562385630803,0.020411790569841923,0.7784090908945434,0.7806267806241886,0.9999999999180316,0.057503276144600705
71.06776694173544,1.0746798646189344,0.02146261849003866,0.7784090908945409,0.7806267806241647,0.9999999999193092,0.057503276144606603
71.09277319329833,1.0752293714825305,0.022481493265327696,0.7784090908945482,0.7806267806241418,0.9999999999206284,0.05750327614461005
71.11777944486121,1.0758039419395338,0.023466965887645685,0.7784090908945651,0.7806267806241199,0.9999999999219849,0.057503276144611176
71.14278569642411,1.0764027230319233,0.024417629972210794,0.7784090908945915,0.7806267806240991,0.9999999999233737,0.05750327614460993
71.167791947987,1.077024827227957,0.02533212386555341,0.7784090908946273,0.7806267806240794,0.9999999999247906,0.05750327614460628
71.19279819954988,1.0776693334900627,0.026209132441989774,0.7784090908946721,0.7806267806240608,0.9999999999262308,0.0575032761446004
71.21780445111278,1.0783352885182051,0.02704738912411638,0.7784090908947259,0.7806267806240433,0.9999999999276901,0.05750327614459223
71.24281070267567,1.0790217079618973,0.027845677728656162,0.7784090908947884,0.780626780624027,0.9999999999291638,0.057503276144581866
71.26781695423857,1.0797275776948196,0.02860283433345649,0.7784090908948591,0.7806267806240119,0.9999999999306481,0.05750327614456935
71.29282320580145,1.0804518551886986,0.02931774917370326,0.7784090908949379,0.7806267806239982,0.9999999999321387,0.05750327614455477
71.31782945736434,1.081193470813923,0.02998936835915102,0.7784090908950244,0.7806267806239855,0.9999999999336319,0.057503276144538165
71.34283570892724,1.0819513293637102,0.030616695773686878,0.7784090908951184,0.7806267806239742,0.9999999999351238,0.057503276144519604
71.36784196049013,1.0827243113929763,0.031198794666148312,0.7784090908952196,0.7806267806239642,0.9999999999366109,0.05750327614449912
71.39284821205301,1.0835112748673386,0.031734789496018254,0.7784090908953274,0.7806267806239554,0.99999999993809,0.05750327614447688
71.41785446361591,1.084311056566283,0.03222386742457326,0.7784090908954416,0.780626780623948,0.9999999999395577,0.05750327614445293
71.4428607151788,1.0851224738071161,0.032665280037884034,0.7784090908955618,0.7806267806239418,0.9999999999410112,0.057503276144427365
71.4678669667417,1.0859443259780552,0.03305834478361341,0.7784090908956877,0.780626780623937,0.9999999999424478,0.057503276144400164
71.49287321830458,1.0867753962230395,0.03340244646940587,0.7784090908958188,0.7806267806239333,0.999999999943865,0.05750327614437156
71.51787946986747,1.0876144532548877,0.03369703872694823,0.7784090908959548,0.7806267806239311,0.9999999999452605,0.05750327614434154
71.54288572143037,1.0884602528028444,0.0339416451590644,0.7784090908960953,0.7806267806239301,0.9999999999466318,0.05750327614431021
71.56789197299325,1.089311539861333,0.034135860877579825,0.77840909089624,0.7806267806239304,0.9999999999479776,0.057503276144277665
71.59289822455614,1.0901670498573284,0.034279353304518916,0.7784090908963884,0.780626780623932,0.9999999999492957,0.057503276144243984
71.61790447611904,1.0910255111075031,0.034371863595371414,0.7784090908965402,0.7806267806239346,0.9999999999505849,0.05750327614420936
71.64291072768192,1.0918856463939102,0.03441320743673021,0.7784090908966951,0.7806267806239386,0.9999999999518436,0.05750327614417368
71.66791697924481,1.0927461743535645,0.034403275783258774,0.7784090908968526,0.7806267806239439,0.999999999953071,0.057503276144137166
71.69292323080771,1.0936058125061487,0.034342036041061307,0.7784090908970124,0.7806267806239502,0.9999999999542657,0.057503276144099884
71.7179294823706,1.094463278247438,0.03422953236766021,0.7784090908971742,0.7806267806239576,0.9999999999554272,0.057503276144061886
71.74293573393349,1.09531729078149,0.0340658862932252,0.7784090908973377,0.7806267806239662,0.9999999999565548,0.0575032761440233
71.76794198549638,1.0961665737902941,0.03385129726760359,0.7784090908975025,0.780626780623976,0.9999999999576477,0.0575032761439841
71.79294823705926,1.0970098565649584,0.03358604282876133,0.7784090908976683,0.7806267806239866,0.9999999999587057,0.057503276143944515
71.81795448862216,1.0978458764664127,0.0332704788350822,0.7784090908978348,0.7806267806239983,0.9999999999597284,0.05750327614390453
71.84296074018505,1.0986733807525721,0.03290503947175692,0.7784090908980018,0.780626780624011,0.9999999999607159,0.057503276143864204
71.86796699174793,1.0994911283653062,0.03249023718343244,0.7784090908981689,0.7806267806240246,0.9999999999616679,0.05750327614382365
71.89297324331083,1.1002978922730688,0.03202666235058876,0.7784090908983359,0.7806267806240392,0.9999999999625846,0.057503276143782894
71.91797949487372,1.1010924609250126,0.03151498300692283,0.7784090908985024,0.7806267806240546,0.9999999999634659,0.05750327614374212
71.94298574643662,1.1018736406680467,0.030955944157986408,0.7784090908986685,0.7806267806240708,0.9999999999643121,0.05750327614370121
71.9679919979995,1.1026402572443093,0.030350367236986503,0.7784090908988336,0.7806267806240877,0.9999999999651235,0.05750327614366035
71.99299824956239,1.1033911580395832,0.029699149103329586,0.7784090908989976,0.7806267806241056,0.9999999999659004,0.05750327614361954
72.01800450112529,1.104125213669242,0.029003261191203777,0.7784090908991603,0.780626780624124,0.9999999999666431,0.057503276143578884
72.04301075268818,1.1048413200741534,0.02826374819711589,0.7784090908993215,0.7806267806241433,0.9999999999673521,0.05750327614353838
72.06801700425106,1.1055384001190245,0.027481726918646143,0.7784090908994812,0.780626780624163,0.9999999999680278,0.057503276143498136
72.09302325581396,1.1062154055780535,0.02665838461740621,0.778409090899639,0.7806267806241833,0.9999999999686705,0.0575032761434582
72.11802950737685,1.1068713186868868,0.025794977559540515,0.7784090908997947,0.7806267806242043,0.999999999969281,0.05750327614341855
72.14303575893973,1.1075051540265266,0.024892829050385697,0.7784090908999484,0.7806267806242257,0.9999999999698597,0.057503276143379266
72.16804201050263,1.1081159600084018,0.023953327673642853,0.7784090909000997,0.7806267806242477,0.9999999999704068,0.05750327614334037
72.19304826206552,1.108702820628537,0.022977925028035837,0.7784090909002487,0.78062678062427,0.9999999999709233,0.05750327614330194
72.21805451362842,1.1092648568976817,0.021968133629266008,0.7784090909003951,0.7806267806242928,0.9999999999714095,0.05750327614326397
72.2430607651913,1.1098012284108048,0.0209255244305514,0.7784090909005389,0.7806267806243159,0.9999999999718658,0.057503276143226534
72.26806701675419,1.1103111347509766,0.019851724313172087,0.7784090909006799,0.7806267806243393,0.9999999999722929,0.05750327614318966
72.29307326831709,1.1107938168352214,0.018748413473821578,0.7784090909008181,0.7806267806243631,0.9999999999726912,0.05750327614315329
72.31807951987997,1.1112485582640792,0.017617322516042824,0.7784090909009533,0.780626780624387,0.9999999999730613,0.05750327614311762
72.34308577144286,1.1116746864852864,0.01646022965052474,0.7784090909010855,0.7806267806244112,0.9999999999734035,0.05750327614308253
72.36809202300576,1.1120715739925113,0.015278957558267471,0.7784090909012146,0.7806267806244355,0.9999999999737182,0.057503276143048135
72.39309827456864,1.112438639381108,0.014075370253407736,0.7784090909013405,0.78062678062446,0.9999999999740061,0.05750327614301438
72.41810452613153,1.1127753483301586,0.012851369864844128,0.7784090909014632,0.7806267806244845,0.9999999999742674,0.057503276142981355
72.44311077769443,1.1130812145381166,0.01160889319424583,0.7784090909015825,0.7806267806245093,0.9999999999745024,0.05750327614294903
72.46811702925731,1.1133558005275042,0.010349908316955838,0.7784090909016986,0.7806267806245341,0.9999999999747116,0.05750327614291741
72.49312328082021,1.1135987183865876,0.009076411048336749,0.7784090909018113,0.7806267806245588,0.9999999999748952,0.057503276142886584
72.5181295323831,1.1138096304261615,0.0077904212939779015,0.7784090909019206,0.7806267806245836,0.9999999999750535,0.05750327614285654
72.54313578394598,1.1139882497283116,0.0064939794084484595,0.7784090909020264,0.7806267806246082,0.9999999999751868,0.05750327614282727
72.56814203550888,1.1141343406120683,0.005189142475391952,0.7784090909021286,0.7806267806246329,0.9999999999752953,0.05750327614279879
72.59314828707177,1.1142477190078273,0.0038779805208621235,0.7784090909022273,0.7806267806246573,0.9999999999753793,0.05750327614277116
72.61815453863466,1.1143282527320084,0.002562572708418218,0.7784090909023225,0.7806267806246817,0.9999999999754386,0.05750327614274435
72.64316079019756,1.1143758616669805,0.001245003526688165,0.7784090909024141,0.7806267806247059,0.9999999999754737,0.05750327614271838
72.66816704176044,1.1143905178468745,-7.26410560761779e-05,0.778409090902502,0.7806267806247301,0.9999999999754845,0.057503276142693224
72.69317329332334,1.114372245446758,-0.001388277438820166,0.7784090909025863,0.780626780624754,0.9999999999754711,0.057503276142668966
72.71817954488623,1.1143211206750736,-0.0026998282186394334,0.7784090909026669,0.7806267806247776,0.9999999999754334,0.0575032761426456
72.74318579644911,1.1142372715710378,-0.0040052260088185125,0.7784090909027437,0.7806267806248011,0.9999999999753715,0.05750327614262311
72.76819204801201,1.114120877706673,-0.005302417226762541,0.7784090909028168,0.7806267806248242,0.9999999999752853,0.05750327614260152
72.7931982995749,1.113972169794817,-0.006589365842213321,0.7784090909028862,0.780626780624847,0.9999999999751749,0.05750327614258084
72.81820455113778,1.1137914292041193,-0.007864057077751108,0.7784090909029519,0.7806267806248696,0.99999999997504,0.057503276142561045
72.84321080270068,1.1135789873806539,-0.009124501058524376,0.7784090909030137,0.7806267806248918,0.9999999999748803,0.057503276142542206
72.86821705426357,1.1133352251809154,-0.010368736380135697,0.7784090909030716,0.7806267806249135,0.999999999974696,0.057503276142524325
72.89322330582645,1.113060572117276,-0.011594833597646391,0.7784090909031258,0.780626780624935,0.9999999999744866,0.05750327614250737
72.91822955738935,1.1127555055169036,-0.012800898640276287,0.778409090903176,0.780626780624956,0.999999999974252,0.057503276142491386
72.94323580895224,1.1124205495880624,-0.013985076151015092,0.7784090909032224,0.7806267806249767,0.9999999999739919,0.05750327614247635
72.96824206051514,1.1120562744203073,-0.01514555266072434,0.7784090909032648,0.7806267806249969,0.9999999999737061,0.0575032761424623
72.99324831207802,1.1116632949002494,-0.016280559695100123,0.7784090909033032,0.7806267806250168,0.9999999999733944,0.057503276142449225
73.01825456364091,1.1112422695323458,-0.0173883768046143,0.7784090909033378,0.7806267806250361,0.9999999999730562,0.05750327614243717
73.04326081520381,1.110793899219056,-0.01846733436501502,0.7784090909033683,0.780626780625055,0.9999999999726914,0.05750327614242609
73.0682670667667,1.1103189259577821,-0.01951581631951273,0.7784090909033948,0.7806267806250733,0.9999999999722995,0.05750327614241603
73.09327331832958,1.1098181314399769,-0.0205322628275034,0.7784090909034171,0.7806267806250912,0.99999999997188,0.05750327614240704
73.11827956989248,1.1092923356550373,-0.0215151726209626,0.7784090909034355,0.7806267806251086,0.9999999999714331,0.057503276142399015
73.14328582145536,1.1087423953695439,-0.022463105388343257,0.7784090909034496,0.7806267806251254,0.9999999999709578,0.0575032761423921
73.16829207301826,1.1081692025692496,-0.023374683913389527,0.7784090909034596,0.7806267806251417,0.9999999999704541,0.057503276142386206
73.19329832458115,1.1075736829015108,-0.024248596024746442,0.7784090909034652,0.7806267806251573,0.9999999999699215,0.057503276142381425
73.21830457614404,1.1069567939481386,-0.025083596557467377,0.7784090909034665,0.7806267806251724,0.9999999999693596,0.05750327614237774
73.24331082770694,1.106319523619146,-0.02587850890218666,0.7784090909034638,0.7806267806251869,0.9999999999687683,0.057503276142375145
73.26831707926982,1.1056628883361146,-0.02663222667593847,0.7784090909034564,0.7806267806252007,0.9999999999681469,0.05750327614237369
73.2933233308327,1.104987931314796,-0.02734371498593909,0.7784090909034448,0.7806267806252141,0.9999999999674953,0.05750327614237333
73.3183295823956,1.104295720746669,-0.02801201170802586,0.7784090909034287,0.7806267806252267,0.9999999999668132,0.0575032761423741
73.34333583395849,1.103587347932474,-0.028636228521698833,0.7784090909034082,0.7806267806252387,0.9999999999661005,0.05750327614237601
73.36834208552138,1.102863925506302,-0.029215551780298225,0.7784090909033831,0.78062678062525,0.9999999999653567,0.05750327614237913
73.39334833708428,1.1021265854346074,-0.02974924330406986,0.7784090909033534,0.7806267806252607,0.9999999999645819,0.05750327614238339
73.41835458864716,1.1013764772830128,-0.030236640882198188,0.7784090909033192,0.7806267806252706,0.9999999999637759,0.05750327614238883
73.44336084021006,1.1006147661172594,-0.030677158790704033,0.7784090909032803,0.7806267806252798,0.9999999999629385,0.05750327614239552
73.46836709177295,1.0998426308079965,-0.0310702879757371,0.7784090909032366,0.7806267806252883,0.99999999996207,0.057503276142403414
73.49337334333583,1.0990612618682456,-0.031415596266885504,0.7784090909031883,0.7806267806252961,0.9999999999611704,0.0575032761424125
73.51837959489873,1.098271859788044,-0.03171272829641541,0.7784090909031353,0.7806267806253032,0.9999999999602398,0.05750327614242284
73.54338584646162,1.0974756328597566,-0.031961405375218604,0.7784090909030774,0.7806267806253094,0.9999999999592786,0.05750327614243442
73.5683920980245,1.0966737954900392,-0.03216142521483982,0.7784090909030147,0.780626780625315,0.9999999999582871,0.057503276142447254
73.5933983495874,1.09586756614553,-0.03231266143263944,0.7784090909029472,0.7806267806253198,0.999999999957266,0.057503276142461326
73.61840460115029,1.0950581654611882,-0.0324150631266358,0.7784090909028748,0.7806267806253238,0.9999999999562157,0.057503276142476696
73.64341085271319,1.0942468145844249,-0.03246865404133898,0.7784090909027975,0.7806267806253269,0.9999999999551368,0.05750327614249333
73.66841710427607,1.093434732836814,-0.032473531929424024,0.7784090909027153,0.7806267806253292,0.9999999999540304,0.05750327614251128
73.69342335583896,1.0926231365678039,-0.03242986758463845,0.7784090909026282,0.7806267806253308,0.9999999999528975,0.05750327614253045
73.71842960740186,1.0918132366632611,-0.03233790374271613,0.7784090909025364,0.7806267806253314,0.999999999951739,0.057503276142550935
73.74343585896474,1.0910062369498779,-0.0321979541712579,0.7784090909024396,0.7806267806253313,0.9999999999505563,0.05750327614257267
73.76844211052763,1.0902033331164283,-0.03201040238276185,0.778409090902338,0.7806267806253303,0.999999999949351,0.057503276142595705
73.79344836209053,1.0894057097851528,-0.0317757001187717,0.7784090909022316,0.7806267806253284,0.9999999999481244,0.05750327614262002
73.81845461365342,1.0886145395458582,-0.031494366401145224,0.7784090909021205,0.7806267806253258,0.9999999999468783,0.05750327614264555
73.8434608652163,1.0878309815177023,-0.031166985773155183,0.7784090909020047,0.7806267806253222,0.9999999999456148,0.05750327614267231
73.8684671167792,1.0870561790247102,-0.03079420675435833,0.7784090909018843,0.7806267806253178,0.9999999999443359,0.05750327614270035
73.89347336834209,1.0862912586374611,-0.03037674049439543,0.7784090909017594,0.7806267806253124,0.9999999999430438,0.057503276142729584
73.91847961990499,1.0855373282956255,-0.029915358840854122,0.77840909090163,0.7806267806253061,0.9999999999417408,0.05750327614276003
73.94348587146787,1.0847954758040788,-0.029410892781175143,0.7784090909014963,0.780626780625299,0.9999999999404297,0.05750327614279162
73.96849212303076,1.0840667676659854,-0.028864230706151323,0.7784090909013586,0.7806267806252911,0.9999999999391131,0.0575032761428243
73.99349837459366,1.08335224725342,-0.02827631642096513,0.7784090909012166,0.7806267806252822,0.9999999999377939,0.05750327614285817
74.01850462615654,1.0826529338543582,-0.027648147545137884,0.7784090909010709,0.7806267806252724,0.999999999936475,0.05750327614289307
74.04351087771943,1.0819698210009607,-0.026980773351466005,0.7784090909009214,0.7806267806252617,0.9999999999351598,0.05750327614292903
74.06851712928233,1.0813038754857254,-0.02627529311034922,0.7784090909007684,0.7806267806252501,0.9999999999338514,0.05750327614296593
74.09352338084521,1.0806560359073345,-0.025532853889477812,0.7784090909006123,0.7806267806252377,0.9999999999325531,0.057503276143003754
74.11852963240811,1.080027211687218,-0.02475464880950821,0.778409090900453,0.7806267806252245,0.9999999999312688,0.05750327614304249
74.143535883971,1.0794182817830795,-0.02394191483306099,0.7784090909002908,0.7806267806252103,0.9999999999300015,0.05750327614308207
74.16854213553388,1.0788300937609163,-0.02309593095630287,0.7784090909001261,0.7806267806251953,0.9999999999287554,0.05750327614312237
74.19354838709678,1.0782634626352916,-0.022218015983019403,0.7784090908999592,0.7806267806251794,0.999999999927534,0.057503276143163355
74.21855463865967,1.0777191700277957,-0.02130952668145571,0.7784090908997903,0.7806267806251628,0.999999999926341,0.05750327614320503
74.24356089022255,1.0771979631198643,-0.02037185554769723,0.7784090908996197,0.7806267806251453,0.9999999999251802,0.05750327614324719
74.26856714178545,1.076700553900773,-0.019406428934352404,0.7784090908994478,0.780626780625127,0.9999999999240554,0.057503276143289886
74.29357339334834,1.0762276182437511,-0.018414704832467797,0.7784090908992748,0.7806267806251079,0.9999999999229702,0.057503276143333
74.31857964491122,1.0757797952236603,-0.01739817094621228,0.7784090908991013,0.7806267806250882,0.9999999999219283,0.05750327614337635
74.34358589647412,1.0753576863441825,-0.01635834255532417,0.7784090908989273,0.7806267806250677,0.9999999999209334,0.05750327614341997
74.36859214803701,1.0749618548972628,-0.015296760479514289,0.7784090908987534,0.7806267806250465,0.9999999999199889,0.05750327614346377
74.39359839959991,1.0745928253567332,-0.014214989071818156,0.7784090908985801,0.7806267806250247,0.9999999999190982,0.05750327614350754
74.4186046511628,1.0742510827872,-0.013114614084606745,0.7784090908984077,0.7806267806250021,0.9999999999182645,0.05750327614355128
74.44361090272568,1.073937072371186,-0.011997240732495506,0.7784090908982365,0.780626780624979,0.9999999999174909,0.05750327614359487
74.46861715428858,1.0736511989174602,-0.010864491582650172,0.778409090898067,0.7806267806249554,0.9999999999167801,0.05750327614363823
74.49362340585147,1.0733938264664193,-0.009718004553553124,0.7784090908978994,0.7806267806249312,0.9999999999161351,0.05750327614368123
74.51862965741435,1.0731652779344603,-0.008559430926652609,0.7784090908977346,0.7806267806249065,0.9999999999155582,0.05750327614372376
74.54363590897725,1.0729658347928748,-0.007390433282938081,0.7784090908975725,0.7806267806248814,0.9999999999150514,0.05750327614376577
74.56864216054014,1.0727957368209766,-0.006212683542254532,0.7784090908974138,0.7806267806248559,0.9999999999146167,0.05750327614380708
74.59364841210304,1.072655181894396,-0.005027860969746208,0.7784090908972588,0.78062678062483,0.999999999914256,0.05750327614384766
74.61865466366592,1.072544325823324,-0.0038376501691109828,0.778409090897108,0.7806267806248038,0.9999999999139704,0.057503276143887366
74.6436609152288,1.0724632822469518,-0.0026437391240728553,0.7784090908969616,0.7806267806247775,0.999999999913761,0.057503276143926106
74.6686671667917,1.072412122573142,-0.0014478172375927028,0.7784090908968202,0.7806267806247509,0.9999999999136285,0.057503276143963826
74.69367341835459,1.0723908759662084,-0.00025157336445575415,0.7784090908966841,0.780626780624724,0.9999999999135734,0.057503276144000394
74.71867966991748,1.0723995293857793,0.0009433061400135354,0.7784090908965536,0.7806267806246971,0.9999999999135959,0.05750327614403566
74.74368592148038,1.0724380276736576,0.002135139353126747,0.7784090908964291,0.7806267806246702,0.9999999999136956,0.05750327614406967
74.76869217304326,1.0725062736885735,0.0033222507230487404,0.7784090908963107,0.7806267806246433,0.9999999999138721,0.05750327614410223
74.79369842460615,1.072604128489681,0.004502972995915055,0.7784090908961991,0.7806267806246163,0.9999999999141246,0.057503276144133336
74.81870467616905,1.072731411568395,0.0056756491374365895,0.7784090908960943,0.7806267806245897,0.9999999999144519,0.05750327614416283
74.84371092773193,1.0728879011275279,0.006838634241131945,0.7784090908959966,0.780626780624563,0.9999999999148526,0.05750327614419072
74.86871717929483,1.0730733344080225,0.007990297432639572,0.7784090908959064,0.7806267806245367,0.9999999999153248,0.05750327614421687
74.89372343085772,1.0732874080636008,0.009129023772756208,0.7784090908958237,0.7806267806245106,0.999999999915867,0.05750327614424125
74.9187296824206,1.0735297785858993,0.010253216160608222,0.7784090908957487,0.780626780624485,0.9999999999164765,0.05750327614426383
74.9437359339835,1.0738000627693434,0.011361297193642905,0.7784090908956818,0.7806267806244597,0.9999999999171509,0.057503276144284486
74.96874218554639,1.0740978382272843,0.012451711055417754,0.778409090895623,0.7806267806244348,0.9999999999178879,0.057503276144303256
74.99374843710928,1.074422643964251,0.013522925415311212,0.7784090908955723,0.7806267806244105,0.999999999918684,0.05750327614432008
75.01875468867217,1.0747739809738215,0.014573433242096265,0.77840909089553,0.7806267806243866,0.9999999999195366,0.05750327614433492
75.04376094023506,1.075151312898302,0.015601754682221677,0.7784090908954959,0.7806267806243634,0.9999999999204423,0.05750327614434777
75.06876719179795,1.0755540667447916,0.01660643893476803,0.7784090908954702,0.7806267806243409,0.9999999999213978,0.057503276144358594
75.09377344336085,1.075981633607784,0.01758606601243945,0.7784090908954528,0.780626780624319,0.9999999999223996,0.05750327614436738
75.11877969492373,1.0764333694900399,0.018539248643541822,0.7784090908954439,0.7806267806242979,0.9999999999234441,0.057503276144374095
75.14378594648663,1.0769085961298728,0.019464634037195203,0.7784090908954433,0.7806267806242776,0.9999999999245279,0.05750327614437879
75.16879219804952,1.0774066018738775,0.020360905665688343,0.7784090908954509,0.780626780624258,0.999999999925647,0.05750327614438145
75.1937984496124,1.0779266426470484,0.021226785121217246,0.7784090908954665,0.7806267806242394,0.9999999999267981,0.057503276144382116
75.2188047011753,1.0784679428635586,0.02206103375543623,0.7784090908954902,0.7806267806242217,0.9999999999279772,0.057503276144380756
75.24381095273819,1.0790296965211603,0.02286245456782986,0.7784090908955217,0.7806267806242049,0.9999999999291808,0.05750327614437747
75.26881720430107,1.0796110681832027,0.02362989378136182,0.778409090895561,0.780626780624189,0.9999999999304052,0.05750327614437218
75.29382345586397,1.080211194151857,0.024362242661869985,0.7784090908956077,0.7806267806241741,0.999999999931647,0.057503276144365026
75.31882970742686,1.080829183564602,0.025058439100592255,0.7784090908956617,0.7806267806241604,0.9999999999329026,0.05750327614435602
75.34383595898976,1.0814641196055954,0.025717469298426172,0.7784090908957229,0.7806267806241475,0.9999999999341685,0.05750327614434516
75.36884221055264,1.0821150607364092,0.026338369366546866,0.7784090908957908,0.7806267806241358,0.9999999999354416,0.057503276144332524
75.39384846211553,1.082781041935722,0.026920226868973086,0.7784090908958654,0.7806267806241252,0.9999999999367186,0.05750327614431814
75.41885471367843,1.083461076054382,0.027462182404645655,0.7784090908959463,0.7806267806241155,0.9999999999379966,0.05750327614430216
75.44386096524131,1.0841541550966016,0.027963431029401208,0.7784090908960333,0.7806267806241071,0.9999999999392726,0.057503276144284535
75.4688672168042,1.0848592516684767,0.02842322376444005,0.7784090908961261,0.7806267806240996,0.9999999999405436,0.057503276144265356
75.4938734683671,1.0855753203352776,0.028840868929962037,0.7784090908962243,0.7806267806240933,0.9999999999418072,0.057503276144244726
75.51887971992998,1.0863012991015504,0.029215733509648942,0.7784090908963277,0.7806267806240882,0.9999999999430609,0.05750327614422266
75.54388597149287,1.0870361109218774,0.029547244445914726,0.7784090908964361,0.7806267806240841,0.9999999999443023,0.05750327614419927
75.56889222305577,1.087778665095079,0.02983488976930635,0.778409090896549,0.7806267806240812,0.9999999999455293,0.05750327614417458
75.59389847461865,1.088527859053609,0.030078219911083042,0.7784090908966661,0.7806267806240794,0.9999999999467399,0.057503276144148685
75.61890472618155,1.0892825795428462,0.030276848532179147,0.7784090908967872,0.7806267806240786,0.9999999999479323,0.057503276144121665
75.64391097774444,1.090041704734811,0.030430453827870733,0.7784090908969121,0.780626780624079,0.9999999999491047,0.057503276144093576
75.66891722930733,1.0908041053016986,0.030538779145846785,0.7784090908970402,0.7806267806240804,0.9999999999502556,0.05750327614406449
75.69392348087023,1.091568646444509,0.03060163402880042,0.7784090908971714,0.7806267806240829,0.9999999999513836,0.05750327614403451
75.71892973243311,1.0923341896642766,0.030618894970144365,0.7784090908973054,0.7806267806240864,0.9999999999524873,0.057503276144003634
75.743935983996,1.0930995935920538,0.030590505786345718,0.7784090908974417,0.780626780624091,0.9999999999535659,0.05750327614397202
75.7689422355589,1.0938637168503016,0.030516478558107036,0.7784090908975801,0.7806267806240965,0.9999999999546183,0.05750327614393972
75.79394848712178,1.0946254192687406,0.030396893930162712,0.7784090908977205,0.7806267806241031,0.9999999999556435,0.057503276143906754
75.81895473868468,1.095383563109691,0.030231901324820412,0.7784090908978624,0.7806267806241106,0.9999999999566409,0.0575032761438732
75.84396099024757,1.0961370155942058,0.03002171936804863,0.7784090908980057,0.780626780624119,0.9999999999576101,0.057503276143839155
75.86896724181045,1.0968846501802043,0.02976663593991859,0.7784090908981499,0.7806267806241284,0.9999999999585503,0.0575032761438047
75.89397349337335,1.0976253482403886,0.02946700821288741,0.7784090908982949,0.7806267806241386,0.9999999999594611,0.05750327614376985
75.91897974493624,1.0983580012408778,0.029123262512551457,0.7784090908984405,0.7806267806241497,0.9999999999603424,0.05750327614373471
75.94398599649912,1.0990815118722372,0.028735894152772317,0.7784090908985863,0.7806267806241616,0.9999999999611939,0.05750327614369932
75.96899224806202,1.0997947962876176,0.02830546699839745,0.7784090908987322,0.7806267806241742,0.9999999999620155,0.05750327614366375
75.99399849962491,1.100496785467744,0.027832613069444515,0.7784090908988779,0.7806267806241877,0.9999999999628071,0.057503276143628046
76.0190047511878,1.1011864270949099,0.027318031873838758,0.7784090908990232,0.7806267806242019,0.9999999999635687,0.05750327614359224
76.0440110027507,1.1018626871759452,0.026762489695488282,0.778409090899168,0.7806267806242168,0.9999999999643003,0.057503276143556416
76.06901725431358,1.102524551683478,0.0261668187255114,0.778409090899312,0.7806267806242322,0.9999999999650022,0.05750327614352064
76.09402350587648,1.103171028246132,0.025531916036688466,0.778409090899455,0.7806267806242484,0.9999999999656745,0.05750327614348491
76.11902975743936,1.1038011476928535,0.024858742477836544,0.7784090908995969,0.7806267806242652,0.9999999999663172,0.057503276143449314
76.14403600900225,1.104413965688,0.02414832137531859,0.7784090908997373,0.7806267806242825,0.9999999999669308,0.057503276143413926
76.16904226056515,1.105008564240731,0.023401737145222375,0.7784090908998764,0.7806267806243002,0.9999999999675154,0.057503276143378725
76.19404851212803,1.1055840532217345,0.022620133767689274,0.7784090909000139,0.7806267806243186,0.9999999999680715,0.057503276143343794
76.21905476369092,1.1061395718551437,0.021804713080750198,0.7784090909001496,0.7806267806243373,0.9999999999685991,0.057503276143309114
76.24406101525382,1.1066742900900428,0.020956733063117784,0.7784090909002834,0.7806267806243565,0.9999999999690989,0.057503276143274766
76.2690672668167,1.1071874100585626,0.020077505802650126,0.7784090909004152,0.7806267806243762,0.9999999999695709,0.0575032761432408
76.2940735183796,1.1076781673104157,0.01916839558791972,0.7784090909005448,0.780626780624396,0.9999999999700157,0.05750327614320728
76.31907976994249,1.1081458321873459,0.018230816598133193,0.7784090909006721,0.7806267806244164,0.9999999999704334,0.05750327614317416
76.34408602150538,1.1085897109587668,0.017266230751745403,0.7784090909007971,0.7806267806244369,0.9999999999708244,0.0575032761431415
76.36909227306828,1.109009147041341,0.01627614522787716,0.7784090909009197,0.7806267806244578,0.9999999999711893,0.057503276143109315
76.39409852463116,1.1094035220815082,0.015262109979747602,0.7784090909010398,0.7806267806244788,0.9999999999715281,0.05750327614307765
76.41910477619405,1.109772256977024,0.014225715180586494,0.7784090909011573,0.7806267806245001,0.9999999999718414,0.057503276143046525
76.44411102775695,1.1101148128850107,0.013168588427197285,0.778409090901272,0.7806267806245215,0.9999999999721293,0.05750327614301598
76.46911727931983,1.110430692086353,0.012092392036240211,0.778409090901384,0.780626780624543,0.9999999999723921,0.05750327614298603
76.49412353088272,1.1107194388377672,0.010998820124173376,0.7784090909014931,0.7806267806245647,0.9999999999726303,0.057503276142956666
76.51912978244562,1.1109806401330384,0.009889595622445183,0.7784090909015995,0.7806267806245865,0.999999999972844,0.05750327614292794
76.5441360340085,1.1112139263702943,0.00876646730680708,0.778409090901703,0.7806267806246082,0.9999999999730333,0.057503276142899844
76.5691422855714,1.111418971972109,0.0076312066655614234,0.7784090909018032,0.7806267806246301,0.9999999999731987,0.05750327614287244
76.59414853713429,1.1115954959131205,0.006485604736141485,0.7784090909019005,0.7806267806246519,0.9999999999733402,0.057503276142845755
76.61915478869717,1.1117432621627021,0.005331468942454557,0.7784090909019947,0.7806267806246737,0.9999999999734581,0.057503276142819706
76.64416104026007,1.111862080059068,0.004170619834764725,0.7784090909020858,0.7806267806246954,0.9999999999735525,0.05750327614279443
76.66916729182296,1.111951804596627,0.0030048878070762586,0.7784090909021737,0.7806267806247171,0.9999999999736237,0.057503276142769816
76.69417354338584,1.1120123366293573,0.001836109810075588,0.7784090909022583,0.7806267806247387,0.9999999999736715,0.05750327614274601
76.71917979494874,1.112043622993635,0.0006661260413071824,0.7784090909023398,0.7806267806247601,0.9999999999736962,0.05750327614272292
76.74418604651163,1.112045656548482,-0.0005032233815099219,0.7784090909024179,0.7806267806247813,0.9999999999736978,0.057503276142700635
76.76919229807453,1.112018476131831,-0.0016701017393434586,0.7784090909024928,0.7806267806248024,0.9999999999736764,0.057503276142679124
76.79419854963741,1.111962166434003,-0.002832679019260694,0.7784090909025642,0.7806267806248233,0.9999999999736319,0.05750327614265845
76.8192048012003,1.1118768577889608,-0.003989135202667144,0.7784090909026323,0.780626780624844,0.9999999999735643,0.057503276142638476
76.8442110527632,1.1117627258836615,-0.005137663528642622,0.778409090902697,0.7806267806248645,0.9999999999734737,0.0575032761426194
76.86921730432609,1.111619991385952,-0.0062764737222592475,0.7784090909027582,0.7806267806248846,0.9999999999733598,0.057503276142601166
76.89422355588897,1.1114489194918071,-0.007403795180391398,0.7784090909028161,0.7806267806249045,0.9999999999732228,0.057503276142583694
76.91922980745187,1.1112498193950344,-0.008517880094818717,0.7784090909028704,0.7806267806249242,0.9999999999730623,0.0575032761425671
76.94423605901476,1.1110230436794297,-0.009617006522229084,0.7784090909029212,0.7806267806249435,0.9999999999728784,0.05750327614255139
76.96924231057764,1.1107689876332263,-0.010699481396673972,0.7784090909029684,0.7806267806249625,0.999999999972671,0.05750327614253653
76.99424856214054,1.1104880884872046,-0.011763643465274459,0.778409090903012,0.780626780624981,0.9999999999724396,0.0575032761425226
77.01925481370343,1.1101808245897375,-0.01280786610763887,0.7784090909030521,0.7806267806249992,0.9999999999721845,0.05750327614250954
77.04426106526633,1.1098477145052779,-0.013830560109813768,0.7784090909030885,0.7806267806250171,0.999999999971905,0.05750327614249737
77.06926731682921,1.1094893160340507,-0.014830176356378288,0.7784090909031214,0.7806267806250347,0.9999999999716014,0.05750327614248605
77.0942735683921,1.1091062251939283,-0.015805208339144013,0.7784090909031504,0.7806267806250518,0.9999999999712731,0.05750327614247573
77.119279819955,1.1086990751182324,-0.01675419464757186,0.7784090909031758,0.7806267806250683,0.99999999997092,0.05750327614246633
77.14428607151788,1.1082685348824846,-0.01767572134053177,0.7784090909031974,0.7806267806250845,0.999999999970542,0.05750327614245783
77.16929232308077,1.1078153083213824,-0.018568424104874102,0.7784090909032153,0.7806267806251003,0.9999999999701388,0.057503276142450266
77.19429857464367,1.1073401327301822,-0.01943099044740427,0.7784090909032293,0.7806267806251155,0.99999999996971,0.05750327614244373
77.21930482620655,1.106843777554584,-0.020262161638352497,0.7784090909032395,0.7806267806251302,0.9999999999692556,0.05750327614243814
77.24431107776945,1.1063270430447403,-0.02106073455759789,0.7784090909032458,0.7806267806251445,0.9999999999687752,0.05750327614243355
77.26931732933234,1.1057907587875253,-0.021825563504853367,0.7784090909032484,0.7806267806251582,0.9999999999682689,0.05750327614242989
77.29432358089522,1.1052357823264018,-0.022555561683215968,0.7784090909032468,0.7806267806251714,0.9999999999677361,0.057503276142427284
77.31932983245812,1.1046629975902151,-0.023249702796485944,0.7784090909032414,0.7806267806251841,0.9999999999671769,0.05750327614242568
77.34433608402101,1.1040733134297738,-0.02390702226780266,0.778409090903232,0.7806267806251961,0.9999999999665912,0.05750327614242511
77.3693423355839,1.1034676620221493,-0.024526618520422684,0.7784090909032185,0.7806267806252076,0.9999999999659785,0.05750327614242553
77.3943485871468,1.1028469972784731,-0.025107654000759747,0.778409090903201,0.7806267806252185,0.9999999999653391,0.057503276142427055
77.41935483870968,1.1022122932770309,-0.025649356104547886,0.7784090909031793,0.7806267806252288,0.9999999999646728,0.05750327614242961
77.44436109027257,1.101564542542901,-0.02615101800438837,0.7784090909031536,0.7806267806252385,0.9999999999639796,0.05750327614243322
77.46936734183546,1.100904754516208,-0.02661199924795735,0.7784090909031237,0.7806267806252476,0.9999999999632596,0.05750327614243789
77.49437359339835,1.1002339537332197,-0.027031726359588348,0.7784090909030896,0.780626780625256,0.9999999999625127,0.05750327614244366
77.51937984496125,1.0995531783247592,-0.02740969315216491,0.7784090909030513,0.7806267806252639,0.9999999999617392,0.057503276142450474
77.54438609652414,1.0988634781300295,-0.027745461073528137,0.7784090909030088,0.7806267806252711,0.9999999999609392,0.05750327614245842
77.56939234808702,1.0981659132184127,-0.028038659277090504,0.7784090909029621,0.7806267806252777,0.9999999999601132,0.05750327614246743
77.59439859964992,1.0974615519766961,-0.028288984683097193,0.778409090902911,0.7806267806252836,0.9999999999592615,0.05750327614247757
77.6194048512128,1.0967514696191767,-0.028496201862866936,0.7784090909028557,0.7806267806252887,0.9999999999583843,0.05750327614248883
77.64441110277569,1.096036746344563,-0.028660142780684378,0.7784090909027962,0.7806267806252931,0.9999999999574823,0.0575032761425012
77.66941735433859,1.0953184657051014,-0.028780706544211145,0.7784090909027322,0.7806267806252969,0.9999999999565563,0.0575032761425147
77.69442360590148,1.0945977130484352,-0.02885785882633043,0.7784090909026641,0.7806267806252999,0.9999999999556066,0.05750327614252933
77.71942985746436,1.0938755735302448,-0.02889163146269855,0.7784090909025917,0.7806267806253021,0.9999999999546344,0.057503276142545086
77.74443610902726,1.093153131014417,-0.02888212168413892,0.778409090902515,0.7806267806253037,0.9999999999536404,0.05750327614256197
77.76944236059015,1.09243146580529,-0.028829491367035148,0.7784090909024339,0.7806267806253044,0.9999999999526258,0.057503276142579975
77.79444861215305,1.0917116534211773,-0.028733966308769728,0.7784090909023488,0.7806267806253046,0.9999999999515916,0.05750327614259908
77.81945486371593,1.0909947633576824,-0.028595835165100773,0.7784090909022594,0.7806267806253039,0.9999999999505393,0.057503276142619277
77.84446111527882,1.0902818565061771,-0.028415448374449627,0.7784090909021658,0.7806267806253026,0.9999999999494701,0.057503276142640565
77.86946736684172,1.0895739844599746,-0.028193217332657478,0.7784090909020682,0.7806267806253003,0.9999999999483855,0.05750327614266299
77.8944736184046,1.0888721880148537,-0.027929612947283293,0.7784090909019665,0.7806267806252973,0.9999999999472873,0.05750327614268645
77.91947986996749,1.0881774950948495,-0.027625164424584632,0.778409090901861,0.7806267806252936,0.9999999999461773,0.057503276142711
77.94448612153039,1.0874909199474183,-0.02728045815034921,0.7784090909017515,0.7806267806252891,0.9999999999450571,0.05750327614273659
77.96949237309327,1.0868134613594376,-0.026896136066507106,0.7784090909016383,0.7806267806252838,0.9999999999439291,0.05750327614276317
77.99449862465617,1.0861461012875688,-0.026472894388047907,0.7784090909015214,0.7806267806252777,0.9999999999427951,0.05750327614279078
78.01950487621906,1.0854898038267402,-0.02601148214520272,0.778409090901401,0.7806267806252708,0.9999999999416578,0.057503276142819325
78.04451112778194,1.0848455134779318,-0.025512699473896925,0.7784090909012771,0.7806267806252631,0.9999999999405191,0.05750327614284888
78.06951737934484,1.0842141542894983,-0.024977396280144663,0.7784090909011498,0.7806267806252547,0.9999999999393817,0.05750327614287931
78.09452363090773,1.0835966283187397,-0.02440647037151901,0.7784090909010196,0.7806267806252455,0.9999999999382483,0.05750327614291059
78.11952988247062,1.0829938146850733,-0.023800866029480786,0.7784090909008864,0.7806267806252355,0.9999999999371214,0.05750327614294274
78.14453613403352,1.0824065682643933,-0.023161572120897537,0.7784090909007504,0.7806267806252247,0.9999999999360037,0.05750327614297566
78.1695423855964,1.08183571871473,-0.02248962054903495,0.7784090909006118,0.7806267806252133,0.9999999999348983,0.05750327614300932
78.19454863715929,1.081282069330069,-0.02178608435868475,0.778409090900471,0.780626780625201,0.9999999999338081,0.057503276143043694
78.21955488872219,1.080746396112084,-0.0210520761051217,0.7784090909003278,0.780626780625188,0.9999999999327357,0.05750327614307872
78.24456114028507,1.0802294467293825,-0.020288745930429945,0.778409090900183,0.7806267806251742,0.9999999999316844,0.05750327614311432
78.26956739184797,1.0797319396779537,-0.019497279896017294,0.7784090909000363,0.7806267806251598,0.9999999999306571,0.057503276143150484
78.29457364341086,1.0792545633224655,-0.01867889801632171,0.7784090908998883,0.7806267806251446,0.9999999999296569,0.05750327614318711
78.31957989497374,1.0787979751583452,-0.017834852578310797,0.7784090908997392,0.7806267806251288,0.9999999999286868,0.057503276143224084
78.34458614653664,1.078362800937716,-0.016966426144514275,0.7784090908995892,0.7806267806251123,0.9999999999277496,0.05750327614326147
78.36959239809953,1.077949634021619,-0.016074929850259108,0.7784090908994387,0.7806267806250952,0.9999999999268485,0.05750327614329908
78.39459864966241,1.077559034614176,-0.015161701420536737,0.7784090908992879,0.7806267806250774,0.9999999999259863,0.057503276143336876
78.41960490122531,1.0771915291758258,-0.014228103400776387,0.7784090908991372,0.780626780625059,0.9999999999251658,0.057503276143374846
78.4446111527882,1.076847609796905,-0.013275521256352323,0.7784090908989869,0.78062678062504,0.9999999999243896,0.05750327614341282
78.4696174043511,1.076527733649693,-0.012305361488648353,0.7784090908988374,0.7806267806250206,0.9999999999236606,0.05750327614345074
78.49462365591398,1.0762323225048165,-0.011319049838859051,0.7784090908986889,0.7806267806250005,0.999999999922981,0.05750327614348854
78.51962990747687,1.0759617622446094,-0.010318029340237143,0.7784090908985417,0.7806267806249799,0.9999999999223533,0.057503276143526176
78.54463615903977,1.0757164024798802,-0.009303758531035149,0.7784090908983964,0.7806267806249589,0.9999999999217797,0.057503276143563486
78.56964241060265,1.0754965561721643,-0.008277709571099086,0.778409090898253,0.7806267806249375,0.9999999999212621,0.05750327614360044
78.59464866216554,1.075302499314414,-0.007241366365851606,0.778409090898112,0.7806267806249158,0.9999999999208024,0.057503276143636976
78.61965491372844,1.0751344706708208,-0.006196222768163133,0.7784090908979738,0.7806267806248935,0.9999999999204021,0.05750327614367297
78.64466116529132,1.0749926715421143,-0.005143780704034064,0.7784090908978387,0.7806267806248711,0.9999999999200628,0.05750327614370833
78.66966741685421,1.074877265588663,-0.004085548330600174,0.778409090897707,0.7806267806248484,0.9999999999197855,0.05750327614374296
78.69467366841711,1.0747883787006307,-0.0030230382322857944,0.778409090897579,0.7806267806248254,0.9999999999195714,0.057503276143776816
78.71967991998,1.074726098907057,-0.0019577655804911007,0.7784090908974549,0.7806267806248024,0.9999999999194209,0.05750327614380984
78.7446861715429,1.0746904763344878,-0.0008912463122719586,0.7784090908973352,0.7806267806247791,0.9999999999193347,0.05750327614384192
78.76969242310578,1.0746815232111688,0.00017500467469506987,0.7784090908972203,0.7806267806247557,0.9999999999193132,0.05750327614387294
78.79469867466867,1.0746992139152265,0.0012394753242171447,0.7784090908971102,0.7806267806247322,0.999999999919356,0.05750327614390292
78.81970492623157,1.0747434850681845,0.002300658223608091,0.7784090908970054,0.7806267806247088,0.999999999919463,0.05750327614393168
78.84471117779445,1.0748142356735715,0.0033570523923914415,0.7784090908969059,0.7806267806246854,0.9999999999196337,0.05750327614395925
78.86971742935734,1.074911327299998,0.004407165064272162,0.7784090908968122,0.7806267806246621,0.9999999999198674,0.05750327614398551
78.89472368092024,1.0750345843085112,0.005449513461918402,0.7784090908967244,0.7806267806246389,0.9999999999201632,0.05750327614401041
78.91972993248312,1.075183794125148,0.006482626569629248,0.7784090908966428,0.7806267806246159,0.9999999999205198,0.057503276144033846
78.94473618404602,1.0753587075572228,0.007505046891674101,0.7784090908965674,0.7806267806245931,0.9999999999209358,0.057503276144055857
78.96974243560891,1.0755590391519112,0.00851533219472082,0.7784090908964986,0.7806267806245706,0.9999999999214095,0.05750327614407637
78.99474868717179,1.0757844675995276,0.009512057256636163,0.7784090908964363,0.7806267806245484,0.9999999999219393,0.05750327614409531
79.01975493873469,1.07603463618562,0.010493815617682969,0.7784090908963809,0.7806267806245266,0.9999999999225229,0.057503276144112596
79.04476119029758,1.076309153274627,0.011459221272243162,0.7784090908963324,0.7806267806245052,0.9999999999231584,0.0575032761441283
79.06976744186046,1.076607592843625,0.012406910395345761,0.7784090908962907,0.7806267806244842,0.9999999999238433,0.05750327614414232
79.09477369342336,1.0769294950689763,0.013335543075260867,0.7784090908962562,0.7806267806244638,0.9999999999245752,0.057503276144154666
79.11977994498625,1.077274366928527,0.014243804948355601,0.7784090908962287,0.7806267806244438,0.9999999999253515,0.057503276144165304
79.14478619654913,1.077641682871886,0.015130408918185708,0.7784090908962082,0.7806267806244244,0.9999999999261695,0.05750327614417425
79.16979244811203,1.0780308855298715,0.015994096825708744,0.7784090908961949,0.7806267806244057,0.9999999999270266,0.057503276144181416
79.19479869967492,1.0784413864327242,0.016833641039892266,0.7784090908961887,0.7806267806243876,0.9999999999279198,0.05750327614418686
79.21980495123782,1.0788725668334487,0.01764784618174797,0.7784090908961895,0.7806267806243702,0.9999999999288461,0.057503276144190596
79.2448112028007,1.0793237784937388,0.018435550643019088,0.7784090908961973,0.7806267806243534,0.9999999999298028,0.05750327614419261
79.26981745436359,1.0797943445748477,0.01919562824527531,0.778409090896212,0.7806267806243375,0.9999999999307869,0.05750327614419281
79.29482370592649,1.0802835605433745,0.019926989799514048,0.7784090908962334,0.7806267806243223,0.9999999999317952,0.057503276144191436
79.31982995748938,1.08079069508439,0.020628584610823845,0.7784090908962615,0.780626780624308,0.9999999999328251,0.05750327614418832
79.34483620905226,1.0813149911444084,0.02129940209511272,0.7784090908962962,0.7806267806242945,0.9999999999338733,0.05750327614418359
79.36984246061516,1.081855666866275,0.021938473142782796,0.7784090908963373,0.7806267806242818,0.9999999999349374,0.057503276144177176
79.39484871217805,1.082411916751846,0.022544871739202898,0.7784090908963844,0.78062678062427,0.9999999999360141,0.057503276144169245
79.41985496374095,1.082982912634393,0.023117716225497048,0.7784090908964378,0.780626780624259,0.9999999999371008,0.05750327614415972
79.44486121530383,1.0835678049420534,0.023656170873398635,0.7784090908964969,0.7806267806242492,0.9999999999381948,0.05750327614414866
79.46986746686672,1.0841657237136033,0.024159447058428343,0.7784090908965617,0.7806267806242401,0.9999999999392936,0.057503276144136146
79.49487371842962,1.0847757799573043,0.024626804764867158,0.7784090908966319,0.7806267806242319,0.9999999999403946,0.057503276144122255
79.5198799699925,1.085397066700144,0.025057553661975727,0.7784090908967074,0.7806267806242247,0.9999999999414952,0.05750327614410688
79.54488622155539,1.0860286604505376,0.02545105453204939,0.7784090908967879,0.7806267806242184,0.9999999999425933,0.05750327614409026
79.56989247311829,1.0866696222581695,0.02580672022798604,0.778409090896873,0.7806267806242132,0.9999999999436866,0.0575032761440723
79.59489872468117,1.0873189992965215,0.026124017020302866,0.7784090908969626,0.7806267806242089,0.9999999999447731,0.05750327614405315
79.61990497624406,1.0879758259110974,0.026402465420401974,0.7784090908970566,0.7806267806242055,0.9999999999458506,0.057503276144032826
79.64491122780696,1.0886391253150316,0.026641641419333235,0.7784090908971544,0.7806267806242031,0.9999999999469175,0.05750327614401139
79.66991747936984,1.0893079106653245,0.026841177206437417,0.7784090908972561,0.7806267806242017,0.9999999999479718,0.05750327614398893
79.69492373093274,1.0899811867349887,0.027000762197552625,0.7784090908973611,0.7806267806242012,0.9999999999490122,0.05750327614396543
79.71992998249563,1.0906579512752053,0.027120143777592462,0.7784090908974695,0.7806267806242017,0.999999999950037,0.05750327614394102
79.74493623405851,1.0913371962603737,0.027199127929304363,0.7784090908975807,0.780626780624203,0.9999999999510447,0.05750327614391574
79.76994248562141,1.092017909903226,0.02723758010677372,0.7784090908976947,0.7806267806242052,0.9999999999520344,0.05750327614388967
79.7949487371843,1.0926990774301677,0.02723542551530018,0.7784090908978112,0.7806267806242084,0.9999999999530047,0.05750327614386283
79.81995498874718,1.0933796830281743,0.02719264974965704,0.7784090908979299,0.7806267806242124,0.9999999999539544,0.05750327614383527
79.84496124031008,1.0940587116224345,0.02710929926575978,0.7784090908980504,0.7806267806242174,0.999999999954883,0.05750327614380711
79.86996749187297,1.09473514964698,0.02698548145170256,0.7784090908981728,0.7806267806242232,0.9999999999557894,0.05750327614377832
79.89497374343587,1.0954079871337827,0.026821364974866202,0.7784090908982966,0.7806267806242299,0.9999999999566728,0.05750327614374906
79.91997999499876,1.0960762192312374,0.02661717986876277,0.7784090908984216,0.7806267806242373,0.9999999999575326,0.057503276143719334
79.94498624656164,1.0967388473513386,0.026373217515131445,0.7784090908985477,0.7806267806242455,0.9999999999583685,0.057503276143689205
79.96999249812454,1.0973948812098087,0.02608983053833726,0.7784090908986746,0.7806267806242544,0.9999999999591799,0.05750327614365871
79.99499874968743,1.0980433399031384,0.025767432643705013,0.778409090898802,0.7806267806242642,0.9999999999599662,0.05750327614362794
80.02000500125031,1.0986832537627562,0.025406498249676588,0.7784090908989298,0.7806267806242746,0.9999999999607275,0.05750327614359692
80.04501125281321,1.0993136657015912,0.025007562107441563,0.7784090908990577,0.7806267806242858,0.9999999999614633,0.057503276143565686
80.0700175043761,1.0999336327129172,0.024571218768506205,0.7784090908991856,0.7806267806242976,0.9999999999621734,0.05750327614353435
80.09502375593898,1.1005422274828371,0.0240981219004756,0.7784090908993133,0.78062678062431,0.9999999999628577,0.05750327614350292
80.12003000750188,1.1011385396720248,0.023588983611238182,0.7784090908994405,0.780626780624323,0.9999999999635163,0.05750327614347145
80.14503625906477,1.1017216775750904,0.02304457347582079,0.7784090908995673,0.7806267806243367,0.999999999964149,0.057503276143439946
80.17004251062767,1.102290769340482,0.022465717673991924,0.7784090908996933,0.7806267806243509,0.999999999964756,0.05750327614340848
80.19504876219055,1.1028449645613538,0.02185329777018967,0.7784090908998184,0.7806267806243655,0.9999999999653371,0.05750327614337714
80.22005501375344,1.1033834354796024,0.021208249627442603,0.7784090908999424,0.7806267806243807,0.9999999999658924,0.05750327614334592
80.24506126531634,1.1039053784659365,0.0205315619749156,0.7784090909000653,0.7806267806243964,0.9999999999664224,0.05750327614331484
80.27006751687922,1.1044100152173146,0.019824275067745145,0.7784090909001868,0.7806267806244125,0.9999999999669269,0.05750327614328393
80.29507376844211,1.104896594097601,0.01908747908375934,0.7784090909003069,0.780626780624429,0.9999999999674061,0.05750327614325329
80.32008002000501,1.1053643913323825,0.01832231249583957,0.7784090909004253,0.780626780624446,0.9999999999678604,0.05750327614322291
80.3450862715679,1.105812712190801,0.017529960340489346,0.7784090909005421,0.7806267806244632,0.9999999999682898,0.05750327614319285
80.37009252313078,1.1062408921632532,0.016711652291721023,0.7784090909006571,0.7806267806244809,0.9999999999686945,0.05750327614316307
80.39509877469368,1.1066482979945804,0.015868660806201577,0.7784090909007702,0.7806267806244988,0.9999999999690747,0.057503276143133705
80.42010502625656,1.1070343287964288,0.015002298949220186,0.7784090909008812,0.7806267806245168,0.9999999999694309,0.05750327614310472
80.44511127781946,1.1073984169741267,0.014113918358064964,0.7784090909009901,0.7806267806245352,0.9999999999697629,0.0575032761430762
80.47011752938235,1.1077400292039647,0.013204906938238675,0.7784090909010969,0.7806267806245538,0.9999999999700713,0.05750327614304806
80.49512378094524,1.108058667300388,0.012276686550382134,0.7784090909012014,0.7806267806245725,0.9999999999703559,0.057503276143020456
80.52013003250813,1.108353869020669,0.011330710661643689,0.7784090909013034,0.7806267806245915,0.9999999999706173,0.05750327614299328
80.54513628407102,1.108625208851329,0.01036846179641204,0.7784090909014031,0.7806267806246106,0.9999999999708555,0.057503276142966624
80.5701425356339,1.1088722986799902,0.009391449056437044,0.7784090909015002,0.7806267806246296,0.9999999999710707,0.057503276142940554
80.5951487871968,1.109094788435693,0.008401205504827128,0.7784090909015949,0.7806267806246489,0.9999999999712632,0.05750327614291499
80.62015503875969,1.1092923666617323,0.007399285467851622,0.778409090901687,0.7806267806246682,0.9999999999714331,0.05750327614289001
80.64516129032259,1.1094647610020592,0.006387261870366325,0.7784090909017763,0.7806267806246874,0.9999999999715804,0.05750327614286568
80.67016754188548,1.1096117386376698,0.0053667234643816186,0.778409090901863,0.7806267806247067,0.9999999999717055,0.05750327614284187
80.69517379344836,1.109733106649335,0.004339272016976258,0.7784090909019469,0.780626780624726,0.9999999999718083,0.05750327614281874
80.72018004501126,1.10982871230425,0.003306519505534013,0.7784090909020279,0.7806267806247453,0.999999999971889,0.05750327614279622
80.74518629657415,1.1098984432765644,0.0022700852698978105,0.7784090909021061,0.7806267806247644,0.9999999999719478,0.05750327614277441
80.77019254813703,1.1099422277968551,0.0012315931392927217,0.7784090909021814,0.7806267806247835,0.9999999999719846,0.05750327614275323
80.79519879969993,1.1099600347277865,0.00019266855697032731,0.7784090909022537,0.7806267806248025,0.9999999999719995,0.05750327614273276
80.82020505126282,1.1099518735683125,-0.0008450642936778175,0.7784090909023231,0.7806267806248213,0.9999999999719926,0.05750327614271299
80.8452113028257,1.1099177943864442,-0.0018799853615811208,0.7784090909023894,0.78062678062484,0.999999999971964,0.05750327614269389
80.8702175543886,1.1098578876801077,-0.0029104815908302896,0.7784090909024528,0.7806267806248586,0.9999999999719136,0.05750327614267553
80.89522380595149,1.1097722841666104,-0.003934949763736344,0.7784090909025131,0.7806267806248769,0.9999999999718414,0.057503276142657885
80.92023005751439,1.109661154501235,-0.004951799317047432,0.7784090909025702,0.780626780624895,0.9999999999717474,0.05750327614264103
80.94523630907727,1.109524708926129,-0.005959455124033008,0.7784090909026242,0.7806267806249129,0.9999999999716315,0.05750327614262491
80.97024256064016,1.1093631968503945,-0.006956360238029621,0.7784090909026751,0.7806267806249305,0.9999999999714937,0.05750327614260954
80.99524881220306,1.109176906360049,-0.007940978599401393,0.7784090909027226,0.780626780624948,0.9999999999713339,0.05750327614259496
81.02025506376594,1.1089661636630777,-0.008911797674630175,0.778409090902767,0.780626780624965,0.9999999999711522,0.057503276142581175
81.04526131532883,1.108731332470676,-0.009867331033633952,0.7784090909028081,0.7806267806249817,0.9999999999709481,0.05750327614256823
81.07026756689173,1.1084728133121313,-0.01080612088201748,0.7784090909028459,0.7806267806249982,0.999999999970722,0.057503276142556015
81.09527381845461,1.1081910427820318,-0.011726740527322711,0.7784090909028804,0.7806267806250143,0.9999999999704734,0.057503276142544704
81.12028007001751,1.107886492742457,-0.01262779671694099,0.7784090909029114,0.7806267806250302,0.9999999999702025,0.057503276142534185
81.1452863215804,1.1075596694552714,-0.013507931953133583,0.7784090909029392,0.7806267806250456,0.9999999999699088,0.057503276142524484
81.17029257314329,1.1072111126481725,-0.014365826725013398,0.7784090909029636,0.7806267806250606,0.9999999999695925,0.057503276142515644
81.19529882470619,1.1068413945592712,-0.015200201567613805,0.7784090909029845,0.7806267806250753,0.9999999999692534,0.05750327614250768
81.22030507626907,1.1064511188954755,-0.016009819135196224,0.778409090903002,0.7806267806250895,0.9999999999688913,0.05750327614250058
81.24531132783196,1.106040919749579,-0.01679348611884015,0.778409090903016,0.7806267806251034,0.9999999999685061,0.05750327614249433
81.27031757939486,1.1056114605054717,-0.017550055020291406,0.7784090909030266,0.7806267806251167,0.9999999999680977,0.057503276142488985
81.29532383095774,1.1051634326243205,-0.01827842595750304,0.7784090909030335,0.7806267806251296,0.9999999999676661,0.057503276142484544
81.32033008252063,1.1046975544811335,-0.01897754817755919,0.7784090909030369,0.7806267806251421,0.9999999999672109,0.05750327614248097
81.34533633408353,1.1042145700888475,-0.01964642162655667,0.7784090909030368,0.7806267806251541,0.9999999999667324,0.057503276142478285
81.37034258564641,1.103715247807663,-0.02028409831727424,0.778409090903033,0.7806267806251656,0.9999999999662303,0.0575032761424766
81.39534883720931,1.1032003790697293,-0.02088968357074024,0.7784090909030256,0.7806267806251765,0.9999999999657047,0.05750327614247581
81.4203550887722,1.102670776954776,-0.02146233725605214,0.7784090909030145,0.7806267806251871,0.9999999999651554,0.05750327614247593
81.44536134033508,1.1021272749150997,-0.022001274723208876,0.7784090909029997,0.7806267806251971,0.9999999999645826,0.05750327614247701
81.47036759189798,1.1015707252565612,-0.02250576786600345,0.7784090909029813,0.7806267806252064,0.9999999999639864,0.057503276142479076
81.49537384346087,1.1010019978451882,-0.02297514579317784,0.7784090909029591,0.7806267806252153,0.9999999999633666,0.05750327614248206
81.52038009502375,1.100421978528814,-0.02340879567469978,0.7784090909029332,0.7806267806252236,0.9999999999627236,0.057503276142486
81.54538634658665,1.0998315678229778,-0.023806163179544232,0.7784090909029036,0.7806267806252314,0.9999999999620575,0.0575032761424909
81.57039259814954,1.0992316792888024,-0.024166753093341275,0.77840909090287,0.7806267806252386,0.9999999999613685,0.057503276142496826
81.59539884971244,1.0986232382149905,-0.02449012953113117,0.7784090909028328,0.7806267806252452,0.9999999999606568,0.057503276142503716
81.62040510127532,1.0980071799461306,-0.024775916334733746,0.7784090909027918,0.7806267806252513,0.9999999999599228,0.057503276142511564
81.64541135283821,1.0973844486014674,-0.025023797060468932,0.7784090909027469,0.7806267806252567,0.9999999999591671,0.0575032761425204
81.67041760440111,1.0967559953281443,-0.02523351516689118,0.7784090909026982,0.7806267806252615,0.99999999995839,0.05750327614253028
81.695423855964,1.0961227771025928,-0.02540487379475937,0.7784090909026458,0.7806267806252656,0.9999999999575919,0.05750327614254113
81.72043010752688,1.0954857548952663,-0.025537735724540225,0.7784090909025895,0.7806267806252692,0.9999999999567737,0.05750327614255293
81.74543635908978,1.094845892556137,-0.025632023017617106,0.7784090909025294,0.7806267806252721,0.9999999999559359,0.05750327614256578
81.77044261065267,1.0942041549877888,-0.025687716670379432,0.7784090909024656,0.7806267806252744,0.9999999999550794,0.057503276142579614
81.79544886221555,1.0935615068898688,-0.02570485621338467,0.778409090902398,0.7806267806252759,0.9999999999542049,0.05750327614259443
81.82045511377845,1.092918911367862,-0.02568353904258004,0.7784090909023267,0.7806267806252769,0.9999999999533136,0.05750327614261021
81.84546136534134,1.0922773280487392,-0.025623919900732636,0.7784090909022516,0.7806267806252771,0.9999999999524063,0.057503276142626986
81.87046761690424,1.091637712396897,-0.025526210158926563,0.778409090902173,0.7806267806252768,0.9999999999514841,0.05750327614264473
81.89547386846712,1.091001013754945,-0.025390676847594364,0.7784090909020908,0.7806267806252757,0.9999999999505486,0.05750327614266342
81.92048012003,1.0903681737824544,-0.025217642012936733,0.7784090909020049,0.7806267806252739,0.9999999999496008,0.057503276142683094
81.9454863715929,1.0897401258033899,-0.025007481706841136,0.7784090909019156,0.7806267806252716,0.9999999999486422,0.057503276142703674
81.97049262315579,1.0891177929520628,-0.024760624846391893,0.7784090909018229,0.7806267806252685,0.9999999999476743,0.05750327614272517
81.99549887471868,1.0885020868529958,-0.024477552279474752,0.7784090909017268,0.7806267806252646,0.9999999999466989,0.05750327614274759
82.02050512628158,1.0878939067376776,-0.02415879566951297,0.7784090909016275,0.78062678062526,0.9999999999457174,0.05750327614277091
82.04551137784446,1.0872941376494345,-0.023804936119718057,0.778409090901525,0.7806267806252549,0.9999999999447318,0.057503276142795066
82.07051762940736,1.0867036496519134,-0.023416603171647673,0.7784090909014195,0.780626780625249,0.9999999999437441,0.05750327614282004
82.09552388097025,1.0861232964475107,-0.022994473321485548,0.778409090901311,0.7806267806252424,0.999999999942756,0.05750327614284589
82.12053013253313,1.085553914188076,-0.022539268759551152,0.7784090909011998,0.7806267806252352,0.9999999999417698,0.05750327614287246
82.14553638409603,1.0849963205145794,-0.022051756016978303,0.7784090909010859,0.7806267806252273,0.9999999999407876,0.057503276142899816
82.17054263565892,1.0844513132420397,-0.021532744437232954,0.7784090909009694,0.7806267806252186,0.9999999999398115,0.05750327614292788
82.1955488872218,1.0839196695411113,-0.02098308486675915,0.7784090909008506,0.7806267806252093,0.9999999999388438,0.05750327614295661
82.2205551387847,1.0834021446977935,-0.020403667998005418,0.7784090909007297,0.7806267806251993,0.9999999999378869,0.057503276142986004
82.24556139034759,1.082899471336321,-0.019795423020154378,0.7784090909006068,0.7806267806251886,0.9999999999369431,0.05750327614301596
82.27056764191047,1.082412358297136,-0.019159315902845822,0.778409090900482,0.7806267806251774,0.9999999999360148,0.057503276143046476
82.29557389347337,1.0819414898953033,-0.01849634798766231,0.7784090909003558,0.7806267806251654,0.9999999999351046,0.0575032761430775
82.32058014503626,1.0814875249161222,-0.0178075542409542,0.778409090900228,0.7806267806251529,0.9999999999342147,0.05750327614310898
82.34558639659916,1.0810510959151445,-0.01709400178263481,0.7784090909000991,0.7806267806251398,0.9999999999333478,0.05750327614314086
82.37059264816205,1.0806328083350087,-0.01635678813714021,0.7784090908999692,0.780626780625126,0.9999999999325061,0.057503276143173084
82.39559889972493,1.080233239840562,-0.015597039680416296,0.7784090908998387,0.7806267806251117,0.9999999999316922,0.05750327614320559
82.42060515128783,1.0798529395706742,-0.014815909933540875,0.7784090908997077,0.7806267806250968,0.9999999999309084,0.05750327614323833
82.44561140285072,1.079492427499049,-0.01401457790138563,0.7784090908995764,0.7806267806250813,0.9999999999301571,0.05750327614327125
82.4706176544136,1.0791521938253794,-0.013194246438262077,0.7784090908994452,0.7806267806250653,0.9999999999294406,0.05750327614330429
82.4956239059765,1.0788326983720655,-0.012356140489068327,0.7784090908993144,0.7806267806250489,0.999999999928761,0.057503276143337306
82.52063015753939,1.078534370092007,-0.011501505497887749,0.778409090899184,0.780626780625032,0.9999999999281206,0.057503276143370384
82.54563640910229,1.0782576065381628,-0.010631605625397932,0.7784090908990546,0.7806267806250146,0.9999999999275213,0.05750327614340332
82.57064266066517,1.078002773445165,-0.009747722116987132,0.7784090908989263,0.7806267806249967,0.9999999999269651,0.057503276143436116
82.59564891222806,1.0777702043118318,-0.008851151592194021,0.7784090908987994,0.7806267806249784,0.9999999999264537,0.057503276143468694
82.62065516379096,1.0775602000325362,-0.007943204315168744,0.7784090908986743,0.7806267806249598,0.9999999999259889,0.05750327614350092
82.64566141535384,1.0773730285917769,-0.007025202554912557,0.7784090908985511,0.780626780624941,0.9999999999255722,0.05750327614353277
82.67066766691673,1.0772089247722916,-0.006098478849295995,0.7784090908984302,0.7806267806249216,0.9999999999252048,0.05750327614356425
82.69567391847963,1.0770680899237521,-0.0051643743163660326,0.7784090908983119,0.7806267806249021,0.9999999999248881,0.057503276143595176
82.72068017004251,1.0769506917726972,-0.004224236990061017,0.7784090908981963,0.7806267806248823,0.9999999999246232,0.05750327614362555
82.7456864216054,1.0768568642656349,-0.0032794201103213136,0.7784090908980839,0.7806267806248623,0.9999999999244107,0.05750327614365526
82.7706926731683,1.0767867074618744,-0.002331280440860066,0.7784090908979748,0.7806267806248421,0.9999999999242514,0.05750327614368425
82.79569892473118,1.0767402874674379,-0.0013811766076984554,0.7784090908978694,0.7806267806248218,0.9999999999241458,0.057503276143712465
82.82070517629408,1.0767176364080564,-0.00043046741652753476,0.7784090908977678,0.7806267806248015,0.9999999999240943,0.05750327614373982
82.84571142785697,1.0767187524457862,0.0005194898154313883,0.7784090908976702,0.7806267806247811,0.9999999999240968,0.057503276143766296
82.87071767941985,1.0767435998373358,0.0014673409184068722,0.7784090908975769,0.7806267806247605,0.9999999999241533,0.05750327614379181
82.89572393098275,1.0767921090332528,0.002411736522206311,0.7784090908974883,0.7806267806247402,0.9999999999242637,0.05750327614381625
82.92073018254564,1.0768641768186413,0.0033513337070949383,0.7784090908974044,0.7806267806247198,0.9999999999244272,0.05750327614383967
82.94573643410853,1.0769596664949739,0.004284797643005575,0.7784090908973255,0.7806267806246995,0.9999999999246434,0.05750327614386191
82.97074268567142,1.0770784081028222,0.00521080322071262,0.7784090908972516,0.7806267806246794,0.9999999999249114,0.057503276143882995
82.99574893723431,1.0772201986846353,0.006128036674442651,0.7784090908971831,0.7806267806246594,0.99999999992523,0.05750327614390284
83.0207551887972,1.077384802589857,0.007035197205185988,0.7784090908971201,0.7806267806246396,0.9999999999255984,0.05750327614392141
83.0457614403601,1.0775719518194125,0.007930998583717187,0.7784090908970626,0.78062678062462,0.999999999926015,0.05750327614393872
83.07076769192298,1.0777813464073396,0.00881417073393889,0.7784090908970108,0.7806267806246008,0.9999999999264783,0.05750327614395463
83.09577394348588,1.0780126548464897,0.009683461332978061,0.7784090908969648,0.7806267806245819,0.9999999999269866,0.05750327614396921
83.12078019504877,1.0782655145560207,0.01053763739294322,0.7784090908969247,0.7806267806245635,0.9999999999275384,0.05750327614398231
83.14578644661165,1.0785395323749452,0.01137548678829948,0.7784090908968906,0.7806267806245454,0.9999999999281317,0.05750327614399401
83.17079269817455,1.078834285111143,0.012195819838353985,0.7784090908968624,0.7806267806245277,0.9999999999287643,0.0575032761440043
83.19579894973744,1.0791493201241484,0.012997470837885656,0.7784090908968403,0.7806267806245105,0.9999999999294344,0.05750327614401311
83.22080520130032,1.0794841559276218,0.013779299536765438,0.7784090908968242,0.7806267806244938,0.9999999999301398,0.05750327614402046
83.24581145286322,1.079838282870471,0.014540192709937968,0.7784090908968142,0.7806267806244777,0.999999999930878,0.05750327614402632
83.27081770442611,1.080211163806728,0.015279065574708754,0.7784090908968102,0.780626780624462,0.9999999999316469,0.05750327614403073
83.29582395598901,1.0806022348346251,0.01599486328870483,0.7784090908968122,0.780626780624447,0.9999999999324442,0.05750327614403362
83.3208302075519,1.0810109060779285,0.01668656241302004,0.7784090908968202,0.7806267806244327,0.9999999999332674,0.05750327614403504
83.34583645911478,1.0814365624501137,0.017353172265037083,0.7784090908968341,0.780626780624419,0.999999999934114,0.05750327614403497
83.37084271067768,1.0818785645490567,0.017993736420070707,0.7784090908968536,0.7806267806244059,0.999999999934982,0.05750327614403351
83.39584896224056,1.0823362494615438,0.01860733396104776,0.7784090908968789,0.7806267806243936,0.9999999999358686,0.057503276144030606
83.42085521380345,1.082808931740298,0.019193080944404608,0.7784090908969098,0.7806267806243821,0.9999999999367717,0.057503276144026255
83.44586146536635,1.0832959042776091,0.01975013160351427,0.7784090908969462,0.7806267806243712,0.9999999999376886,0.05750327614402051
83.47086771692923,1.0837964393315411,0.020277679717880564,0.7784090908969878,0.7806267806243611,0.9999999999386173,0.057503276144013446
83.49587396849212,1.084309789491744,0.020774959798228618,0.7784090908970346,0.7806267806243518,0.9999999999395554,0.057503276144005015
83.52088022005502,1.0848351887345418,0.021241248333047708,0.7784090908970864,0.7806267806243432,0.9999999999405007,0.05750327614399531
83.5458864716179,1.0853718534809527,0.02167586494188313,0.7784090908971432,0.7806267806243354,0.9999999999414508,0.05750327614398433
83.5708927231808,1.0859189836858814,0.022078173509273633,0.7784090908972046,0.7806267806243286,0.9999999999424041,0.057503276143972076
83.59589897474369,1.0864757639644822,0.022447583266600925,0.7784090908972704,0.7806267806243224,0.9999999999433582,0.05750327614395866
83.62090522630658,1.0870413647421613,0.02278354983923822,0.7784090908973406,0.7806267806243171,0.9999999999443111,0.057503276143944106
83.64591147786948,1.0876149434000897,0.023085576204176284,0.7784090908974148,0.7806267806243127,0.9999999999452611,0.05750327614392843
83.67091772943236,1.0881956455428288,0.023353213686902862,0.778409090897493,0.7806267806243091,0.9999999999462066,0.05750327614391167
83.69592398099525,1.088782606079605,0.023586062734297798,0.7784090908975748,0.7806267806243063,0.9999999999471455,0.05750327614389396
83.72093023255815,1.0893749506876282,0.023783773891018746,0.7784090908976602,0.7806267806243044,0.9999999999480764,0.05750327614387524
83.74593648412103,1.0899717967552522,0.02394604835845319,0.7784090908977488,0.7806267806243032,0.9999999999489979,0.0575032761438556
83.77094273568393,1.0905722550541552,0.02407263891704953,0.7784090908978405,0.7806267806243029,0.9999999999499083,0.057503276143835096
83.79594898724682,1.0911754306285981,0.024163350344357945,0.778409090897935,0.7806267806243035,0.9999999999508067,0.057503276143813745
83.8209552388097,1.0917804243865696,0.024218040107381614,0.7784090908980321,0.7806267806243048,0.9999999999516914,0.05750327614379165
83.8459614903726,1.0923863344921259,0.024236618866190118,0.7784090908981317,0.7806267806243069,0.9999999999525616,0.05750327614376883
83.87096774193549,1.0929922571031798,0.024219050693006568,0.7784090908982334,0.7806267806243098,0.9999999999534162,0.057503276143745355
83.89597399349837,1.0935972885745935,0.024165353662127197,0.7784090908983371,0.7806267806243135,0.9999999999542541,0.05750327614372125
83.92098024506127,1.094200526367397,0.024075599990378543,0.7784090908984427,0.7806267806243179,0.9999999999550745,0.05750327614369658
83.94598649662416,1.0948010701023856,0.023949916131736373,0.7784090908985497,0.7806267806243231,0.9999999999558766,0.057503276143671386
83.97099274818704,1.0953980235767968,0.02378848298219039,0.7784090908986581,0.780626780624329,0.9999999999566598,0.05750327614364574
83.99599899974994,1.0959904956489719,0.023591535829164352,0.7784090908987676,0.7806267806243355,0.9999999999574234,0.05750327614361969
84.02100525131283,1.0965776017003672,0.023359364265260862,0.7784090908988782,0.7806267806243429,0.9999999999581667,0.05750327614359324
84.04601150287573,1.097158465172677,0.023092311998932132,0.7784090908989896,0.7806267806243508,0.9999999999588893,0.05750327614356648
84.07101775443861,1.0977322185825236,0.022790776628461372,0.7784090908991015,0.7806267806243594,0.9999999999595909,0.05750327614353941
84.0960240060015,1.0982980052631293,0.022455209192609113,0.7784090908992137,0.7806267806243686,0.999999999960271,0.05750327614351216
84.1210302575644,1.0988549803211722,0.02208611381167545,0.7784090908993263,0.7806267806243785,0.9999999999609293,0.05750327614348468
84.14603650912728,1.0994023122464676,0.02168404702786317,0.7784090908994389,0.7806267806243888,0.9999999999615656,0.057503276143457106
84.17104276069017,1.0999391840179669,0.021249617242067486,0.7784090908995513,0.7806267806243998,0.9999999999621797,0.05750327614342939
84.19604901225307,1.1004647945151056,0.020783483890635078,0.7784090908996636,0.7806267806244113,0.9999999999627713,0.05750327614340163
84.22105526381596,1.1009783597091145,0.020286356653197543,0.7784090908997754,0.7806267806244234,0.9999999999633407,0.05750327614337383
84.24606151537886,1.1014791139550402,0.01975899446217834,0.7784090908998866,0.7806267806244358,0.9999999999638871,0.05750327614334609
84.27106776694174,1.1019663111736944,0.019202204503104836,0.7784090908999971,0.7806267806244488,0.9999999999644111,0.05750327614331839
84.29607401850463,1.1024392260826663,0.018616841028979744,0.7784090909001068,0.7806267806244622,0.9999999999649125,0.05750327614329075
84.32108027006753,1.1028971553104987,0.018003804186469647,0.7784090909002156,0.7806267806244761,0.9999999999653912,0.05750327614326323
84.34608652163041,1.1033394185883731,0.017364038612111977,0.7784090909003232,0.7806267806244903,0.9999999999658473,0.05750327614323593
84.3710927731933,1.1037653597716655,0.016698532108208285,0.7784090909004295,0.780626780624505,0.999999999966281,0.057503276143208784
84.3960990247562,1.104174347983732,0.01600831402108201,0.7784090909005346,0.78062678062452,0.9999999999666922,0.05750327614318184
84.42110527631908,1.1045657785485443,0.015294453764082082,0.7784090909006381,0.7806267806245352,0.999999999967081,0.05750327614315518
84.44611152788197,1.104939074053262,0.01455805901475785,0.7784090909007402,0.7806267806245507,0.9999999999674476,0.0575032761431288
84.47111777944487,1.1052936852163466,0.013800274048538152,0.7784090909008405,0.7806267806245665,0.9999999999677922,0.05750327614310276
84.49612403100775,1.105629091821543,0.013022277832561557,0.7784090909009392,0.7806267806245825,0.9999999999681146,0.05750327614307704
84.52113028257065,1.1059448035502737,0.012225282107802523,0.778409090901036,0.7806267806245988,0.9999999999684152,0.05750327614305165
84.54613653413354,1.1062403607610072,0.011410529440788625,0.778409090901131,0.7806267806246152,0.9999999999686939,0.05750327614302666
84.57114278569642,1.1065153352652881,0.010579291080869411,0.7784090909012239,0.7806267806246319,0.9999999999689512,0.057503276143002095
84.59614903725932,1.1067693309870568,0.009732864908488462,0.7784090909013148,0.7806267806246485,0.9999999999691869,0.05750327614297793
84.62115528882221,1.107001984619478,0.008872573209074927,0.7784090909014036,0.7806267806246654,0.9999999999694011,0.05750327614295423
84.6461615403851,1.1072129662076446,0.007999760413576673,0.7784090909014901,0.7806267806246824,0.9999999999695942,0.05750327614293103
84.671167791948,1.1074019796616688,0.007115790851693357,0.7784090909015745,0.7806267806246995,0.9999999999697662,0.05750327614290825
84.69617404351088,1.1075687632366118,0.006222046376215701,0.7784090909016564,0.7806267806247166,0.9999999999699171,0.057503276142886056
84.72118029507378,1.1077130899380403,0.005319923983400148,0.778409090901736,0.7806267806247337,0.9999999999700471,0.057503276142864344
84.74618654663666,1.1078347678664104,0.004410833426045001,0.7784090909018132,0.7806267806247508,0.9999999999701561,0.0575032761428432
84.77119279819955,1.1079336405101279,0.003496194752749428,0.7784090909018879,0.7806267806247678,0.9999999999702446,0.05750327614282265
84.79619904976245,1.1080095869714748,0.002577435835871264,0.77840909090196,0.7806267806247849,0.9999999999703122,0.05750327614280263
84.82120530132534,1.108062522129696,0.0016559899046350458,0.7784090909020295,0.7806267806248018,0.9999999999703594,0.05750327614278324
84.84621155288822,1.1080923967446439,0.0007332930462259688,0.7784090909020964,0.7806267806248187,0.9999999999703859,0.057503276142764424
84.87121780445112,1.1080991974972947,-0.00018921829658012662,0.7784090909021606,0.7806267806248356,0.9999999999703919,0.057503276142746265
84.896224056014,1.1080829469670341,-0.0011101098240817262,0.7784090909022221,0.7806267806248522,0.9999999999703775,0.057503276142728724
84.92123030757689,1.1080437035468667,-0.002027951870136441,0.7784090909022809,0.7806267806248688,0.9999999999703426,0.05750327614271179
84.94623655913979,1.1079815612966946,-0.0029413218809367344,0.778409090902337,0.7806267806248852,0.9999999999702873,0.05750327614269555
84.97124281070268,1.107896649734494,-0.003848806879534496,0.7784090909023902,0.7806267806249015,0.9999999999702115,0.05750327614267994
84.99624906226558,1.1077891335662235,-0.004749005902631944,0.7784090909024405,0.7806267806249175,0.9999999999701152,0.05750327614266509
85.02125531382846,1.10765921235534,-0.0056405324055489045,0.778409090902488,0.7806267806249334,0.9999999999699986,0.057503276142650855
85.04626156539135,1.1075071201330409,-0.006522016632138184,0.7784090909025325,0.7806267806249491,0.9999999999698614,0.05750327614263738
85.07126781695425,1.1073331249489873,-0.0073921079494756,0.7784090909025742,0.7806267806249644,0.9999999999697036,0.05750327614262461
85.09627406851713,1.1071375283620861,-0.008249477140043288,0.7784090909026129,0.7806267806249796,0.9999999999695253,0.057503276142612504
85.12128032008002,1.1069206648806174,-0.009092818615019732,0.7784090909026485,0.7806267806249944,0.9999999999693264,0.057503276142601215
85.14628657164292,1.1066829013447863,-0.009920852595406962,0.7784090909026812,0.7806267806250089,0.9999999999691069,0.057503276142590626
85.1712928232058,1.1064246362470227,-0.010732327251746684,0.7784090909027108,0.7806267806250232,0.9999999999688666,0.057503276142580766
85.1962990747687,1.1061462990153113,-0.01152602072018768,0.7784090909027372,0.7806267806250372,0.9999999999686056,0.057503276142571697
85.22130532633159,1.1058483492414046,-0.012300743085060031,0.7784090909027607,0.7806267806250508,0.9999999999683236,0.0575032761425634
85.24631157789447,1.1055312758418492,-0.013055338323741087,0.778409090902781,0.7806267806250641,0.9999999999680209,0.05750327614255587
85.27131782945737,1.105195596207261,-0.013788686076646824,0.7784090909027981,0.7806267806250771,0.9999999999676972,0.057503276142549124
85.29632408102026,1.1048418552813328,-0.014499703425872324,0.7784090909028121,0.7806267806250896,0.9999999999673526,0.05750327614254317
85.32133033258314,1.1044706245883893,-0.015187346575534867,0.7784090909028228,0.7806267806251017,0.999999999966987,0.05750327614253804
85.34633658414604,1.104082501269867,-0.015850612362495967,0.7784090909028304,0.7806267806251135,0.9999999999666003,0.05750327614253373
85.37134283570893,1.10367810700668,-0.016488539826993744,0.7784090909028347,0.7806267806251249,0.9999999999661926,0.057503276142530195
85.39634908727182,1.1032580869821784,-0.017100211528035838,0.7784090909028357,0.7806267806251359,0.9999999999657639,0.05750327614252749
85.42135533883472,1.1028231087642295,-0.017684754886828944,0.7784090909028335,0.7806267806251463,0.9999999999653143,0.05750327614252566
85.4463615903976,1.1023738611489484,-0.01824134339440064,0.778409090902828,0.7806267806251563,0.9999999999648437,0.057503276142524685
85.4713678419605,1.1019110530463805,-0.018769197669099628,0.7784090909028191,0.780626780625166,0.9999999999643521,0.05750327614252451
85.49637409352339,1.1014354122103727,-0.01926758655204244,0.7784090909028067,0.7806267806251752,0.9999999999638398,0.05750327614252519
85.52138034508627,1.1009476841197896,-0.01973582790779486,0.7784090909027912,0.7806267806251838,0.9999999999633069,0.05750327614252681
85.54638659664917,1.1004486306301118,-0.020173289561532394,0.7784090909027722,0.780626780625192,0.9999999999627533,0.0575032761425292
85.57139284821206,1.0999390288363624,-0.02057938988102816,0.7784090909027499,0.7806267806251997,0.9999999999621796,0.05750327614253247
85.59639909977494,1.0994196696726202,-0.020953598525480233,0.7784090909027241,0.7806267806252069,0.9999999999615856,0.057503276142536655
85.62140535133784,1.0988913567591514,-0.021295436828162026,0.7784090909026951,0.7806267806252135,0.9999999999609719,0.05750327614254172
85.64641160290073,1.098354904958281,-0.021604478350196136,0.7784090909026625,0.7806267806252196,0.9999999999603388,0.05750327614254764
85.67141785446361,1.0978111392254055,-0.021880349067736397,0.7784090909026267,0.7806267806252253,0.9999999999596865,0.05750327614255443
85.69642410602651,1.0972608931121504,-0.02212272773819159,0.7784090909025874,0.7806267806252303,0.9999999999590155,0.05750327614256212
85.7214303575894,1.0967050076576508,-0.02233134589345691,0.7784090909025446,0.7806267806252348,0.9999999999583262,0.0575032761425707
85.7464366091523,1.0961443298185565,-0.02250598802129704,0.7784090909024987,0.7806267806252387,0.9999999999576193,0.05750327614258015
85.77144286071518,1.0955797114340815,-0.022646491388874528,0.7784090909024491,0.780626780625242,0.9999999999568954,0.057503276142590515
85.79644911227807,1.0950120075878442,-0.022752746007250187,0.7784090909023963,0.7806267806252448,0.999999999956155,0.057503276142601756
85.82145536384097,1.0944420756103344,-0.02282469435759535,0.7784090909023401,0.780626780625247,0.9999999999553988,0.05750327614261386
85.84646161540385,1.0938707735251567,-0.022862331069805543,0.7784090909022806,0.7806267806252487,0.9999999999546278,0.057503276142626854
85.87146786696674,1.0932989587960162,-0.022865702617327285,0.7784090909022179,0.7806267806252498,0.9999999999538428,0.057503276142640676
85.89647411852964,1.0927274873111164,-0.022834906743878856,0.7784090909021518,0.7806267806252503,0.9999999999530447,0.05750327614265541
85.92148037009252,1.0921572115387477,-0.022770091985351473,0.7784090909020827,0.7806267806252501,0.9999999999522344,0.05750327614267096
85.94648662165542,1.0915889798355478,-0.02267145710400436,0.7784090909020103,0.7806267806252494,0.9999999999514132,0.05750327614268738
85.97149287321831,1.09102363509282,-0.022539250278454468,0.7784090909019348,0.780626780625248,0.9999999999505821,0.05750327614270462
85.9964991247812,1.090462012978173,-0.022373768421275874,0.7784090909018562,0.780626780625246,0.9999999999497424,0.057503276142722715
86.0215053763441,1.0899049414196296,-0.022175356453888902,0.7784090909017747,0.7806267806252434,0.9999999999488955,0.057503276142741595
86.04651162790698,1.0893532391408967,-0.021944406265414225,0.7784090909016902,0.7806267806252403,0.9999999999480427,0.05750327614276125
86.07151787946987,1.0888077143110158,-0.021681355864328383,0.778409090901603,0.7806267806252364,0.9999999999471852,0.05750327614278169
86.09652413103277,1.0882691638074604,-0.021386688456767614,0.778409090901513,0.7806267806252319,0.999999999946325,0.0575032761428029
86.12153038259565,1.0877383716683189,-0.021060931233719816,0.7784090909014204,0.780626780625227,0.9999999999454635,0.05750327614282479
86.14653663415854,1.0872161083180905,-0.020704654480444742,0.7784090909013254,0.7806267806252213,0.9999999999446023,0.05750327614284739
86.17154288572144,1.0867031293836038,-0.020318470300400703,0.7784090909012278,0.7806267806252151,0.9999999999437432,0.05750327614287068
86.19654913728432,1.0862001746202574,-0.019903031491205935,0.778409090901128,0.7806267806252082,0.9999999999428879,0.05750327614289463
86.22155538884722,1.0857079670504657,-0.019459030360868455,0.778409090901026,0.7806267806252007,0.9999999999420384,0.057503276142919175
86.2465616404101,1.08522721180646,-0.018987197382402368,0.7784090909009219,0.7806267806251926,0.9999999999411963,0.05750327614294435
86.27156789197299,1.0847585953849619,-0.01848830003130144,0.7784090909008161,0.780626780625184,0.9999999999403637,0.057503276142970045
86.29657414353589,1.0843027845548003,-0.017963141326374842,0.7784090909007085,0.7806267806251748,0.9999999999395427,0.05750327614299624
86.32158039509878,1.0838604256521382,-0.01741255862447129,0.7784090909005994,0.780626780625165,0.999999999938735,0.057503276143022926
86.34658664666166,1.0834321435896075,-0.016837422104380988,0.7784090909004889,0.7806267806251546,0.9999999999379428,0.05750327614305005
86.37159289822456,1.0830185411846456,-0.016238633501799615,0.7784090909003772,0.7806267806251438,0.999999999937168,0.05750327614307753
86.39659914978745,1.0826201982746126,-0.01561712456420155,0.7784090909002646,0.7806267806251324,0.9999999999364126,0.05750327614310539
86.42160540135035,1.0822376710780888,-0.014973855716214032,0.7784090909001511,0.7806267806251204,0.9999999999356787,0.05750327614313353
86.44661165291323,1.081871491424459,-0.01430981451886106,0.7784090909000371,0.7806267806251079,0.9999999999349682,0.0575032761431619
86.47161790447612,1.0815221661405068,-0.013626014243363987,0.7784090908999225,0.7806267806250949,0.999999999934283,0.05750327614319053
86.49662415603902,1.0811901764050436,-0.012923492372814227,0.7784090908998078,0.7806267806250815,0.9999999999336253,0.057503276143219276
86.5216304076019,1.0808759771589265,-0.012203309071049103,0.7784090908996931,0.7806267806250676,0.9999999999329967,0.05750327614324814
86.54663665916479,1.0805799965798268,-0.011466545736028233,0.7784090908995788,0.7806267806250532,0.9999999999323991,0.057503276143277014
86.57164291072769,1.0803026355347116,-0.010714303393332916,0.7784090908994649,0.7806267806250384,0.9999999999318343,0.0575032761433059
86.59664916229057,1.0800442671465993,-0.0099477012574931,0.7784090908993516,0.7806267806250232,0.9999999999313038,0.057503276143334704
86.62165541385346,1.0798052363278274,-0.009167875130769111,0.7784090908992394,0.7806267806250077,0.9999999999308095,0.05750327614336338
86.64666166541636,1.079585859400664,-0.008375975892805115,0.7784090908991282,0.7806267806249918,0.9999999999303526,0.05750327614339188
86.67166791697925,1.0793864237395967,-0.007573167975006821,0.7784090908990186,0.7806267806249756,0.9999999999299347,0.05750327614342013
86.69667416854215,1.0792071874402496,-0.006760627768190678,0.7784090908989106,0.780626780624959,0.9999999999295568,0.057503276143448065
86.72168042010503,1.079048379053839,-0.005939542127672863,0.7784090908988044,0.7806267806249423,0.9999999999292204,0.05750327614347564
86.74668667166792,1.0789101973364008,-0.0051111068037933355,0.7784090908987005,0.7806267806249252,0.9999999999289264,0.057503276143502785
86.77169292323082,1.0787928110454796,-0.004276524881854279,0.7784090908985988,0.7806267806249079,0.9999999999286757,0.0575032761435295
86.7966991747937,1.0786963587810294,-0.0034370052679349146,0.7784090908984997,0.7806267806248904,0.999999999928469,0.05750327614355562
86.82170542635659,1.078620948855242,-0.0025937611300256604,0.7784090908984034,0.7806267806248728,0.999999999928307,0.05750327614358121
86.84671167791949,1.078566659205683,-0.0017480083516242596,0.7784090908983101,0.780626780624855,0.9999999999281901,0.05750327614360611
86.87171792948237,1.078533537347799,-0.0009009640073942718,0.7784090908982201,0.7806267806248373,0.9999999999281188,0.057503276143630294
86.89672418104527,1.0785216003637281,-5.384482902178779e-05,0.7784090908981334,0.7806267806248194,0.9999999999280931,0.057503276143653755
86.92173043260816,1.0785308349296954,0.0007921343258871496,0.7784090908980504,0.7806267806248014,0.999999999928113,0.05750327614367641
86.94673668417104,1.0785611973822757,0.0016357619954271417,0.7784090908979712,0.7806267806247835,0.9999999999281783,0.0575032761436982
86.97174293573394,1.0786126138221304,0.002475831625463885,0.7784090908978961,0.7806267806247656,0.9999999999282891,0.05750327614371903
86.99674918729683,1.078684980255595,0.0033111430816379606,0.7784090908978251,0.7806267806247478,0.9999999999284446,0.05750327614373897
87.02175543885971,1.0787781627743012,0.004140504152328779,0.7784090908977583,0.78062678062473,0.9999999999286444,0.05750327614375792
87.04676169042261,1.0788919977716611,0.00496273203815868,0.778409090897696,0.7806267806247125,0.9999999999288876,0.05750327614377585
87.0717679419855,1.079026292196449,0.0057766548358691395,0.7784090908976384,0.780626780624695,0.9999999999291735,0.05750327614379265
87.09677419354838,1.079180823844126,0.006581113018496593,0.7784090908975855,0.7806267806246778,0.9999999999295011,0.05750327614380841
87.12178044511128,1.0793553416864203,0.007374960905686837,0.7784090908975374,0.780626780624661,0.9999999999298692,0.05750327614382296
87.14678669667417,1.0795495662322,0.008157068099519094,0.7784090908974942,0.7806267806246442,0.9999999999302767,0.05750327614383642
87.17179294823707,1.0797631899284856,0.008926320937582773,0.778409090897456,0.7806267806246278,0.9999999999307221,0.05750327614384866
87.19679919979995,1.079995877602823,0.009681623939426962,0.7784090908974229,0.7806267806246118,0.999999999931204,0.05750327614385968
87.22180545136284,1.0802472669256273,0.010421901185361387,0.778409090897395,0.7806267806245961,0.999999999931721,0.057503276143869464
87.24681170292574,1.08051696892237,0.011146097744089431,0.7784090908973721,0.7806267806245808,0.9999999999322711,0.05750327614387802
87.27181795448863,1.0808045685221201,0.011853181067529974,0.7784090908973543,0.7806267806245658,0.999999999932853,0.057503276143885354
87.29682420605151,1.0811096251160377,0.012542142312699464,0.7784090908973419,0.7806267806245515,0.9999999999334648,0.05750327614389135
87.32183045761441,1.0814316731908866,0.01321199775545258,0.7784090908973345,0.7806267806245375,0.9999999999341045,0.05750327614389615
87.3468367091773,1.0817702229551645,0.013861790068534071,0.7784090908973322,0.7806267806245241,0.9999999999347703,0.05750327614389965
87.3718429607402,1.0821247610179834,0.014490589647762226,0.7784090908973352,0.7806267806245112,0.9999999999354604,0.057503276143901876
87.39684921230308,1.0824947511185647,0.015097495930431274,0.7784090908973432,0.7806267806244989,0.9999999999361728,0.05750327614390281
87.42185546386597,1.0828796348271281,0.01568163858613848,0.7784090908973563,0.7806267806244871,0.9999999999369056,0.05750327614390254
87.44686171542887,1.0832788323729705,0.016242178854524465,0.7784090908973743,0.7806267806244759,0.9999999999376568,0.05750327614390101
87.47186796699175,1.0836917433844235,0.016778310644618193,0.7784090908973973,0.7806267806244653,0.9999999999384241,0.05750327614389822
87.49687421855464,1.0841177477858812,0.01728926182490139,0.778409090897425,0.7806267806244555,0.9999999999392062,0.05750327614389419
87.52188047011754,1.0845562066023264,0.017774295279044543,0.7784090908974575,0.7806267806244461,0.9999999999400006,0.057503276143889004
87.54688672168042,1.0850064628964065,0.018232710098408638,0.7784090908974944,0.7806267806244375,0.9999999999408056,0.05750327614388265
87.57189297324331,1.0854678426549655,0.018663842612970886,0.7784090908975358,0.7806267806244295,0.9999999999416193,0.05750327614387514
87.59689922480621,1.0859396557512273,0.019067067469230776,0.7784090908975816,0.7806267806244221,0.9999999999424398,0.0575032761438665
87.6219054763691,1.0864211969094526,0.01944179862002438,0.7784090908976314,0.7806267806244156,0.9999999999432654,0.05750327614385678
87.646911727932,1.0869117466998266,0.01978749029992232,0.7784090908976854,0.7806267806244097,0.9999999999440942,0.057503276143846004
87.67191797949488,1.0874105725559715,0.020103637936922464,0.7784090908977432,0.7806267806244046,0.9999999999449245,0.05750327614383415
87.69692423105776,1.0879169298303304,0.020389779050313903,0.7784090908978047,0.7806267806244002,0.9999999999457548,0.05750327614382133
87.72193048262066,1.0884300628149486,0.020645494036587348,0.7784090908978698,0.7806267806243965,0.9999999999465835,0.05750327614380757
87.74693673418355,1.0889492059133021,0.020870407022685656,0.7784090908979383,0.7806267806243935,0.999999999947409,0.05750327614379285
87.77194298574643,1.089473584586266,0.021064186476120926,0.77840909089801,0.7806267806243912,0.9999999999482299,0.05750327614377728
87.79694923730933,1.090002416704795,0.021226546031768365,0.7784090908980847,0.7806267806243896,0.9999999999490448,0.05750327614376086
87.82195548887222,1.0905349133733955,0.02135724491779233,0.7784090908981623,0.7806267806243887,0.9999999999498522,0.05750327614374365
87.84696174043512,1.091070280441992,0.02145608870419259,0.7784090908982427,0.7806267806243886,0.9999999999506513,0.057503276143725614
87.871967991998,1.0916077193368552,0.021522929636172913,0.7784090908983256,0.7806267806243892,0.9999999999514405,0.0575032761437069
87.89697424356089,1.092146428394139,0.02155766712751718,0.7784090908984106,0.7806267806243905,0.999999999952219,0.05750327614368752
87.92198049512379,1.0926856042463693,0.02156024819558511,0.7784090908984979,0.7806267806243925,0.9999999999529856,0.05750327614366747
87.94698674668668,1.0932244423693456,0.021530667557777737,0.7784090908985871,0.7806267806243951,0.9999999999537394,0.057503276143646885
87.97199299824956,1.0937621389902084,0.02146896803219279,0.7784090908986782,0.7806267806243984,0.9999999999544797,0.057503276143625694
87.99699924981246,1.0942978921646282,0.02137524069767248,0.7784090908987708,0.7806267806244024,0.9999999999552056,0.05750327614360404
88.02200550137535,1.0948309024827092,0.021249624817373493,0.7784090908988648,0.780626780624407,0.9999999999559162,0.057503276143581875
88.04701175293823,1.09536037480674,0.021092307946653104,0.77840909089896,0.7806267806244123,0.9999999999566108,0.05750327614355932
88.07201800450113,1.0958855193261419,0.020903525841354176,0.7784090908990564,0.7806267806244181,0.999999999957289,0.05750327614353639
88.09702425606402,1.0964055525360692,0.020683562308224338,0.7784090908991537,0.7806267806244246,0.9999999999579502,0.0575032761435131
88.12203050762692,1.0969196988715966,0.020432748927280815,0.7784090908992517,0.7806267806244317,0.9999999999585938,0.05750327614348954
88.1470367591898,1.097427191462245,0.020151464804100433,0.7784090908993503,0.7806267806244394,0.9999999999592195,0.05750327614346568
88.17204301075269,1.0979272736080057,0.019840136100049307,0.7784090908994493,0.7806267806244475,0.9999999999598267,0.05750327614344165
88.19704926231559,1.0984191998258193,0.019499235598701488,0.7784090908995486,0.7806267806244562,0.9999999999604152,0.057503276143417395
88.22205551387847,1.0989022370035115,0.01912928213090526,0.7784090908996479,0.7806267806244654,0.9999999999609847,0.05750327614339305
88.24706176544136,1.0993756656284692,0.018730839898941115,0.7784090908997473,0.7806267806244751,0.9999999999615349,0.057503276143368566
88.27206801700426,1.0998387807888657,0.018304517800547634,0.7784090908998464,0.7806267806244854,0.9999999999620657,0.057503276143344
88.29707426856714,1.1002908934181745,0.017850968538378472,0.7784090908999454,0.780626780624496,0.9999999999625766,0.05750327614331946
88.32208052013003,1.1007313312462044,0.017370887804867327,0.7784090909000437,0.7806267806245071,0.9999999999630679,0.057503276143294896
88.34708677169293,1.1011594399823854,0.016865013215752418,0.7784090909001415,0.7806267806245186,0.9999999999635392,0.05750327614327035
88.37209302325581,1.1015745842492024,0.016334123325090547,0.7784090909002387,0.7806267806245305,0.9999999999639905,0.05750327614324589
88.39709927481871,1.1019761486707302,0.015779036416839157,0.778409090900335,0.7806267806245427,0.9999999999644217,0.057503276143221524
88.4221055263816,1.1023635387980426,0.01520060932400093,0.7784090909004304,0.7806267806245553,0.9999999999648328,0.05750327614319732
88.44711177794449,1.1027361820820893,0.014599736113695283,0.7784090909005248,0.7806267806245683,0.9999999999652237,0.05750327614317324
88.47211802950739,1.1030935287904662,0.013977346690364465,0.778409090900618,0.7806267806245815,0.9999999999655945,0.05750327614314933
88.49712428107027,1.10343505285829,0.013334405398119994,0.7784090909007101,0.7806267806245949,0.9999999999659452,0.057503276143125684
88.52213053263316,1.103760252775918,0.012671909417605345,0.7784090909008008,0.7806267806246087,0.9999999999662759,0.057503276143102244
88.54713678419606,1.1040686523362675,0.011990887270194808,0.77840909090089,0.7806267806246228,0.9999999999665865,0.057503276143079034
88.57214303575894,1.1043598014495373,0.011292397068617956,0.7784090909009778,0.780626780624637,0.9999999999668769,0.05750327614305618
88.59714928732184,1.1046332768233267,0.010577524864530221,0.7784090909010639,0.7806267806246514,0.9999999999671476,0.057503276143033605
88.62215553888473,1.1048886826563817,0.00984738284495236,0.7784090909011484,0.780626780624666,0.9999999999673984,0.057503276143011386
88.64716179044761,1.1051256512744563,0.0091031074697851,0.7784090909012311,0.7806267806246807,0.9999999999676293,0.05750327614298953
88.67216804201051,1.1053438436945002,0.008345857640552002,0.778409090901312,0.7806267806246956,0.9999999999678406,0.05750327614296802
88.6971742935734,1.1055429501820306,0.007576812707899161,0.778409090901391,0.7806267806247106,0.999999999968032,0.05750327614294695
88.72218054513628,1.1057226907268087,0.006797170513835471,0.778409090901468,0.7806267806247256,0.999999999968204,0.05750327614292632
88.74718679669918,1.1058828154789486,0.006008145384512367,0.778409090901543,0.7806267806247407,0.9999999999683564,0.057503276142906096
88.77219304826207,1.106023105143369,0.005210966037353329,0.7784090909016159,0.7806267806247559,0.9999999999684892,0.057503276142886334
88.79719929982495,1.1061433713071869,0.0044068735143083905,0.7784090909016868,0.780626780624771,0.9999999999686027,0.05750327614286705
88.82220555138785,1.1062434567221917,0.0035971190703658618,0.7784090909017554,0.7806267806247862,0.9999999999686968,0.05750327614284826
88.84721180295074,1.1063232355362236,0.0027829620196299387,0.7784090909018218,0.7806267806248014,0.9999999999687716,0.05750327614282995
88.87221805451364,1.1063826134661499,0.0019656675829143994,0.7784090909018858,0.7806267806248165,0.9999999999688273,0.057503276142812206
88.89722430607652,1.1064215279179297,0.0011465047314660715,0.7784090909019477,0.7806267806248316,0.9999999999688637,0.057503276142794935
88.92223055763941,1.1064399480541793,0.0003267440045008871,0.778409090902007,0.7806267806248467,0.9999999999688809,0.05750327614277821
88.94723680920231,1.1064378748059964,-0.0004923446681945513,0.778409090902064,0.7806267806248616,0.9999999999688789,0.05750327614276213
88.9722430607652,1.1064153408302868,-0.0013094941395239649,0.7784090909021185,0.7806267806248763,0.9999999999688579,0.05750327614274657
88.99724931232808,1.106372410413208,-0.0021234422087877446,0.7784090909021705,0.7806267806248911,0.9999999999688178,0.05750327614273161
89.02225556389098,1.1063091793195508,-0.0029329337772577113,0.77840909090222,0.7806267806249056,0.9999999999687585,0.05750327614271723
89.04726181545387,1.106225774588203,-0.003736722985302927,0.778409090902267,0.7806267806249201,0.9999999999686803,0.057503276142703466
89.07226806701676,1.1061223542748089,-0.004533575323062723,0.7784090909023113,0.7806267806249343,0.9999999999685829,0.057503276142690345
89.09727431857965,1.105999107141925,-0.0053222697156949115,0.7784090909023529,0.7806267806249483,0.9999999999684666,0.057503276142677855
89.12228057014254,1.1058562522978386,-0.006101600577274184,0.7784090909023919,0.7806267806249622,0.9999999999683311,0.05750327614266603
89.14728682170544,1.1056940387816772,-0.006870379838439994,0.7784090909024282,0.7806267806249758,0.9999999999681767,0.057503276142654824
89.17229307326832,1.1055127451026139,-0.007627438909712873,0.7784090909024618,0.7806267806249892,0.9999999999680032,0.05750327614264425
89.1972993248312,1.105312678730172,-0.00837163060936371,0.7784090909024926,0.7806267806250025,0.9999999999678104,0.05750327614263439
89.2223055763941,1.105094175531045,-0.00910183106428062,0.7784090909025206,0.7806267806250153,0.9999999999675988,0.05750327614262522
89.24731182795699,1.1048575991636707,-0.009816941529346129,0.778409090902546,0.780626780625028,0.999999999967368,0.057503276142616695
89.27231807951988,1.1046033404351494,-0.01051589013909219,0.7784090909025684,0.7806267806250403,0.9999999999671181,0.0575032761426089
89.29732433108278,1.1043318165961342,-0.011197633656535732,0.778409090902588,0.7806267806250523,0.9999999999668492,0.057503276142601804
89.32233058264566,1.104043470609332,-0.011861159095380488,0.7784090909026048,0.7806267806250641,0.9999999999665612,0.05750327614259542
89.34733683420856,1.1037387703829888,-0.012505485286499878,0.7784090909026187,0.7806267806250754,0.9999999999662541,0.05750327614258977
89.37234308577145,1.103418207931461,-0.013129664441060661,0.7784090909026296,0.7806267806250865,0.999999999965928,0.05750327614258485
89.39734933733433,1.103082298551316,-0.013732783520207858,0.7784090909026375,0.7806267806250972,0.9999999999655829,0.05750327614258066
89.42235558889723,1.1027315799178852,-0.014313965647356264,0.7784090909026425,0.7806267806251075,0.9999999999652189,0.05750327614257722
89.44736184046012,1.1023666111589598,-0.01487237138625069,0.7784090909026447,0.7806267806251175,0.999999999964836,0.057503276142574535
89.472368092023,1.1019879719347507,-0.015407199910142217,0.7784090909026438,0.7806267806251271,0.9999999999644342,0.057503276142572564
89.4973743435859,1.1015962614054446,-0.015917690203059814,0.7784090909026399,0.7806267806251364,0.9999999999640139,0.05750327614257136
89.52238059514879,1.1011920972876934,-0.016403122008268954,0.778409090902633,0.780626780625145,0.9999999999635749,0.05750327614257098
89.54738684671169,1.1007761147548953,-0.01686281689204411,0.7784090909026231,0.7806267806251534,0.9999999999631175,0.05750327614257129
89.57239309827457,1.1003489654428469,-0.017296139026585555,0.7784090909026101,0.7806267806251613,0.9999999999626419,0.05750327614257244
89.59739934983746,1.0999113163257266,-0.01770249606252694,0.7784090909025941,0.7806267806251689,0.9999999999621481,0.057503276142574354
89.62240560140036,1.0994638486482426,-0.018081339779214556,0.778409090902575,0.780626780625176,0.9999999999616365,0.05750327614257703
89.64741185296324,1.0990072568072304,-0.01843216674757428,0.7784090909025528,0.7806267806251825,0.9999999999611073,0.05750327614258056
89.67241810452613,1.0985422472119724,-0.0187545188449591,0.7784090909025277,0.7806267806251888,0.9999999999605611,0.0575032761425848
89.69742435608903,1.0980695371736167,-0.019047983724904925,0.7784090909024995,0.7806267806251944,0.9999999999599978,0.057503276142589856
89.72243060765192,1.0975898537181374,-0.019312195174372992,0.7784090909024682,0.7806267806251996,0.999999999959418,0.057503276142595726
89.7474368592148,1.0971039324671537,-0.019546833419755234,0.7784090909024339,0.7806267806252044,0.999999999958822,0.057503276142602366
89.7724431107777,1.0966125164473046,-0.019751625300610132,0.7784090909023966,0.7806267806252086,0.9999999999582105,0.05750327614260978
89.79744936234059,1.0961163549205502,-0.01992634444458886,0.7784090909023562,0.7806267806252123,0.9999999999575837,0.05750327614261804
89.82245561390349,1.0956162022671574,-0.02007081123655208,0.7784090909023129,0.7806267806252156,0.9999999999569426,0.05750327614262701
89.84746186546637,1.0951128166856796,-0.020184892883870858,0.7784090909022665,0.7806267806252183,0.9999999999562874,0.05750327614263682
89.87246811702926,1.0946069592522116,-0.020268503190513022,0.7784090909022171,0.7806267806252205,0.999999999955619,0.057503276142647414
89.89747436859216,1.0940993924331281,-0.020321602482481823,0.7784090909021648,0.7806267806252221,0.999999999954938,0.0575032761426588
89.92248062015504,1.0935908793074303,-0.020344197275065486,0.7784090909021096,0.7806267806252232,0.9999999999542453,0.05750327614267094
89.94748687171793,1.0930821820734757,-0.020336339946302073,0.7784090909020516,0.7806267806252238,0.9999999999535416,0.05750327614268383
89.97249312328083,1.0925740610039623,-0.020298128409467556,0.7784090909019906,0.7806267806252238,0.999999999952828,0.057503276142697485
89.99749937484371,1.0920672736743318,-0.020229705566006003,0.7784090909019269,0.7806267806252234,0.9999999999521054,0.05750327614271192
90.02250562640661,1.0915625731458956,-0.020131258771307437,0.7784090909018606,0.7806267806252223,0.9999999999513747,0.05750327614272704
90.0475118779695,1.0910607073595175,-0.020003019364644128,0.7784090909017914,0.7806267806252207,0.999999999950637,0.05750327614274292
90.07251812953238,1.0905624181301952,-0.01984526189083016,0.7784090909017197,0.7806267806252186,0.9999999999498936,0.05750327614275947
90.09752438109528,1.0900684395869598,-0.019658303396417016,0.7784090909016455,0.780626780625216,0.9999999999491456,0.057503276142776755
90.12253063265817,1.0895794975856612,-0.019442502781901072,0.7784090909015687,0.7806267806252127,0.9999999999483941,0.057503276142794685
90.14753688422105,1.08909630845835,-0.01919825985573318,0.7784090909014897,0.7806267806252091,0.9999999999476405,0.057503276142813246
90.17254313578395,1.0886195779706458,-0.018926014539688524,0.7784090909014083,0.7806267806252047,0.9999999999468863,0.05750327614283248
90.19754938734684,1.088150000525977,-0.018626245981348308,0.7784090909013248,0.7806267806252,0.9999999999461329,0.0575032761428523
90.22255563890972,1.087688257908513,-0.01829947149380063,0.7784090909012392,0.7806267806251945,0.9999999999453815,0.0575032761428727
90.24756189047262,1.0872350186412458,-0.017946245710564582,0.7784090909011515,0.7806267806251886,0.9999999999446337,0.05750327614289372
90.27256814203551,1.0867909368133346,-0.01756715938228879,0.778409090901062,0.7806267806251822,0.9999999999438911,0.05750327614291524
90.29757439359841,1.0863566513774017,-0.017162838460870727,0.7784090909009708,0.7806267806251753,0.9999999999431554,0.05750327614293728
90.3225806451613,1.0859327851539777,-0.016733942853725498,0.778409090900878,0.7806267806251678,0.9999999999424278,0.057503276142959775
90.34758689672418,1.085519944082732,-0.0162811653956481,0.7784090909007836,0.7806267806251598,0.9999999999417104,0.05750327614298276
90.37259314828708,1.0851187163549165,-0.015805230583805417,0.7784090909006879,0.7806267806251513,0.9999999999410045,0.05750327614300613
90.39759939984997,1.0847296716807184,-0.015306893459744089,0.7784090909005911,0.7806267806251423,0.999999999940312,0.05750327614302987
90.42260565141285,1.0843533605015638,-0.014786938307617799,0.7784090909004933,0.7806267806251328,0.9999999999396343,0.05750327614305395
90.44761190297575,1.0839903133150959,-0.014246177483785242,0.7784090909003945,0.7806267806251229,0.9999999999389733,0.05750327614307834
90.47261815453864,1.0836410399430778,-0.013685450061092409,0.778409090900295,0.7806267806251125,0.9999999999383304,0.05750327614310299
90.49762440610154,1.0833060289320513,-0.013105620632407536,0.778409090900195,0.7806267806251016,0.9999999999377076,0.057503276143127884
90.52263065766442,1.0829857468729953,-0.012507577899973903,0.7784090909000947,0.7806267806250903,0.9999999999371061,0.05750327614315293
90.54763690922731,1.0826806378765268,-0.011892233457546381,0.7784090908999941,0.7806267806250785,0.9999999999365278,0.057503276143178135
90.57264316079021,1.082391122956943,-0.011260520346336407,0.7784090908998936,0.7806267806250664,0.9999999999359741,0.0575032761432034
90.59764941235309,1.082117599565877,-0.010613391795769948,0.7784090908997934,0.780626780625054,0.9999999999354465,0.05750327614322868
90.62265566391598,1.081860441065395,-0.009951819794126576,0.7784090908996935,0.780626780625041,0.9999999999349467,0.05750327614325401
90.64766191547888,1.0816199962962127,-0.009276793742228912,0.7784090908995941,0.7806267806250278,0.9999999999344757,0.05750327614327926
90.67266816704176,1.0813965891586708,-0.008589319086830575,0.7784090908994955,0.7806267806250142,0.999999999934035,0.057503276143304444
90.69767441860465,1.0811905182147212,-0.007890415882655473,0.7784090908993979,0.7806267806250003,0.999999999933626,0.05750327614332942
90.72268067016755,1.0810020563608829,-0.007181117459254464,0.7784090908993015,0.7806267806249861,0.9999999999332496,0.057503276143354265
90.74768692173043,1.0808314504961036,-0.006462468973887819,0.7784090908992065,0.7806267806249717,0.9999999999329071,0.05750327614337881
90.77269317329333,1.0806789212514119,-0.005735526022004267,0.7784090908991131,0.7806267806249569,0.9999999999325995,0.057503276143403066
90.79769942485622,1.080544662748676,-0.0050013532506352565,0.7784090908990215,0.7806267806249421,0.9999999999323275,0.05750327614342694
90.8227056764191,1.0804288423847133,-0.004261022917694021,0.7784090908989318,0.780626780624927,0.9999999999320919,0.05750327614345046
90.847711927982,1.080331600664219,-0.0035156135046773545,0.7784090908988442,0.7806267806249116,0.9999999999318935,0.05750327614347355
90.87271817954489,1.0802530510607458,-0.00276620831187073,0.7784090908987591,0.7806267806248962,0.9999999999317328,0.057503276143496124
90.89772443110778,1.080193279911766,-0.0020138940366494227,0.7784090908986765,0.7806267806248806,0.9999999999316103,0.057503276143518155
90.92273068267068,1.0801523463529523,-0.0012597593746313351,0.7784090908985964,0.780626780624865,0.9999999999315262,0.05750327614353962
90.94773693423356,1.0801302822857994,-0.0005048936244985755,0.7784090908985194,0.7806267806248492,0.9999999999314808,0.05750327614356045
90.97274318579645,1.080127092379305,0.00024961471712491517,0.7784090908984453,0.7806267806248335,0.9999999999314744,0.0575032761435806
90.99774943735935,1.0801427541077884,0.0010026793498233003,0.7784090908983746,0.7806267806248177,0.9999999999315066,0.057503276143599985
91.02275568892223,1.080177217823263,0.0017532175559926491,0.7784090908983071,0.780626780624802,0.9999999999315773,0.05750327614361868
91.04776194048513,1.0802304068621906,0.002500151583670333,0.7784090908982433,0.7806267806247862,0.9999999999316864,0.0575032761436365
91.07276819204802,1.0803022176870734,0.0032424100252615535,0.778409090898183,0.7806267806247706,0.9999999999318334,0.05750327614365353
91.0977744436109,1.080392520062082,0.003978929183333545,0.7784090908981265,0.7806267806247551,0.9999999999320178,0.05750327614366969
91.1227806951738,1.0805011572626488,0.00470865443016474,0.7784090908980739,0.7806267806247398,0.9999999999322391,0.05750327614368494
91.14778694673669,1.0806279463191215,0.005430541561408155,0.7784090908980252,0.7806267806247246,0.9999999999324962,0.05750327614369926
91.17279319829957,1.0807726782960385,0.0061435581448487635,0.7784090908979807,0.7806267806247096,0.9999999999327887,0.05750327614371259
91.19779944986247,1.080935118600461,0.006846684835544124,0.7784090908979403,0.7806267806246949,0.9999999999331155,0.057503276143724955
91.22280570142536,1.0811150073254134,0.007538916699539656,0.7784090908979042,0.7806267806246804,0.9999999999334754,0.05750327614373629
91.24781195298826,1.0813120596321553,0.00821926453972898,0.7784090908978725,0.7806267806246662,0.9999999999338676,0.057503276143746604
91.27281820455114,1.0815259661531562,0.008886756160230496,0.778409090897845,0.7806267806246522,0.9999999999342906,0.05750327614375588
91.29782445611403,1.0817563934334873,0.009540437653685016,0.7784090908978221,0.7806267806246385,0.9999999999347433,0.057503276143764104
91.32283070767693,1.082002984414177,0.01017937469033984,0.7784090908978035,0.7806267806246253,0.9999999999352243,0.05750327614377123
91.34783695923981,1.0822653589211741,0.010802653716139516,0.7784090908977894,0.7806267806246125,0.9999999999357321,0.05750327614377723
91.3728432108027,1.0825431142125568,0.011409383221710511,0.7784090908977798,0.7806267806246,0.9999999999362654,0.057503276143782214
91.3978494623656,1.0828358255454762,0.011998694942635163,0.7784090908977745,0.7806267806245879,0.9999999999368225,0.05750327614378609
91.42285571392848,1.0831430467550585,0.012569745016942078,0.7784090908977739,0.7806267806245764,0.9999999999374022,0.05750327614378885
91.44786196549137,1.0834643109115167,0.013121715217371143,0.7784090908977774,0.7806267806245653,0.9999999999380027,0.05750327614379053
91.47286821705427,1.0837991309352215,0.013653814013247218,0.7784090908977855,0.7806267806245546,0.9999999999386222,0.057503276143791096
91.49787446861716,1.0841470003172822,0.014165277768829547,0.778409090897798,0.7806267806245444,0.9999999999392595,0.05750327614379059
91.52288072018005,1.084507393802133,0.014655371777463152,0.7784090908978146,0.7806267806245348,0.9999999999399126,0.05750327614378897
91.54788697174294,1.0848797681352844,0.015123391356069141,0.7784090908978355,0.7806267806245257,0.9999999999405802,0.05750327614378634
91.57289322330583,1.0852635628384661,0.015568662887651867,0.7784090908978605,0.7806267806245172,0.9999999999412603,0.057503276143782645
91.59789947486873,1.0856582009647462,0.01599054478841287,0.7784090908978895,0.7806267806245092,0.9999999999419518,0.05750327614377791
91.62290572643161,1.086063089967724,0.016388428546092272,0.7784090908979224,0.7806267806245017,0.9999999999426525,0.057503276143772195
91.6479119779945,1.0864776224649275,0.016761739572272952,0.7784090908979592,0.780626780624495,0.9999999999433613,0.05750327614376546
91.6729182295574,1.0869011771902952,0.017109938206340502,0.7784090908979998,0.7806267806244888,0.9999999999440764,0.05750327614375775
91.69792448112028,1.0873331197699954,0.017432520467677706,0.7784090908980439,0.7806267806244831,0.9999999999447964,0.057503276143749116
91.72293073268318,1.0877728037475338,0.017729018998705444,0.7784090908980915,0.7806267806244781,0.9999999999455198,0.05750327614373954
91.74793698424607,1.0882195713751472,0.017999003726883338,0.7784090908981426,0.7806267806244738,0.9999999999462451,0.057503276143729035
91.77294323580895,1.0886727546974484,0.01824208272121862,0.7784090908981968,0.78062678062447,0.9999999999469711,0.05750327614371773
91.79794948737185,1.0891316763724075,0.018457902778890662,0.7784090908982542,0.7806267806244669,0.9999999999476961,0.057503276143705546
91.82295573893474,1.0895956507740312,0.01864615015648118,0.7784090908983143,0.7806267806244644,0.999999999948419,0.05750327614369258
91.84796199049762,1.090063984901977,0.018806551117226927,0.7784090908983775,0.7806267806244626,0.9999999999491387,0.05750327614367881
91.87296824206052,1.0905359793957146,0.01893887247293801,0.7784090908984433,0.7806267806244613,0.9999999999498539,0.05750327614366433
91.89797449362341,1.091010929669402,0.019042922144822165,0.7784090908985116,0.7806267806244607,0.9999999999505633,0.05750327614364913
91.9229807451863,1.091488126679286,0.019118549465481374,0.7784090908985822,0.7806267806244607,0.999999999951266,0.05750327614363328
91.9479869967492,1.0919668583563868,0.019165645732793238,0.7784090908986551,0.7806267806244613,0.9999999999519609,0.05750327614361681
91.97299324831208,1.0924464102577234,0.019184144377275107,0.7784090908987299,0.7806267806244626,0.999999999952647,0.05750327614359975
91.99799949987498,1.0929260668198373,0.019174021282204776,0.7784090908988067,0.7806267806244644,0.9999999999533236,0.05750327614358208
92.02300575143786,1.0934051126277975,0.019135295056187305,0.7784090908988852,0.7806267806244669,0.9999999999539896,0.057503276143563896
92.04801200300075,1.0938828329552177,0.019068027028296703,0.7784090908989654,0.7806267806244699,0.9999999999546443,0.05750327614354522
92.07301825456365,1.0943585152868027,0.01897232140361486,0.778409090899047,0.7806267806244735,0.9999999999552869,0.0575032761435261
92.09802450612654,1.0948314503853145,0.018848325289078594,0.7784090908991299,0.7806267806244778,0.9999999999559168,0.05750327614350654
92.12303075768942,1.0953009329793437,0.01869622856670636,0.7784090908992138,0.7806267806244824,0.9999999999565334,0.05750327614348667
92.14803700925232,1.0957662632563907,0.018516263786564544,0.7784090908992988,0.7806267806244878,0.999999999957136,0.057503276143466425
92.1730432608152,1.0962267476803114,0.01830870598447408,0.7784090908993846,0.7806267806244935,0.999999999957724,0.05750327614344584
92.1980495123781,1.0966817000940299,0.018073872394012383,0.7784090908994711,0.7806267806244999,0.9999999999582971,0.05750327614342503
92.22305576394099,1.0971304429035234,0.017812122085373586,0.7784090908995581,0.7806267806245067,0.9999999999588547,0.05750327614340396
92.24806201550388,1.0975723078714843,0.017523855609679118,0.7784090908996456,0.780626780624514,0.9999999999593966,0.057503276143382714
92.27306826706678,1.0980066374268285,0.01720951442188648,0.7784090908997333,0.7806267806245218,0.9999999999599223,0.05750327614336124
92.29807451862966,1.0984327854281781,0.016869580426873483,0.7784090908998212,0.78062678062453,0.9999999999604313,0.05750327614333971
92.32308077019255,1.098850118377294,0.016504575240207122,0.7784090908999092,0.7806267806245386,0.9999999999609237,0.05750327614331803
92.34808702175545,1.0992580162331824,0.016115059589342492,0.7784090908999969,0.7806267806245477,0.9999999999613989,0.057503276143296325
92.37309327331833,1.0996558735205806,0.01570163243732703,0.7784090909000845,0.7806267806245573,0.999999999961857,0.057503276143274495
92.39809952488122,1.1000431001563837,0.015264930233909077,0.7784090909001716,0.780626780624567,0.9999999999622975,0.05750327614325276
92.42310577644412,1.1004191224822908,0.014805625900293162,0.7784090909002583,0.7806267806245772,0.9999999999627204,0.05750327614323103
92.448112028007,1.1007833840651549,0.01432442794212787,0.7784090909003445,0.7806267806245878,0.9999999999631255,0.05750327614320932
92.4731182795699,1.1011353466690947,0.013822079290300696,0.77840909090043,0.7806267806245987,0.9999999999635127,0.05750327614318769
92.49812453113279,1.1014744910107976,0.01329935628467358,0.7784090909005146,0.7806267806246099,0.9999999999638822,0.057503276143166186
92.52313078269567,1.1018003176664706,0.012757067379400501,0.7784090909005984,0.7806267806246214,0.9999999999642335,0.05750327614314479
92.54813703425857,1.1021123477824133,0.012196051990578351,0.7784090909006812,0.7806267806246332,0.9999999999645668,0.057503276143123595
92.57314328582146,1.1024101238949704,0.011617179098995244,0.7784090909007629,0.7806267806246451,0.9999999999648819,0.05750327614310258
92.59814953738434,1.1026932106113694,0.011021345931175812,0.7784090909008435,0.7806267806246573,0.9999999999651789,0.05750327614308174
92.62315578894724,1.102961195315315,0.010409476512582611,0.7784090909009229,0.7806267806246697,0.9999999999654576,0.05750327614306115
92.64816204051013,1.1032136888253146,0.009782520155296678,0.778409090901001,0.7806267806246824,0.9999999999657183,0.05750327614304081
92.67316829207303,1.103450325984258,0.009141449978384907,0.7784090909010776,0.7806267806246951,0.9999999999659608,0.057503276143020754
92.69817454363591,1.1036707662650327,0.00848726125027161,0.7784090909011527,0.7806267806247081,0.9999999999661853,0.05750327614300097
92.7231807951988,1.1038746942787367,0.007820969812907778,0.7784090909012262,0.7806267806247211,0.9999999999663914,0.057503276142981584
92.7481870467617,1.1040618202801722,0.00714361038483719,0.7784090909012982,0.7806267806247343,0.9999999999665796,0.05750327614296248
92.77319329832459,1.1042318806218476,0.0064562348239202445,0.7784090909013686,0.7806267806247477,0.9999999999667497,0.05750327614294369
92.79819954988747,1.104384638148933,0.005759910418910075,0.7784090909014371,0.780626780624761,0.9999999999669017,0.05750327614292536
92.82320580145037,1.1045198825729796,0.0050557180750460205,0.7784090909015038,0.7806267806247744,0.9999999999670357,0.05750327614290735
92.84821205301326,1.1046374307874398,0.00434475050040866,0.7784090909015687,0.780626780624788,0.9999999999671518,0.057503276142889734
92.87321830457614,1.1047371271360824,0.0036281103923263957,0.7784090909016317,0.7806267806248014,0.9999999999672499,0.057503276142872595
92.89822455613904,1.1048188436437985,0.0029069085628403955,0.7784090909016926,0.7806267806248149,0.99999999996733,0.05750327614285589
92.92323080770193,1.1048824801952686,0.0021822620595673544,0.7784090909017516,0.7806267806248284,0.9999999999673923,0.05750327614283965
92.94823705926483,1.1049279646658514,0.0014552922943956142,0.7784090909018085,0.7806267806248418,0.9999999999674368,0.05750327614282387
92.97324331082771,1.1049552530081108,0.0007271231419643194,0.7784090909018634,0.7806267806248552,0.9999999999674635,0.05750327614280855
92.9982495623906,1.1049643292897602,-1.120961654877626e-06,0.778409090901916,0.7806267806248686,0.9999999999674722,0.05750327614279376
93.0232558139535,1.1049552056835907,-0.000728316917044153,0.7784090909019664,0.7806267806248819,0.9999999999674634,0.05750327614277946
93.04826206551638,1.1049279224104014,-0.00145334485415928,0.7784090909020146,0.780626780624895,0.9999999999674367,0.05750327614276572
93.07326831707927,1.1048825476347282,-0.002175090018930922,0.7784090909020606,0.7806267806249081,0.9999999999673924,0.05750327614275247
93.09827456864217,1.1048191773133962,-0.0028924446481290054,0.7784090909021042,0.780626780624921,0.9999999999673304,0.05750327614273978
93.12328082020505,1.1047379349973976,-0.0036043098249828502,0.7784090909021455,0.7806267806249337,0.9999999999672506,0.05750327614272767
93.14828707176795,1.1046389715879317,-0.004309597313534999,0.7784090909021845,0.7806267806249464,0.9999999999671533,0.05750327614271611
93.17329332333084,1.1045224650468486,-0.005007231370420668,0.778409090902221,0.7806267806249588,0.9999999999670383,0.057503276142705124
93.19829957489372,1.104388620060284,-0.0056961505347350614,0.7784090909022551,0.7806267806249712,0.9999999999669056,0.05750327614269471
93.22330582645662,1.1042376676612065,-0.006375309366570622,0.7784090909022866,0.7806267806249833,0.9999999999667555,0.057503276142684925
93.24831207801951,1.1040698648083975,-0.007043680158775246,0.7784090909023158,0.780626780624995,0.9999999999665876,0.05750327614267573
93.2733183295824,1.103885493918874,-0.0077002546256403,0.7784090909023423,0.7806267806250067,0.9999999999664023,0.057503276142667155
93.2983245811453,1.1036848623619024,-0.008344045526297661,0.7784090909023664,0.7806267806250181,0.9999999999661995,0.05750327614265921
93.32333083270818,1.103468301918862,-0.0089740882313796,0.778409090902388,0.7806267806250293,0.9999999999659792,0.057503276142651855
93.34833708427107,1.1032361681900558,-0.00958944228799267,0.7784090909024068,0.7806267806250402,0.9999999999657414,0.057503276142645186
93.37334333583397,1.102988839974041,-0.010189192884515074,0.7784090909024232,0.7806267806250509,0.9999999999654863,0.05750327614263914
93.39834958739685,1.1027267186181786,-0.010772452259824681,0.7784090909024368,0.7806267806250612,0.9999999999652138,0.05750327614263378
93.42335583895975,1.1024502273043604,-0.011338361119856664,0.7784090909024478,0.7806267806250713,0.9999999999649241,0.057503276142629026
93.44836209052264,1.1021598103422803,-0.011886089890044707,0.7784090909024562,0.780626780625081,0.9999999999646172,0.057503276142624994
93.47336834208552,1.1018559324014878,-0.012414839993379044,0.7784090909024619,0.7806267806250904,0.9999999999642931,0.0575032761426216
93.49837459364842,1.101539077709412,-0.012923845039587436,0.7784090909024649,0.7806267806250995,0.9999999999639522,0.057503276142618895
93.5233808452113,1.1012097492649993,-0.013412371891662498,0.7784090909024652,0.7806267806251082,0.9999999999635942,0.05750327614261687
93.54838709677419,1.1008684679468612,-0.01387972178788294,0.7784090909024628,0.7806267806251166,0.9999999999632195,0.05750327614261554
93.57339334833709,1.1005157716936833,-0.01432523123295399,0.7784090909024577,0.7806267806251246,0.9999999999628283,0.05750327614261488
93.59839959989998,1.100152214563567,-0.014748272985459629,0.7784090909024498,0.7806267806251322,0.9999999999624207,0.057503276142614926
93.62340585146286,1.0997783658502154,-0.015148256830531252,0.7784090909024391,0.7806267806251396,0.9999999999619968,0.057503276142615696
93.64841210302576,1.09939480913437,-0.015524630381857035,0.7784090909024257,0.7806267806251465,0.999999999961557,0.05750327614261715
93.67341835458865,1.0990021413183395,-0.015876879758649754,0.7784090909024096,0.7806267806251529,0.9999999999611014,0.05750327614261935
93.69842460615155,1.0986009716894258,-0.01620453019458524,0.7784090909023907,0.780626780625159,0.9999999999606304,0.057503276142622205
93.72343085771443,1.0981919208795181,-0.016507146607189733,0.7784090909023692,0.7806267806251647,0.9999999999601443,0.057503276142625785
93.74843710927732,1.0977756199402213,-0.016784334032629262,0.7784090909023448,0.78062678062517,0.9999999999596435,0.05750327614263007
93.77344336084022,1.097352709246356,-0.017035738064829074,0.7784090909023177,0.7806267806251748,0.9999999999591282,0.057503276142635076
93.7984496124031,1.0969238375760224,-0.01726104514078218,0.7784090909022878,0.7806267806251792,0.9999999999585989,0.0575032761426408
93.82345586396599,1.0964896609833392,-0.017459982826258835,0.7784090909022552,0.7806267806251831,0.9999999999580562,0.05750327614264723
93.84846211552889,1.0960508418645816,-0.01763231998035753,0.7784090909022199,0.7806267806251866,0.9999999999575003,0.05750327614265439
93.87346836709177,1.09560804784813,-0.01777786686223494,0.7784090909021819,0.7806267806251896,0.999999999956932,0.05750327614266222
93.89847461865467,1.0951619507893782,-0.017896475207310903,0.7784090909021412,0.7806267806251923,0.9999999999563518,0.05750327614267078
93.92348087021756,1.0947132257779595,-0.017988038135408897,0.7784090909020979,0.7806267806251944,0.9999999999557603,0.057503276142680027
93.94848712178045,1.0942625499544005,-0.01805249015129291,0.778409090902052,0.7806267806251961,0.999999999955158,0.057503276142689935
93.97349337334335,1.0938106017485347,-0.018089806884050246,0.7784090909020035,0.7806267806251973,0.9999999999545459,0.05750327614270055
93.99849962490623,1.093358059488654,-0.018100004942854762,0.7784090909019524,0.780626780625198,0.9999999999539246,0.05750327614271187
94.02350587646912,1.0929056007333169,-0.0180831416173282,0.7784090909018988,0.7806267806251982,0.9999999999532949,0.05750327614272384
94.04851212803202,1.092453901103929,-0.018039314468962207,0.7784090909018428,0.780626780625198,0.9999999999526576,0.057503276142736454
94.0735183795949,1.0920036330751404,-0.01796866102829026,0.7784090909017845,0.7806267806251973,0.9999999999520138,0.057503276142749714
94.09852463115779,1.0915554654797888,-0.017871358294406024,0.7784090909017236,0.7806267806251961,0.9999999999513642,0.05750327614276366
94.12353088272069,1.0911100621066228,-0.01774762214071627,0.7784090909016605,0.7806267806251944,0.9999999999507101,0.05750327614277819
94.14853713428357,1.0906680807272189,-0.017597706874885304,0.7784090909015953,0.7806267806251922,0.9999999999500522,0.057503276142793304
94.17354338584647,1.090230172518159,-0.01742190456565411,0.7784090909015278,0.7806267806251895,0.9999999999493916,0.057503276142809055
94.19854963740936,1.089796980732562,-0.017220544314039774,0.7784090909014583,0.7806267806251863,0.9999999999487297,0.057503276142825376
94.22355588897224,1.08936913998026,-0.016993991643715116,0.7784090909013867,0.7806267806251828,0.9999999999480673,0.05750327614284226
94.24856214053514,1.0889472753357647,-0.016742647678772534,0.7784090909013133,0.7806267806251787,0.999999999947406,0.05750327614285965
94.27356839209803,1.0885320012872866,-0.016466948324740684,0.7784090909012379,0.780626780625174,0.9999999999467466,0.057503276142877605
94.29857464366091,1.0881239211340936,-0.01616736351373936,0.778409090901161,0.780626780625169,0.9999999999460907,0.057503276142895986
94.32358089522381,1.0877236258870424,-0.015844396191133012,0.7784090909010822,0.7806267806251634,0.9999999999454394,0.05750327614291491
94.3485871467867,1.0873316936697228,-0.015498581544053026,0.7784090909010021,0.7806267806251574,0.999999999944794,0.05750327614293424
94.3735933983496,1.0869486887626074,-0.015130485911428255,0.7784090909009205,0.7806267806251509,0.999999999944156,0.05750327614295401
94.39859964991248,1.0865751609522427,-0.014740705921245904,0.7784090909008375,0.780626780625144,0.9999999999435267,0.05750327614297418
94.42360590147537,1.0862116447032062,-0.014329867372218768,0.7784090909007536,0.7806267806251366,0.9999999999429076,0.057503276142994685
94.44861215303827,1.085858658504256,-0.013898624281571355,0.7784090909006685,0.7806267806251288,0.9999999999422997,0.05750327614301555
94.47361840460115,1.0855167041241784,-0.013447657733318418,0.7784090909005825,0.7806267806251205,0.9999999999417047,0.057503276143036665
94.49862465616404,1.0851862659967877,-0.012977674865067393,0.7784090909004958,0.7806267806251118,0.999999999941124,0.057503276143058064
94.52363090772694,1.0848678105340583,-0.01248940766865849,0.7784090909004084,0.7806267806251027,0.9999999999405589,0.05750327614307972
94.54863715928983,1.0845617855715197,-0.011983611940962702,0.7784090909003206,0.7806267806250933,0.9999999999400107,0.05750327614310156
94.57364341085271,1.0842686197309244,-0.011461066033124958,0.7784090909002325,0.7806267806250835,0.9999999999394806,0.05750327614312351
94.59864966241561,1.0839887219295663,-0.01092256977393878,0.7784090909001442,0.7806267806250733,0.9999999999389704,0.057503276143145605
94.6236559139785,1.0837224808002976,-0.010368943182328411,0.7784090909000558,0.7806267806250627,0.999999999938481,0.057503276143167796
94.6486621655414,1.083470264253952,-0.009801025350844731,0.7784090908999677,0.7806267806250519,0.9999999999380137,0.05750327614319004
94.67366841710428,1.0832324189765696,-0.009219673159103686,0.7784090908998799,0.7806267806250405,0.9999999999375698,0.05750327614321226
94.69867466866717,1.083009270024939,-0.008625760081524068,0.7784090908997925,0.780626780625029,0.9999999999371505,0.05750327614323447
94.72368092023007,1.0828011204199737,-0.008020174947203087,0.7784090908997058,0.7806267806250171,0.9999999999367568,0.05750327614325659
94.74868717179295,1.0826082507697559,-0.007403820656380751,0.7784090908996198,0.7806267806250049,0.9999999999363898,0.057503276143278596
94.77369342335584,1.0824309189513088,-0.006777612977967916,0.7784090908995349,0.7806267806249925,0.9999999999360505,0.05750327614330046
94.79869967491874,1.0822693597860051,-0.006142479234531029,0.7784090908994511,0.7806267806249798,0.9999999999357398,0.05750327614332211
94.82370592648162,1.0821237847784213,-0.005499357062458783,0.7784090908993686,0.780626780624967,0.9999999999354585,0.05750327614334346
94.84871217804452,1.0819943818721218,-0.004849193142735525,0.7784090908992877,0.7806267806249539,0.9999999999352075,0.057503276143364576
94.87371842960741,1.0818813152341298,-0.004192941895825875,0.7784090908992083,0.7806267806249407,0.9999999999349873,0.057503276143385344
94.8987246811703,1.0817847250844266,-0.0035315642339486543,0.7784090908991308,0.7806267806249273,0.9999999999347987,0.057503276143405745
94.92373093273319,1.0817047275459928,-0.002866026271217378,0.7784090908990553,0.7806267806249138,0.9999999999346421,0.057503276143425715
94.94873718429608,1.0816414145300326,-0.0021972980317797753,0.7784090908989819,0.7806267806249001,0.9999999999345177,0.057503276143445234
94.97374343585896,1.0815948536563673,-0.0015263521855983658,0.7784090908989109,0.7806267806248863,0.9999999999344262,0.057503276143464274
94.99874968742186,1.081565088202312,-0.0008541627678983647,0.7784090908988421,0.7806267806248726,0.9999999999343676,0.057503276143482766
95.02375593898475,1.0815521370840724,-0.00018170389873325366,0.7784090908987761,0.7806267806248587,0.9999999999343421,0.05750327614350072
95.04876219054763,1.0815559948710844,0.0004900514877326056,0.7784090908987127,0.7806267806248448,0.9999999999343497,0.05750327614351806
95.07376844211053,1.0815766318314304,0.0011601329085396657,0.7784090908986522,0.7806267806248309,0.9999999999343904,0.05750327614353473
95.09877469367342,1.0816139940088338,0.001827573596051324,0.7784090908985946,0.780626780624817,0.9999999999344639,0.057503276143550774
95.12378094523632,1.0816680033314001,0.002491411755929028,0.7784090908985402,0.7806267806248033,0.9999999999345699,0.05750327614356607
95.1487871967992,1.0817385577515288,0.00315069181611201,0.7784090908984889,0.7806267806247896,0.9999999999347083,0.057503276143580646
95.17379344836209,1.0818255314168064,0.0038044656694835206,0.7784090908984409,0.7806267806247761,0.9999999999348785,0.057503276143594434
95.19879969992499,1.081928774872993,0.00445179391387412,0.7784090908983963,0.7806267806247627,0.9999999999350798,0.05750327614360744
95.22380595148788,1.0820481152966184,0.005091747072554257,0.7784090908983552,0.7806267806247494,0.9999999999353119,0.057503276143619615
95.24881220305076,1.082183356757263,0.005723406804409449,0.7784090908983177,0.7806267806247363,0.9999999999355738,0.05750327614363098
95.27381845461366,1.0823342805122862,0.006345867117615813,0.7784090908982838,0.7806267806247235,0.9999999999358649,0.05750327614364145
95.29882470617655,1.0825006453325299,0.006958235565183798,0.7784090908982535,0.7806267806247108,0.9999999999361842,0.0575032761436511
95.32383095773945,1.0826821878503583,0.007559634403224378,0.7784090908982271,0.7806267806246985,0.9999999999365308,0.057503276143659784
95.34883720930233,1.0828786229463616,0.008149201777971727,0.7784090908982044,0.7806267806246863,0.9999999999369036,0.057503276143667605
95.37384346086522,1.0830896441633246,0.008726092875780042,0.7784090908981856,0.7806267806246745,0.9999999999373018,0.057503276143674474
95.39884971242812,1.0833149241359146,0.00928948102933433,0.7784090908981706,0.780626780624663,0.9999999999377241,0.05750327614368042
95.423855963991,1.0835541150737913,0.009838558879392587,0.7784090908981595,0.7806267806246517,0.9999999999381695,0.057503276143685424
95.44886221555389,1.0838068492461679,0.01037253943579924,0.7784090908981521,0.780626780624641,0.9999999999386364,0.05750327614368948
95.47386846711679,1.0840727395046783,0.010890657166184873,0.7784090908981487,0.7806267806246305,0.999999999939124,0.0575032761436926
95.49887471867967,1.0843513798496645,0.011392169083460644,0.7784090908981491,0.7806267806246205,0.9999999999396307,0.05750327614369472
95.52388097024256,1.084642345976378,0.011876355722977579,0.7784090908981534,0.7806267806246108,0.9999999999401554,0.05750327614369597
95.54888722180546,1.0849451959148526,0.012342522232461977,0.7784090908981613,0.7806267806246016,0.9999999999406967,0.05750327614369623
95.57389347336834,1.0852594706179,0.012789999284197539,0.7784090908981731,0.7806267806245929,0.9999999999412532,0.05750327614369551
95.59889972493124,1.0855846946436623,0.013218144100624343,0.7784090908981885,0.7806267806245846,0.9999999999418235,0.05750327614369393
95.62390597649413,1.0859203768139756,0.013626341352855434,0.7784090908982076,0.7806267806245767,0.9999999999424065,0.0575032761436914
95.64891222805701,1.0862660109107791,0.01401400407644308,0.7784090908982303,0.7806267806245694,0.9999999999430006,0.057503276143687956
95.67391847961991,1.086621076417655,0.014380574566809913,0.7784090908982564,0.7806267806245625,0.9999999999436044,0.05750327614368364
95.6989247311828,1.0869850392218785,0.014725525182272848,0.7784090908982859,0.7806267806245561,0.999999999944217,0.05750327614367843
95.72393098274569,1.087357352433892,0.015048359215877577,0.7784090908983188,0.7806267806245504,0.9999999999448366,0.05750327614367235
95.74893723430858,1.087737457098012,0.015348611598928027,0.7784090908983549,0.780626780624545,0.9999999999454621,0.05750327614366543
95.77394348587147,1.0881247830783838,0.01562584972287553,0.778409090898394,0.7806267806245402,0.999999999946092,0.057503276143657744
95.79894973743437,1.0885187497841076,0.0158796740566339,0.7784090908984364,0.7806267806245359,0.9999999999467255,0.05750327614364918
95.82395598899726,1.0889187671058984,0.016109718892292277,0.7784090908984815,0.7806267806245323,0.999999999947361,0.05750327614363987
95.84896224056014,1.0893242361699376,0.01631565289216398,0.7784090908985296,0.7806267806245291,0.9999999999479974,0.05750327614362981
95.87396849212304,1.0897345502911826,0.016497179724347666,0.7784090908985803,0.7806267806245265,0.9999999999486335,0.057503276143619
95.89897474368593,1.0901490958015587,0.01665403856858247,0.7784090908986336,0.7806267806245244,0.9999999999492684,0.05750327614360751
95.92398099524881,1.0905672529388408,0.016786004591961893,0.7784090908986894,0.7806267806245228,0.9999999999499009,0.05750327614359533
95.94898724681171,1.0909883968489396,0.016892889452886854,0.7784090908987474,0.780626780624522,0.9999999999505298,0.057503276143582485
95.9739934983746,1.091411898291594,0.016974541577755013,0.7784090908988077,0.7806267806245215,0.9999999999511544,0.05750327614356908
95.99899974993748,1.091837124879064,0.01703084665033145,0.77840909089887,0.7806267806245216,0.9999999999517735,0.05750327614355506
96.02400600150038,1.0922634416609651,0.017061727759857086,0.7784090908989343,0.7806267806245224,0.9999999999523864,0.057503276143540456
96.04901225306327,1.0926902123061664,0.01706714571478859,0.7784090908990003,0.7806267806245236,0.999999999952992,0.05750327614352536
96.07401850462617,1.093116800117431,0.017047099254937314,0.7784090908990682,0.7806267806245253,0.9999999999535899,0.05750327614350975
96.09902475618905,1.0935425685069482,0.017001625055527818,0.7784090908991375,0.7806267806245276,0.9999999999541789,0.057503276143493695
96.12403100775194,1.09396688253127,0.016930797901117855,0.7784090908992082,0.7806267806245304,0.9999999999547584,0.057503276143477194
96.14903725931484,1.0943891096613252,0.016834730705819905,0.7784090908992802,0.7806267806245337,0.999999999955328,0.05750327614346029
96.17404351087772,1.094808620423371,0.016713574375745156,0.7784090908993534,0.7806267806245375,0.9999999999558866,0.057503276143443034
96.19904976244061,1.0952247897688239,0.016567517752680377,0.7784090908994276,0.7806267806245417,0.999999999956434,0.05750327614342544
96.22405601400351,1.0956369977938278,0.016396787451328224,0.7784090908995026,0.7806267806245465,0.9999999999569694,0.057503276143407514
96.2490622655664,1.0960446306706761,0.0162016476182722,0.7784090908995784,0.7806267806245517,0.9999999999574924,0.05750327614338933
96.27406851712928,1.0964470817778273,0.015982399615249946,0.778409090899655,0.7806267806245574,0.9999999999580025,0.05750327614337089
96.29907476869218,1.0968437523415255,0.015739381722744097,0.778409090899732,0.7806267806245635,0.9999999999584994,0.057503276143352225
96.32408102025506,1.097234052629329,0.015472968639211222,0.7784090908998094,0.78062678062457,0.9999999999589825,0.05750327614333341
96.34908727181796,1.0976174026401702,0.015183571087698453,0.7784090908998871,0.780626780624577,0.9999999999594515,0.0575032761433144
96.37409352338085,1.0979932331454938,0.01487163519391476,0.7784090908999649,0.7806267806245843,0.9999999999599061,0.0575032761432953
96.39909977494374,1.0983609864747355,0.014537641942609404,0.7784090909000427,0.780626780624592,0.9999999999603459,0.0575032761432761
96.42410602650664,1.0987201174340642,0.014182106460519234,0.7784090909001206,0.7806267806246001,0.9999999999607709,0.057503276143256815
96.44911227806952,1.0990700941173905,0.01380557732391693,0.7784090909001983,0.7806267806246086,0.9999999999611806,0.05750327614323749
96.4741185296324,1.0994103987574793,0.013408635733222828,0.7784090909002755,0.7806267806246173,0.999999999961575,0.05750327614321818
96.4991247811953,1.0997405285073187,0.01299189469621946,0.7784090909003526,0.7806267806246263,0.9999999999619535,0.057503276143198875
96.52413103275819,1.1000599962533908,0.012555998074425695,0.7784090909004291,0.7806267806246358,0.9999999999623166,0.05750327614317959
96.54913728432109,1.1003683313376358,0.012101619666611212,0.7784090909005049,0.7806267806246455,0.9999999999626634,0.05750327614316039
96.57414353588398,1.100665080340063,0.011629462116185943,0.7784090909005801,0.7806267806246554,0.9999999999629945,0.05750327614314129
96.59914978744686,1.1009498077323412,0.011140255907383422,0.7784090909006546,0.7806267806246656,0.9999999999633091,0.05750327614312231
96.62415603900976,1.101222096618197,0.010634758143252524,0.7784090909007282,0.780626780624676,0.9999999999636077,0.057503276143103445
96.64916229057265,1.1014815493274102,0.010113751444691458,0.7784090909008009,0.7806267806246867,0.9999999999638898,0.05750327614308473
96.67416854213553,1.1017277880874972,0.009578042636347536,0.7784090909008725,0.7806267806246976,0.9999999999641556,0.057503276143066245
96.69917479369843,1.101960455578361,0.009028461514624253,0.778409090900943,0.7806267806247087,0.9999999999644049,0.057503276143047934
96.72418104526132,1.1021792155056773,0.008465859498288623,0.7784090909010124,0.7806267806247199,0.9999999999646377,0.057503276143029844
96.7491872968242,1.1023837531284721,0.007891108233522081,0.7784090909010806,0.7806267806247313,0.9999999999648541,0.057503276143012004
96.7741935483871,1.102573775729819,0.0073050982279736,0.7784090909011474,0.7806267806247428,0.9999999999650538,0.057503276142994435
96.79919979994999,1.1027490130917859,0.006708737342623938,0.7784090909012128,0.7806267806247544,0.9999999999652371,0.057503276142977136
96.82420605151289,1.1029092178948647,0.0061029493428843935,0.7784090909012769,0.7806267806247662,0.9999999999654038,0.057503276142960136
96.84921230307577,1.1030541661016844,0.005488672374160277,0.7784090909013394,0.780626780624778,0.9999999999655539,0.057503276142943455
96.87421855463866,1.1031836573026839,0.004866857385669931,0.7784090909014003,0.7806267806247899,0.9999999999656874,0.057503276142927134
96.89922480620156,1.1032975150075972,0.004238466591783888,0.7784090909014596,0.7806267806248017,0.9999999999658045,0.05750327614291116
96.92423105776444,1.1033955869125815,0.0036044718593767357,0.7784090909015172,0.7806267806248137,0.9999999999659048,0.05750327614289553
96.94923730932733,1.1034777451220559,0.002965853079236274,0.7784090909015731,0.7806267806248257,0.9999999999659888,0.05750327614288031
96.97424356089023,1.1035438863256573,0.0023235965546145997,0.7784090909016272,0.7806267806248377,0.9999999999660563,0.05750327614286547
96.99924981245312,1.1035939319399177,0.001678693349356062,0.7784090909016795,0.7806267806248497,0.9999999999661071,0.05750327614285106
97.02425606401601,1.103627828206979,0.0010321376286849537,0.77840909090173,0.7806267806248617,0.9999999999661416,0.057503276142837054
97.0492623155789,1.1036455462506498,0.00038492500320496845,0.7784090909017786,0.7806267806248736,0.9999999999661596,0.05750327614282349
97.07426856714179,1.1036470820918935,-0.00026194912720513036,0.7784090909018252,0.7806267806248854,0.9999999999661612,0.05750327614281037
97.09927481870469,1.1036324566229994,-0.0009074912365906082,0.7784090909018698,0.7806267806248972,0.9999999999661463,0.057503276142797724
97.12428107026757,1.1036017155399618,-0.0015507113267793438,0.7784090909019123,0.7806267806249089,0.9999999999661151,0.05750327614278557
97.14928732183046,1.1035549292336546,-0.0021906245704280732,0.7784090909019529,0.7806267806249205,0.9999999999660675,0.05750327614277384
97.17429357339336,1.103492192640241,-0.0028262529439428592,0.7784090909019913,0.7806267806249321,0.9999999999660036,0.05750327614276266
97.19929982495624,1.1034136250505242,-0.0034566268464387177,0.7784090909020276,0.7806267806249435,0.9999999999659234,0.05750327614275196
97.22430607651913,1.1033193698791761,-0.004080786697077417,0.7784090909020617,0.7806267806249546,0.9999999999658269,0.0575032761427418
97.24931232808203,1.103209594394893,-0.0046977845056987416,0.7784090909020935,0.7806267806249657,0.9999999999657141,0.057503276142732165
97.27431857964491,1.103084489411808,-0.005306685422060939,0.7784090909021233,0.7806267806249766,0.9999999999655852,0.057503276142723075
97.29932483120781,1.102944268939492,-0.005906569266781369,0.7784090909021507,0.7806267806249874,0.9999999999654401,0.0575032761427145
97.3243310827707,1.1027891697987462,-0.006496532009440068,0.7784090909021759,0.7806267806249978,0.9999999999652789,0.057503276142706505
97.34933733433358,1.1026194512021834,-0.007075687214134205,0.7784090909021987,0.7806267806250081,0.9999999999651017,0.0575032761426991
97.37434358589648,1.1024353942915661,-0.007643167474929892,0.7784090909022192,0.7806267806250183,0.9999999999649085,0.0575032761426922
97.39934983745937,1.1022373016458638,-0.008198125778896947,0.7784090909022374,0.7806267806250282,0.9999999999646993,0.0575032761426859
97.42435608902225,1.1020254967615308,-0.008739736821493281,0.7784090909022533,0.7806267806250379,0.9999999999644743,0.05750327614268018
97.44936234058515,1.1018003234804232,-0.009267198328741458,0.7784090909022667,0.7806267806250472,0.9999999999642335,0.05750327614267507
97.47436859214804,1.1015621454090379,-0.009779732258992238,0.7784090909022777,0.7806267806250563,0.999999999963977,0.057503276142670576
97.49937484371094,1.1013113452990175,-0.01027658599729491,0.7784090909022864,0.7806267806250652,0.999999999963705,0.05750327614266662
97.52438109527382,1.10104832437971,-0.010757033519148375,0.7784090909022927,0.7806267806250737,0.9999999999634175,0.0575032761426633
97.54938734683671,1.1007735017079627,-0.01122037641443362,0.7784090909022965,0.7806267806250821,0.9999999999631146,0.05750327614266059
97.57439359839961,1.1004873134346906,-0.011665944974479312,0.7784090909022978,0.78062678062509,0.9999999999627965,0.057503276142658495
97.5993998499625,1.1001902120966003,-0.01209309910890181,0.7784090909022967,0.7806267806250976,0.9999999999624635,0.05750327614265707
97.62440610152538,1.0998826658598855,-0.012501229276628131,0.7784090909022932,0.780626780625105,0.9999999999621155,0.0575032761426562
97.64941235308828,1.09956515772715,-0.012889757345024472,0.778409090902287,0.7806267806251119,0.9999999999617529,0.05750327614265602
97.67441860465117,1.0992381847824717,-0.01325813733549986,0.7784090909022785,0.7806267806251187,0.9999999999613759,0.05750327614265643
97.69942485621405,1.0989022573193674,-0.013605856214746744,0.7784090909022675,0.780626780625125,0.9999999999609848,0.057503276142657475
97.72443110777695,1.0985578980813846,-0.013932434476078658,0.778409090902254,0.780626780625131,0.9999999999605795,0.05750327614265916
97.74943735933984,1.098205641332729,-0.014237426831666379,0.778409090902238,0.7806267806251367,0.9999999999601608,0.057503276142661486
97.77444361090274,1.0978460320874703,-0.014520422652169782,0.7784090909022195,0.7806267806251419,0.9999999999597287,0.05750327614266447
97.79944986246562,1.0974796251372607,-0.01478104654089527,0.7784090909021986,0.7806267806251468,0.9999999999592835,0.05750327614266807
97.82445611402851,1.097106984273276,-0.015018958641819827,0.7784090909021751,0.7806267806251512,0.9999999999588258,0.05750327614267234
97.8494623655914,1.096728681273979,-0.015233855090378298,0.7784090909021493,0.7806267806251554,0.9999999999583559,0.05750327614267721
97.87446861715429,1.0963452951343602,-0.01542546819227111,0.778409090902121,0.7806267806251591,0.9999999999578741,0.05750327614268276
97.89947486871718,1.0959574110080428,-0.015593566750810226,0.7784090909020901,0.7806267806251624,0.999999999957381,0.05750327614268891
97.92448112028008,1.095565619463882,-0.015737956122406183,0.778409090902057,0.7806267806251653,0.9999999999568772,0.05750327614269571
97.94948737184296,1.0951705153776754,-0.0158584784111683,0.7784090909020214,0.7806267806251678,0.9999999999563629,0.05750327614270316
97.97449362340586,1.0947726972207994,-0.015955012427371896,0.7784090909019835,0.7806267806251699,0.9999999999558391,0.057503276142711175
97.99949987496875,1.094372765939533,-0.016027473714619413,0.7784090909019433,0.7806267806251717,0.999999999955306,0.057503276142719814
98.02450612653163,1.0939713241912408,-0.01607581446387366,0.7784090909019008,0.7806267806251729,0.9999999999547645,0.05750327614272906
98.04951237809453,1.09356897538914,-0.01610002333224509,0.778409090901856,0.7806267806251737,0.9999999999542152,0.057503276142738965
98.07451862965742,1.0931663226492703,-0.016100125329922357,0.778409090901809,0.7806267806251741,0.9999999999536588,0.0575032761427494
98.0995248812203,1.0927639682402532,-0.0160761814960295,0.7784090909017597,0.7806267806251741,0.999999999953096,0.05750327614276046
98.1245311327832,1.0923625122507723,-0.016028288609186238,0.7784090909017084,0.7806267806251735,0.9999999999525278,0.05750327614277211
98.14953738434609,1.0919625518987224,-0.01595657889762396,0.778409090901655,0.7806267806251727,0.9999999999519547,0.05750327614278429
98.17454363590898,1.0915646809149517,-0.015861219573042238,0.7784090909015995,0.7806267806251713,0.9999999999513778,0.05750327614279706
98.19954988747187,1.0911694881240568,-0.01574241234424854,0.7784090909015421,0.7806267806251695,0.9999999999507978,0.05750327614281031
98.22455613903476,1.0907775569630525,-0.015600393035082124,0.7784090909014827,0.7806267806251674,0.9999999999502159,0.057503276142824127
98.24956239059766,1.0903894646661605,-0.015435430941405948,0.7784090909014215,0.7806267806251648,0.999999999949633,0.05750327614283845
98.27456864216055,1.0900057811562236,-0.01524782824341667,0.7784090909013586,0.7806267806251618,0.9999999999490499,0.05750327614285326
98.29957489372343,1.0896270685401879,-0.015037919459790364,0.7784090909012938,0.7806267806251582,0.9999999999484677,0.057503276142868556
98.32458114528633,1.0892538800645037,-0.014806070656236838,0.7784090909012276,0.7806267806251543,0.9999999999478875,0.057503276142884314
98.34958739684922,1.0888867594614813,-0.014552678838318438,0.7784090909011598,0.78062678062515,0.9999999999473104,0.05750327614290048
98.3745936484121,1.0885262401910307,-0.014278171157399424,0.7784090909010907,0.7806267806251451,0.9999999999467374,0.0575032761429171
98.399599899975,1.088172844595787,-0.013983004113220739,0.7784090909010202,0.78062678062514,0.9999999999461697,0.05750327614293409
98.42460615153789,1.0878270833230266,-0.013667662803866743,0.7784090909009483,0.7806267806251344,0.9999999999456084,0.05750327614295145
98.44961240310079,1.0874894544635678,-0.013332659986545672,0.7784090909008754,0.7806267806251284,0.9999999999450547,0.057503276142969205
98.47461865466367,1.0871604430197375,-0.012978535307125987,0.7784090909008015,0.780626780625122,0.9999999999445097,0.057503276142987184
98.49962490622656,1.0868405201096003,-0.012605854287209478,0.7784090909007266,0.7806267806251153,0.9999999999439746,0.05750327614300549
98.52463115778946,1.086530142451764,-0.012215207502694198,0.7784090909006509,0.780626780625108,0.9999999999434505,0.0575032761430241
98.54963740935234,1.0862297516436703,-0.01180720952264871,0.7784090909005745,0.7806267806251005,0.9999999999429385,0.05750327614304295
98.57464366091523,1.0859397736688905,-0.011382498033128671,0.7784090909004977,0.7806267806250927,0.99999999994244,0.05750327614306192
98.59964991247813,1.0856606182478075,-0.010941732741967159,0.7784090909004204,0.7806267806250844,0.999999999941956,0.05750327614308113
98.62465616404101,1.0853926783713517,-0.010485594445813973,0.7784090909003428,0.7806267806250758,0.9999999999414875,0.057503276143100454
98.6496624156039,1.0851363297288967,-0.010014783920619481,0.7784090909002651,0.7806267806250669,0.9999999999410357,0.05750327614311992
98.6746686671668,1.0848919302630222,-0.009530020916931621,0.7784090909001873,0.7806267806250576,0.9999999999406018,0.05750327614313945
98.69967491872968,1.0846598196853705,-0.009032043066959388,0.7784090909001096,0.7806267806250481,0.9999999999401867,0.05750327614315903
98.72468117029258,1.084440319047795,-0.00852160479205615,0.7784090909000322,0.7806267806250382,0.9999999999397916,0.0575032761431786
98.74968742185547,1.084233730347194,-0.007999476241562602,0.7784090908999551,0.7806267806250281,0.9999999999394173,0.05750327614319816
98.77469367341835,1.084040336124171,-0.007466442127613451,0.7784090908998786,0.7806267806250177,0.9999999999390647,0.05750327614321767
98.79969992498125,1.0838603991388986,-0.006923300668789187,0.7784090908998028,0.780626780625007,0.999999999938735,0.05750327614323708
98.82470617654414,1.0836941620248544,-0.006370862410132179,0.7784090908997278,0.7806267806249961,0.9999999999384286,0.05750327614325636
98.84971242810703,1.0835418470080407,-0.0058099491133962846,0.7784090908996537,0.780626780624985,0.9999999999381466,0.05750327614327543
98.87471867966993,1.0834036556388535,-0.005241392620281002,0.7784090908995808,0.7806267806249737,0.9999999999378897,0.05750327614329436
98.89972493123281,1.0832797685473663,-0.004666033672306309,0.7784090908995092,0.7806267806249623,0.9999999999376584,0.05750327614331299
98.9247311827957,1.083170345245123,-0.0040847207955127165,0.7784090908994389,0.7806267806249506,0.9999999999374535,0.05750327614333137
98.9497374343586,1.0830755239384144,-0.0034983091246922958,0.77840909089937,0.7806267806249388,0.9999999999372753,0.05750327614334946
98.97474368592148,1.0829954213779542,-0.002907659236684194,0.7784090908993029,0.780626780624927,0.9999999999371243,0.057503276143367185
98.99974993748438,1.0829301327406093,-0.0023136360116088987,0.7784090908992377,0.780626780624915,0.9999999999370011,0.057503276143384505
99.02475618904727,1.0828797315333987,-0.0017171074593119217,0.7784090908991743,0.7806267806249029,0.9999999999369058,0.057503276143401436
99.04976244061015,1.082844269530266,-0.0011189435544168517,0.778409090899113,0.7806267806248908,0.9999999999368385,0.0575032761434179
99.07476869217305,1.0828237767382658,-0.0005200150870711553,0.778409090899054,0.7806267806248786,0.9999999999367998,0.05750327614343389
99.09977494373594,1.0828182613911317,7.880749687820055e-05,0.7784090908989971,0.7806267806248663,0.9999999999367892,0.05750327614344938
99.12478119529882,1.0828277099721855,0.0006766552521949858,0.7784090908989427,0.7806267806248541,0.9999999999368072,0.05750327614346433
99.14978744686172,1.082852087266507,0.001272661883393321,0.778409090898891,0.7806267806248419,0.9999999999368534,0.05750327614347868
99.17479369842461,1.0828913364413788,0.001865964887611922,0.7784090908988417,0.7806267806248298,0.9999999999369278,0.057503276143492446
99.19979994998751,1.0829453791555537,0.002455706697213465,0.7784090908987952,0.7806267806248177,0.9999999999370299,0.0575032761435056
99.2248062015504,1.0830141156967128,0.003041035809802522,0.7784090908987514,0.7806267806248057,0.9999999999371596,0.05750327614351808
99.24981245311328,1.0830974251471084,0.0036211079124052674,0.7784090908987107,0.7806267806247938,0.9999999999373165,0.0575032761435299
99.27481870467618,1.083195165577005,0.004195086998900006,0.7784090908986728,0.780626780624782,0.9999999999375,0.05750327614354104
99.29982495623906,1.0833071742679543,0.0047621464850093375,0.7784090908986381,0.7806267806247704,0.9999999999377096,0.05750327614355146
99.32483120780195,1.0834332679602414,0.0053214702934278905,0.7784090908986064,0.7806267806247589,0.9999999999379449,0.05750327614356114
99.34983745936485,1.0835732431284106,0.005872253940473928,0.7784090908985779,0.7806267806247477,0.9999999999382049,0.05750327614357002
99.37484371092773,1.0837268762888823,0.006413705626762387,0.7784090908985527,0.7806267806247366,0.999999999938489,0.05750327614357817
99.39984996249062,1.0838939243266048,0.0069450472793276975,0.7784090908985307,0.7806267806247257,0.9999999999387965,0.05750327614358555
99.42485621405352,1.0840741248493468,0.007465515597518369,0.7784090908985121,0.7806267806247151,0.9999999999391265,0.05750327614359209
99.4498624656164,1.0842671965796442,0.007974363112196918,0.7784090908984966,0.7806267806247048,0.9999999999394781,0.05750327614359786
99.4748687171793,1.0844728397511887,0.008470859162850468,0.7784090908984846,0.7806267806246947,0.9999999999398503,0.057503276143602816
99.49987496874219,1.0846907365479024,0.008954290920568684,0.778409090898476,0.780626780624685,0.9999999999402422,0.057503276143606924
99.52488122030508,1.084920551568065,0.00942396437501884,0.7784090908984707,0.7806267806246756,0.9999999999406528,0.05750327614361021
99.54988747186798,1.0851619322883572,0.00987920525730754,0.7784090908984687,0.7806267806246666,0.999999999941081,0.0575032761436127
99.57489372343086,1.0854145095967818,0.010319360039147902,0.77840909089847,0.7806267806246578,0.9999999999415258,0.057503276143614356
99.59989997499375,1.0856778982933857,0.010743796788510717,0.7784090908984745,0.7806267806246495,0.999999999941986,0.057503276143615195
99.62490622655665,1.0859516976642931,0.01115190611580308,0.7784090908984824,0.7806267806246415,0.9999999999424606,0.05750327614361522
99.64991247811953,1.0862354920475656,0.011543102020796912,0.7784090908984936,0.780626780624634,0.9999999999429483,0.057503276143614404
99.67491872968243,1.0865288514197329,0.011916822734350583,0.778409090898508,0.7806267806246269,0.9999999999434482,0.057503276143612746
99.69992498124532,1.086831332039706,0.012272531571657084,0.7784090908985254,0.7806267806246201,0.999999999943959,0.05750327614361037
99.7249312328082,1.087142477040916,0.012609717667199259,0.7784090908985459,0.7806267806246138,0.9999999999444797,0.057503276143607174
99.7499374843711,1.0874618171468962,0.012927896812826582,0.7784090908985696,0.780626780624608,0.9999999999450091,0.05750327614360317
99.77494373593399,1.08778887127348,0.013226612101885343,0.7784090908985961,0.7806267806246026,0.999999999945546,0.057503276143598424
99.79994998749687,1.088123147305907,0.013505434727155277,0.7784090908986255,0.7806267806245974,0.9999999999460893,0.05750327614359298
99.82495623905977,1.0884641427129242,0.013763964544329026,0.7784090908986578,0.780626780624593,0.999999999946638,0.057503276143586704
99.84996249062266,1.0888113453800123,0.014001830813309128,0.7784090908986928,0.780626780624589,0.999999999947191,0.05750327614357976
99.87496874218554,1.0891642342318015,0.014218692683624667,0.7784090908987304,0.7806267806245853,0.9999999999477471,0.057503276143572146
99.89997499374844,1.0895222801188316,0.014414239866683795,0.7784090908987705,0.7806267806245822,0.9999999999483054,0.05750327614356382
99.92498124531133,1.0898849464461453,0.01458819304681555,0.7784090908988133,0.7806267806245796,0.9999999999488648,0.05750327614355483
99.94998749687423,1.0902516901001191,0.014740304464283437,0.7784090908988582,0.7806267806245774,0.9999999999494243,0.05750327614354522
99.97499374843711,1.0906219621064646,0.014870358271565477,0.7784090908989054,0.7806267806245757,0.999999999949983,0.057503276143535016
100.0,1.0909952085311485,0.01497817098194119,0.7784090908989548,0.7806267806245746,0.99999999995054,0.05750327614352416
